"gosterge","tarih","gercek","tahmin","naif"
"ENFLASYON",2011-03-01,3.98603769950885,4.35501635659032,4.15652072832073
"ENFLASYON",2011-04-01,4.26460710385619,4.31675915866701,3.98603769950885
"ENFLASYON",2011-05-01,7.17254550306661,4.66619129171461,4.26460710385619
"ENFLASYON",2011-06-01,6.23587887069357,8.18842886071269,7.17254550306661
"ENFLASYON",2011-07-01,6.31136835471506,6.26155642252125,6.23587887069357
"ENFLASYON",2011-08-01,6.65347655743629,6.50190340700477,6.31136835471506
"ENFLASYON",2011-09-01,6.1540180056397,6.86629899704732,6.65347655743629
"ENFLASYON",2011-10-01,7.65560731796715,6.22348198099309,6.1540180056397
"ENFLASYON",2011-11-01,9.48464910682856,8.02318722752138,7.65560731796715
"ENFLASYON",2011-12-01,10.4481715694458,9.79558638657345,9.48464910682856
"ENFLASYON",2012-01-01,10.6133624819966,10.4293721882189,10.4481715694458
"ENFLASYON",2012-02-01,10.4333169969798,10.3307077343259,10.6133624819966
"ENFLASYON",2012-03-01,10.4277205067781,10.0644448015423,10.4333169969798
"ENFLASYON",2012-04-01,11.1379495281092,10.0940258405116,10.4277205067781
"ENFLASYON",2012-05-01,8.28048843711233,10.9547484536312,11.1379495281092
"ENFLASYON",2012-06-01,8.86856666960805,7.49587342963872,8.28048843711233
"ENFLASYON",2012-07-01,9.06518594626433,8.88374356541497,8.86856666960805
"ENFLASYON",2012-08-01,8.88323518759169,9.00795915230222,9.06518594626433
"ENFLASYON",2012-09-01,9.18512277282346,8.76822903439995,8.88323518759169
"ENFLASYON",2012-10-01,7.79888957109978,9.13852826821711,9.18512277282346
"ENFLASYON",2012-11-01,6.36955437458409,7.5813281457892,7.79888957109978
"ENFLASYON",2012-12-01,6.16380383792836,6.27673137169773,6.36955437458409
"ENFLASYON",2013-01-01,7.30765431913378,6.36118835566501,6.16380383792836
"ENFLASYON",2013-02-01,7.02540385817467,7.67120892023828,7.30765431913378
"ENFLASYON",2013-03-01,7.29064531040986,7.08717999458251,7.02540385817467
"ENFLASYON",2013-04-01,6.13378419276256,7.43405034318467,7.29064531040986
"ENFLASYON",2013-05-01,6.51468948791205,6.11362351444665,6.13378419276256
"ENFLASYON",2013-06-01,8.29751899964646,6.74479675001967,6.51468948791205
"ENFLASYON",2013-07-01,8.88442907161222,8.57487706531674,8.29751899964646
"ENFLASYON",2013-08-01,8.16823252265713,8.79206871447055,8.88442907161222
"ENFLASYON",2013-09-01,7.88243798342598,7.90478351674258,8.16823252265713
"ENFLASYON",2013-10-01,7.71193643683716,7.759392331808,7.88243798342598
"ENFLASYON",2013-11-01,7.31569541447492,7.61441085375515,7.71193643683716
"ENFLASYON",2013-12-01,7.40045963422677,7.24734379569522,7.31569541447492
"ENFLASYON",2014-01-01,7.75122264808246,7.43354435203337,7.40045963422677
"ENFLASYON",2014-02-01,7.88904725377106,7.78041792015184,7.75122264808246
"ENFLASYON",2014-03-01,8.38550467206558,7.85764618221128,7.88904725377106
"ENFLASYON",2014-04-01,9.38339009939913,8.34724930709015,8.38550467206558
"ENFLASYON",2014-05-01,9.65601852330122,9.34081184696183,9.38339009939913
"ENFLASYON",2014-06-01,9.16347229560077,9.37568828790591,9.65601852330122
"ENFLASYON",2014-07-01,9.31936704559058,8.77749254903082,9.16347229560077
"ENFLASYON",2014-08-01,9.53602458701512,9.08366168402381,9.31936704559058
"ENFLASYON",2014-09-01,8.85623685793084,9.283227890628,9.53602458701512
"ENFLASYON",2014-10-01,8.96288502821438,8.49732763204958,8.85623685793084
"ENFLASYON",2014-11-01,9.15072817149125,8.79900391988025,8.96288502821438
"ENFLASYON",2014-12-01,8.16994884800513,8.97249777684948,9.15072817149125
"ENFLASYON",2015-01-01,7.24072962027793,7.89911982784569,8.16994884800513
"ENFLASYON",2015-02-01,7.54668716770848,7.17094360640761,7.24072962027793
"ENFLASYON",2015-03-01,7.61025379556795,7.66988907210761,7.54668716770848
"ENFLASYON",2015-04-01,7.91280119698634,7.68119537375538,7.61025379556795
"ENFLASYON",2015-05-01,8.09298857170999,7.96207559072082,7.91280119698634
"ENFLASYON",2015-06-01,7.20452760782493,8.09181933328967,8.09298857170999
"ENFLASYON",2015-07-01,6.8141628823216,7.146028953714,7.20452760782493
"ENFLASYON",2015-08-01,7.14050941326179,6.9461978724807,6.8141628823216
"ENFLASYON",2015-09-01,7.94699273834041,7.35271289791061,7.14050941326179
"ENFLASYON",2015-10-01,7.58143091301964,8.08967029449766,7.94699273834041
"ENFLASYON",2015-11-01,8.10224254208951,7.54364180143733,7.58143091301964
"ENFLASYON",2015-12-01,8.8083320368108,8.16696170240384,8.10224254208951
"ENFLASYON",2016-01-01,9.57875828291608,8.78198294592366,8.8083320368108
"ENFLASYON",2016-02-01,8.7773548802528,9.42294535689062,9.57875828291608
"ENFLASYON",2016-03-01,7.45993815109076,8.54843072728345,8.7773548802528
"ENFLASYON",2016-04-01,6.56540346596406,7.48048535062112,7.45993815109076
"ENFLASYON",2016-05-01,6.58232703529236,6.91780102669653,6.56540346596406
"ENFLASYON",2016-06-01,7.63747067898921,6.93303276636382,6.58232703529236
"ENFLASYON",2016-07-01,8.79340879838195,8.11769521657112,7.63747067898921
"ENFLASYON",2016-08-01,8.04509550075667,8.98899770616585,8.79340879838195
"ENFLASYON",2016-09-01,7.28212531577028,7.88356519863587,8.04509550075667
"ENFLASYON",2016-10-01,7.15943109761976,7.36487074070487,7.28212531577028
"ENFLASYON",2016-11-01,7.00052047063162,7.44329757612519,7.15943109761976
"ENFLASYON",2016-12-01,8.53305629075238,7.27009804355373,7.00052047063162
"ENFLASYON",2017-01-01,9.2187727077582,8.75254623417958,8.53305629075238
"ENFLASYON",2017-02-01,10.1282892284759,9.01126607471041,9.2187727077582
"ENFLASYON",2017-03-01,11.2917927888865,9.6817331879145,10.1282892284759
"ENFLASYON",2017-04-01,11.869618623097,10.5987363319972,11.2917927888865
"ENFLASYON",2017-05-01,11.7221783194647,10.8155064295202,11.869618623097
"ENFLASYON",2017-06-01,10.9010846903812,10.9851580697286,11.7221783194647
"ENFLASYON",2017-07-01,9.78837854646741,9.82522164097882,10.9010846903812
"ENFLASYON",2017-08-01,10.6793014879906,8.84705503745908,9.78837854646741
"ENFLASYON",2017-09-01,11.1984979272269,10.54938835552,10.6793014879906
"ENFLASYON",2017-10-01,11.8988580444128,10.8466996035729,11.1984979272269
"ENFLASYON",2017-11-01,12.9842604884882,11.6550803504155,11.8988580444128
"ENFLASYON",2017-12-01,11.9197375239848,12.9028980314555,12.9842604884882
"ENFLASYON",2018-01-01,10.345632960625,11.0608206843635,11.9197375239848
"ENFLASYON",2018-02-01,10.259125694216,9.44075258170044,10.345632960625
"ENFLASYON",2018-03-01,10.2345695124936,10.0001588233041,10.259125694216
"ENFLASYON",2018-04-01,10.8495294799102,10.0121145937119,10.2345695124936
"ENFLASYON",2018-05-01,12.1470653719014,10.8106847892511,10.8495294799102
"ENFLASYON",2018-06-01,15.3851120443747,12.2931665091551,12.1470653719014
"ENFLASYON",2018-07-01,15.8490200603852,16.614948081399,15.3851120443747
"ENFLASYON",2018-08-01,17.8964245824033,15.5457178450152,15.8490200603852
"ENFLASYON",2018-09-01,24.5189244774083,18.7609088491885,17.8964245824033
"ENFLASYON",2018-10-01,25.2403245871221,29.8748247058667,24.5189244774083
"ENFLASYON",2018-11-01,21.6187957459548,26.844133065868,25.2403245871221
"ENFLASYON",2018-12-01,20.3017622497053,18.8681723749006,21.6187957459548
"ENFLASYON",2019-01-01,20.3537414827711,19.2941112613326,20.3017622497053
"ENFLASYON",2019-02-01,19.6716390912653,20.0697741392662,20.3537414827711
"ENFLASYON",2019-03-01,19.7129100599403,19.0831387994137,19.6716390912653
"ENFLASYON",2019-04-01,19.5023046920913,19.4698050116039,19.7129100599403
"ENFLASYON",2019-05-01,18.7116036117956,19.1784132209649,19.5023046920913
"ENFLASYON",2019-06-01,15.7201208486094,18.1606717254804,18.7116036117956
"ENFLASYON",2019-07-01,16.6467266467249,14.2384127736545,15.7201208486094
"ENFLASYON",2019-08-01,15.0084316611547,16.7959018759114,16.6467266467249
"ENFLASYON",2019-09-01,9.26210207649172,14.3077401067726,15.0084316611547
"ENFLASYON",2019-10-01,8.55284469123267,6.95204315448047,9.26210207649172
"ENFLASYON",2019-11-01,10.5618488500215,8.501212323597,8.55284469123267
"ENFLASYON",2019-12-01,11.8360922005049,11.3799414305111,10.5618488500215
"ENFLASYON",2020-01-01,12.1536413245267,12.3347911693173,11.8360922005049
"ENFLASYON",2020-02-01,12.367384775601,12.287252354209,12.1536413245267
"ENFLASYON",2020-03-01,11.8591892125412,12.4447964401345,12.367384775601
"ENFLASYON",2020-04-01,10.9366990055748,11.7141530250974,11.8591892125412
"ENFLASYON",2020-05-01,11.3900174211977,10.7033737527527,10.9366990055748
"ENFLASYON",2020-06-01,12.6223920562164,11.6356467920625,11.3900174211977
"ENFLASYON",2020-07-01,11.7641446317984,13.0886383116014,12.6223920562164
"ENFLASYON",2020-08-01,11.7704096188989,11.5395640266052,11.7641446317984
"ENFLASYON",2020-09-01,11.7483140113259,11.8561961466785,11.7704096188989
"ENFLASYON",2020-10-01,11.8896209502364,11.8207450775318,11.7483140113259
"ENFLASYON",2020-11-01,14.0263007908902,12.0282061883282,11.8896209502364
"ENFLASYON",2020-12-01,14.5993190136992,14.7142508526959,14.0263007908902
"ENFLASYON",2021-01-01,14.9736811903135,14.6671812149486,14.5993190136992
"ENFLASYON",2021-02-01,15.6109102369625,14.9406955021293,14.9736811903135
"ENFLASYON",2021-03-01,16.1902437094959,15.6437387414425,15.6109102369625
"ENFLASYON",2021-04-01,17.1401535880929,16.1658911140477,16.1902437094959
"ENFLASYON",2021-05-01,16.5928531417507,17.1766240022381,17.1401535880929
"ENFLASYON",2021-06-01,17.5253305594103,16.1365660857625,16.5928531417507
"ENFLASYON",2021-07-01,18.9516817504928,17.530932523288,17.5253305594103
"ENFLASYON",2021-08-01,19.2526607450813,19.0445483522197,18.9516817504928
"ENFLASYON",2021-09-01,19.5825737226746,18.9167048260762,19.2526607450813
"ENFLASYON",2021-10-01,19.8900242589128,19.2390594734655,19.5825737226746
"ENFLASYON",2021-11-01,21.3125275547756,19.5250958311374,19.8900242589128
"ENFLASYON",2021-12-01,36.0809016775045,21.2621235012982,21.3125275547756
"ENFLASYON",2022-01-01,48.6908241062054,42.5879901707952,36.0809016775045
"ENFLASYON",2022-02-01,54.4385666795686,57.9693887266265,48.6908241062054
"ENFLASYON",2022-03-01,61.1445380271135,57.9188727616424,54.4385666795686
"ENFLASYON",2022-04-01,69.971070030925,66.8634896974625,61.1445380271135
"ENFLASYON",2022-05-01,73.4959500617877,78.5419962888644,69.971070030925
"ENFLASYON",2022-06-01,78.6183970249145,77.4696878730395,73.4959500617877
"ENFLASYON",2022-07-01,79.6020524917494,84.0361149677426,78.6183970249145
"ENFLASYON",2022-08-01,80.2075940981124,81.3598366714792,79.6020524917494
"ENFLASYON",2022-09-01,83.4524935821432,81.4022828617689,80.2075940981124
"ENFLASYON",2022-10-01,85.5147863925643,86.6968228925917,83.4524935821432
"ENFLASYON",2022-11-01,84.3892599649949,87.8834244633989,85.5147863925643
"ENFLASYON",2022-12-01,64.2695975302101,84.2226894030038,84.3892599649949
"ENFLASYON",2023-01-01,57.6824810664774,45.4790918517838,64.2695975302101
"ENFLASYON",2023-02-01,55.1798282333632,53.3356491487439,57.6824810664774
"ENFLASYON",2023-03-01,50.508510709406,53.3770253365452,55.1798282333632
"ENFLASYON",2023-04-01,43.684169801708,47.4602792238577,50.508510709406
"ENFLASYON",2023-05-01,39.5853009598016,39.3638787554064,43.684169801708
"ENFLASYON",2023-06-01,38.2135187587141,37.0082658921497,39.5853009598016
"ENFLASYON",2023-07-01,47.8317333074011,37.2941573498231,38.2135187587141
"ENFLASYON",2023-08-01,58.943533688064,53.1524211333381,47.8317333074011
"ENFLASYON",2023-09-01,61.5298646138358,65.3556170958933,58.943533688064
"ENFLASYON",2023-10-01,61.3570110516966,62.4793210772447,61.5298646138358
"ENFLASYON",2023-11-01,61.9801660556101,60.6840250034832,61.3570110516966
"ENFLASYON",2023-12-01,64.7729185906869,61.858646393183,61.9801660556101
"ENFLASYON",2024-01-01,64.8569149400415,65.9720248691135,64.7729185906869
"ENFLASYON",2024-02-01,67.0691919308894,64.4096875092353,64.8569149400415
"ENFLASYON",2024-03-01,68.4953731307161,67.9320534364115,67.0691919308894
"ENFLASYON",2024-04-01,69.8024675940787,68.8869033657091,68.4953731307161
"ENFLASYON",2024-05-01,75.4459480114973,70.1340742219272,69.8024675940787
"ENFLASYON",2024-06-01,71.5971559299716,78.4216870187392,75.4459480114973
"ENFLASYON",2024-07-01,61.7810033737093,68.9178999920364,71.5971559299716
"ENFLASYON",2024-08-01,51.9745278030103,55.406673882572,61.7810033737093
"ENFLASYON",2024-09-01,49.3849938527632,45.604387191784,51.9745278030103
"ENFLASYON",2024-10-01,48.5847087881277,47.8327073603911,49.3849938527632
"ENFLASYON",2024-11-01,47.0927207319456,48.1156073608616,48.5847087881277
"ENFLASYON",2024-12-01,44.3787714240285,46.2381586391524,47.0927207319456
"ENFLASYON",2025-01-01,42.118022990208,42.8765428376221,44.3787714240285
"ENFLASYON",2025-02-01,39.0509576114819,40.9871946566595,42.118022990208
"ENFLASYON",2025-03-01,38.1038294458298,37.5452918740778,39.0509576114819
"ENFLASYON",2025-04-01,37.858663646448,37.9759767400637,38.1038294458298
"ENFLASYON",2025-05-01,35.4050441525959,38.2145444765687,37.858663646448
"ENFLASYON",2025-06-01,35.0486571241233,34.5085136768515,35.4050441525959
"ENFLASYON",2025-07-01,33.5224092479161,35.4639288692331,35.0486571241233
"ENFLASYON",2025-08-01,32.9501821975516,33.3574202403693,33.5224092479161
"ENFLASYON",2025-09-01,33.2940114719277,33.4242094007356,32.9501821975516
"ENFLASYON",2025-10-01,32.8668557227645,34.3649294422033,33.2940114719277
"ENFLASYON",2025-11-01,31.074841098443,33.5232185522449,32.8668557227645
"ENFLASYON",2025-12-01,30.8923283161364,30.9404803066208,31.074841098443
"ENFLASYON",2026-01-01,30.6527801240716,31.840039482912,30.8923283161364
"ENFLASYON",2026-02-01,31.5348374548858,31.6232469926194,30.6527801240716
"ENFLASYON",2026-03-01,30.8654535272926,33.200757594283,31.5348374548858
"ENFLASYON",2026-04-01,32.3717402432574,31.6341801573744,30.8654535272926
"ENFLASYON",2026-05-01,32.6148019945659,34.4591795066805,32.3717402432574
"ENFLASYON",2026-06-01,32.1090360322119,33.9928314097197,32.6148019945659
"ENFLASYON",2026-07-01,31.7540967906244,33.0514239597641,32.1090360322119
"ENFLASYON",2026-08-01,31.5073428209129,32.8331986722378,31.7540967906244
"BUYUME",2009-04-01,-5.54421721722779,-13.7349331280191,-12.8532930360872
"BUYUME",2009-07-01,-2.17009666968496,-5.3111702211717,-5.54421721722779
"BUYUME",2009-10-01,0.976266555849037,0.597016541088513,-2.17009666968496
"BUYUME",2010-01-01,8.87154631390841,4.37722089059791,0.976266555849037
"BUYUME",2010-04-01,7.5212497465494,7.12690915396682,8.87154631390841
"BUYUME",2010-07-01,8.25142457895249,5.13472399111983,7.5212497465494
"BUYUME",2010-10-01,9.85872354788897,7.84513893903864,8.25142457895249
"BUYUME",2011-01-01,12.3061060924101,4.31975690989325,9.85872354788897
"BUYUME",2011-04-01,10.8787258087931,12.4134133343779,12.3061060924101
"BUYUME",2011-07-01,10.7622526738685,9.76898866761016,10.8787258087931
"BUYUME",2011-10-01,9.26236318908289,9.55985144933845,10.7622526738685
"BUYUME",2012-01-01,5.9464873463583,6.77868821190514,9.26236318908289
"BUYUME",2012-04-01,5.07887240831739,5.17228083919077,5.9464873463583
"BUYUME",2012-07-01,4.08776822969008,3.8662313088619,5.07887240831739
"BUYUME",2012-10-01,4.19852598926189,3.19413632512713,4.08776822969008
"BUYUME",2013-01-01,8.00187571769395,4.81818020235789,4.19852598926189
"BUYUME",2013-04-01,9.93252388030215,8.25143609307452,8.00187571769395
"BUYUME",2013-07-01,9.16124492929051,10.1719552075353,9.93252388030215
"BUYUME",2013-10-01,7.65482928130339,9.16135989572634,9.16124492929051
"BUYUME",2014-01-01,6.98589686333346,5.63706815597914,7.65482928130339
"BUYUME",2014-04-01,3.07711003193971,5.29430854728953,6.98589686333346
"BUYUME",2014-07-01,3.7753806244059,1.83063239188213,3.07711003193971
"BUYUME",2014-10-01,4.4416951074999,4.27083778775718,3.7753806244059
"BUYUME",2015-01-01,3.5563437201616,4.00217002134476,4.4416951074999
"BUYUME",2015-04-01,6.84030081692644,4.79769288054873,3.5563437201616
"BUYUME",2015-07-01,5.91244170068808,7.51875172311032,6.84030081692644
"BUYUME",2015-10-01,6.68253726153463,5.38149911598696,5.91244170068808
"BUYUME",2016-01-01,4.70866157243759,8.15460412921428,6.68253726153463
"BUYUME",2016-04-01,3.94184823940606,4.83141268709002,4.70866157243759
"BUYUME",2016-07-01,0.229881379864083,4.85953307488734,3.94184823940606
"BUYUME",2016-10-01,4.20419241926318,0.761556034897486,0.229881379864083
"BUYUME",2017-01-01,5.26157915056047,4.8899989264304,4.20419241926318
"BUYUME",2017-04-01,6.18521968093697,6.39749779385994,5.26157915056047
"BUYUME",2017-07-01,11.9988825820871,7.00713768050268,6.18521968093697
"BUYUME",2017-10-01,7.6173092052521,11.6006652474294,11.9988825820871
"BUYUME",2018-01-01,8.33973914417274,8.8369010748231,7.6173092052521
"BUYUME",2018-04-01,5.95684088987418,6.61499116319542,8.33973914417274
"BUYUME",2018-07-01,2.56253888238043,2.17287315456353,5.95684088987418
"BUYUME",2018-10-01,-2.1404844375316,5.29295096590277,2.56253888238043
"BUYUME",2019-01-01,-1.58734142861607,-0.575707630875596,-2.1404844375316
"BUYUME",2019-04-01,0.382790304317826,0.912307681139544,-1.58734142861607
"BUYUME",2019-07-01,1.11560736431542,4.98778966023804,0.382790304317826
"BUYUME",2019-10-01,5.92223468274564,6.78356965797136,1.11560736431542
"BUYUME",2020-01-01,4.17510624469895,8.48392645728355,5.92223468274564
"BUYUME",2020-04-01,-8.63647584997501,6.74246037123243,4.17510624469895
"BUYUME",2020-07-01,5.65876453326424,-10.1238969031074,-8.63647584997501
"BUYUME",2020-10-01,5.35297483899451,0.658681937934747,5.65876453326424
"BUYUME",2021-01-01,7.79669745373655,-0.222927165144615,5.35297483899451
"BUYUME",2021-04-01,22.2102826902901,10.7909051226984,7.79669745373655
"BUYUME",2021-07-01,9.35793485379557,5.99081999126426,22.2102826902901
"BUYUME",2021-10-01,9.96919662146294,7.98919889659452,9.35793485379557
"BUYUME",2022-01-01,6.78306023050255,8.22758625430505,9.96919662146294
"BUYUME",2022-04-01,6.86476547725061,-7.24228389646719,6.78306023050255
"BUYUME",2022-07-01,4.17231777806053,9.75912974763751,6.86476547725061
"BUYUME",2022-10-01,3.2896138017297,3.3768804668616,4.17231777806053
"BUYUME",2023-01-01,2.78729222344523,4.14163289782118,3.2896138017297
"BUYUME",2023-04-01,5.88888090537429,3.12879793079727,2.78729222344523
"BUYUME",2023-07-01,5.75978207470436,5.62413087710086,5.88888090537429
"BUYUME",2023-10-01,5.44384715186259,6.20985424390333,5.75978207470436
"BUYUME",2024-01-01,7.17577808941687,6.37043766308801,5.44384715186259
"BUYUME",2024-04-01,2.19071315627621,5.50283089996123,7.17577808941687
"BUYUME",2024-07-01,2.04038177504862,4.05851662291035,2.19071315627621
"BUYUME",2024-10-01,2.69378834114498,3.33618284667771,2.04038177504862
"BUYUME",2025-01-01,2.57868589530759,2.26471813095824,2.69378834114498
"BUYUME",2025-04-01,4.03335419246085,4.72734762419973,2.57868589530759
"BUYUME",2025-07-01,4.41415744858213,4.73829963836338,4.03335419246085
"BUYUME",2025-10-01,3.4548098183508,4.74585729922033,4.41415744858213
"BUYUME",2026-01-01,2.83233619789518,4.74049776015178,3.4548098183508
"ISSIZLIK",2010-01-01,13.3,14.2616609975292,13
"ISSIZLIK",2010-02-01,14.1,14.5946381745879,13.3
"ISSIZLIK",2010-03-01,12.6,14.6293926774507,14.1
"ISSIZLIK",2010-04-01,11,11.044243830312,12.6
"ISSIZLIK",2010-05-01,10.1,10.0072240182979,11
"ISSIZLIK",2010-06-01,9.8,10.4435207417381,10.1
"ISSIZLIK",2010-07-01,10.1,9.92150894481255,9.8
"ISSIZLIK",2010-08-01,10.1,10.9136598128565,10.1
"ISSIZLIK",2010-09-01,11.2,9.35093166628605,10.1
"ISSIZLIK",2010-10-01,10,11.1735145632958,11.2
"ISSIZLIK",2010-11-01,9.7,10.640634597592,10
"ISSIZLIK",2010-12-01,10.6,10.2943732435137,9.7
"ISSIZLIK",2011-01-01,11,10.854482048574,10.6
"ISSIZLIK",2011-02-01,10.9,11.2661713012491,11
"ISSIZLIK",2011-03-01,9.9,10.9118184831577,10.9
"ISSIZLIK",2011-04-01,9.3,9.07000475662633,9.9
"ISSIZLIK",2011-05-01,8.5,8.23676571682671,9.3
"ISSIZLIK",2011-06-01,8.4,9.18518357653139,8.5
"ISSIZLIK",2011-07-01,8.4,8.95338740941678,8.4
"ISSIZLIK",2011-08-01,8.2,8.86069223838909,8.4
"ISSIZLIK",2011-09-01,8.6,7.98847092109742,8.2
"ISSIZLIK",2011-10-01,7.6,8.63052716550609,8.6
"ISSIZLIK",2011-11-01,8.7,7.99124369819284,7.6
"ISSIZLIK",2011-12-01,8.7,9.50500227126846,8.7
"ISSIZLIK",2012-01-01,9.3,9.06344240889774,8.7
"ISSIZLIK",2012-02-01,10.2,9.6878787992698,9.3
"ISSIZLIK",2012-03-01,9.1,9.83961367364613,10.2
"ISSIZLIK",2012-04-01,7.9,9.29970684525296,9.1
"ISSIZLIK",2012-05-01,7.5,7.07625183584218,7.9
"ISSIZLIK",2012-06-01,7.1,8.11815662858745,7.5
"ISSIZLIK",2012-07-01,7.1,6.66311132674105,7.1
"ISSIZLIK",2012-08-01,8,8.18328847997641,7.1
"ISSIZLIK",2012-09-01,8.3,7.68657329436349,8
"ISSIZLIK",2012-10-01,7.8,8.75913048237068,8.3
"ISSIZLIK",2012-11-01,8.5,8.13760647026477,7.8
"ISSIZLIK",2012-12-01,9.2,8.91641110933011,8.5
"ISSIZLIK",2013-01-01,9.6,9.7453824197163,9.2
"ISSIZLIK",2013-02-01,10,9.91750228126225,9.6
"ISSIZLIK",2013-03-01,9.2,9.56217156005899,10
"ISSIZLIK",2013-04-01,8.7,8.33556338305071,9.2
"ISSIZLIK",2013-05-01,8,8.21646536324628,8.7
"ISSIZLIK",2013-06-01,7.7,7.9186730862444,8
"ISSIZLIK",2013-07-01,8.5,8.1702633244228,7.7
"ISSIZLIK",2013-08-01,9.1,8.68864405322609,8.5
"ISSIZLIK",2013-09-01,8.8,9.00257828887899,9.1
"ISSIZLIK",2013-10-01,8.8,8.60778161553921,8.8
"ISSIZLIK",2013-11-01,9.1,8.97170735844202,8.8
"ISSIZLIK",2013-12-01,9.2,9.02417209535011,9.1
"ISSIZLIK",2014-01-01,10.5,9.59370421047905,9.2
"ISSIZLIK",2014-02-01,10.5,10.4078151089565,10.5
"ISSIZLIK",2014-03-01,9.4,9.5728694381219,10.5
"ISSIZLIK",2014-04-01,8.8,8.71281928207853,9.4
"ISSIZLIK",2014-05-01,8.4,8.0287883154607,8.8
"ISSIZLIK",2014-06-01,9,8.29485030221609,8.4
"ISSIZLIK",2014-07-01,9.7,9.25588905113833,9
"ISSIZLIK",2014-08-01,10.1,9.8027974458851,9.7
"ISSIZLIK",2014-09-01,10.1,9.52174654973009,10.1
"ISSIZLIK",2014-10-01,10.9,9.42220548838387,10.1
"ISSIZLIK",2014-11-01,10.4,10.9374962715691,10.9
"ISSIZLIK",2014-12-01,10.8,10.6225291642572,10.4
"ISSIZLIK",2015-01-01,11.9,11.0927638472942,10.8
"ISSIZLIK",2015-02-01,11.7,10.6951143686146,11.9
"ISSIZLIK",2015-03-01,10.4,11.4580847588889,11.7
"ISSIZLIK",2015-04-01,9.6,9.67444394440203,10.4
"ISSIZLIK",2015-05-01,8.9,9.13897415466146,9.6
"ISSIZLIK",2015-06-01,9.6,8.43886727674676,8.9
"ISSIZLIK",2015-07-01,10,10.7228381642517,9.6
"ISSIZLIK",2015-08-01,10,10.1509173232634,10
"ISSIZLIK",2015-09-01,10.3,10.4722923985189,10
"ISSIZLIK",2015-10-01,10.5,9.68897201799992,10.3
"ISSIZLIK",2015-11-01,10.2,10.8156008866161,10.5
"ISSIZLIK",2015-12-01,10.9,10.9718030304267,10.2
"ISSIZLIK",2016-01-01,11.5,11.6132714304315,10.9
"ISSIZLIK",2016-02-01,11,10.9755710411543,11.5
"ISSIZLIK",2016-03-01,10.1,10.510011940172,11
"ISSIZLIK",2016-04-01,9.1,9.44158665400636,10.1
"ISSIZLIK",2016-05-01,9,8.92979101096505,9.1
"ISSIZLIK",2016-06-01,10.1,9.57784542177604,9
"ISSIZLIK",2016-07-01,11,10.6180936955487,10.1
"ISSIZLIK",2016-08-01,11,11.0267386467067,11
"ISSIZLIK",2016-09-01,11.8,10.7995230728072,11
"ISSIZLIK",2016-10-01,11.9,11.3951971655844,11.8
"ISSIZLIK",2016-11-01,11.6,11.6332335851855,11.9
"ISSIZLIK",2016-12-01,12.8,11.8312383081543,11.6
"ISSIZLIK",2017-01-01,13.5,12.9712974194793,12.8
"ISSIZLIK",2017-02-01,12.9,12.7027297074887,13.5
"ISSIZLIK",2017-03-01,11.7,11.7693395235203,12.9
"ISSIZLIK",2017-04-01,10.5,10.5667267352355,11.7
"ISSIZLIK",2017-05-01,9.7,10.3385843297856,10.5
"ISSIZLIK",2017-06-01,10.4,10.5025169910511,9.7
"ISSIZLIK",2017-07-01,10.6,10.7440321494926,10.4
"ISSIZLIK",2017-08-01,10.6,11.0368450624878,10.6
"ISSIZLIK",2017-09-01,10.4,11.0433827447896,10.6
"ISSIZLIK",2017-10-01,10.5,9.9456394904038,10.4
"ISSIZLIK",2017-11-01,10,11.1671083556614,10.5
"ISSIZLIK",2017-12-01,10.3,10.9914336554241,10
"ISSIZLIK",2018-01-01,11,10.4830296721774,10.3
"ISSIZLIK",2018-02-01,10.8,11.1896503749078,11
"ISSIZLIK",2018-03-01,9.8,10.0404038548726,10.8
"ISSIZLIK",2018-04-01,9.3,8.95371834068715,9.8
"ISSIZLIK",2018-05-01,9.4,9.55137345875598,9.3
"ISSIZLIK",2018-06-01,10.2,9.84207158433088,9.4
"ISSIZLIK",2018-07-01,10.7,10.7760298336955,10.2
"ISSIZLIK",2018-08-01,11.1,10.6844328463112,10.7
"ISSIZLIK",2018-09-01,11.4,11.345027276588,11.1
"ISSIZLIK",2018-10-01,11.7,11.1789376128109,11.4
"ISSIZLIK",2018-11-01,12,11.4925367130659,11.7
"ISSIZLIK",2018-12-01,13.3,12.6087943950808,12
"ISSIZLIK",2019-01-01,15.1,13.881928758095,13.3
"ISSIZLIK",2019-02-01,15,15.4097518019836,15.1
"ISSIZLIK",2019-03-01,13.9,13.6742776393617,15
"ISSIZLIK",2019-04-01,12.9,12.9796139522105,13.9
"ISSIZLIK",2019-05-01,12.5,12.371941453265,12.9
"ISSIZLIK",2019-06-01,13.4,12.102200836289,12.5
"ISSIZLIK",2019-07-01,14.1,14.2801007591674,13.4
"ISSIZLIK",2019-08-01,14.2,13.5814590289794,14.1
"ISSIZLIK",2019-09-01,14,13.768059413854,14.2
"ISSIZLIK",2019-10-01,13.3,13.4322269948039,14
"ISSIZLIK",2019-11-01,12.9,12.6066932901333,13.3
"ISSIZLIK",2019-12-01,13.6,13.9686402541367,12.9
"ISSIZLIK",2020-01-01,14.1,14.0068877365234,13.6
"ISSIZLIK",2020-02-01,13.5,13.3549435110909,14.1
"ISSIZLIK",2020-03-01,13,12.2868206602456,13.5
"ISSIZLIK",2020-04-01,12.8,12.121593562343,13
"ISSIZLIK",2020-05-01,12.6,12.7273263548274,12.8
"ISSIZLIK",2020-06-01,13,12.8742890849514,12.6
"ISSIZLIK",2020-07-01,14.6,13.4547342487048,13
"ISSIZLIK",2020-08-01,13,15.2820312025151,14.6
"ISSIZLIK",2020-09-01,12.4,11.3306265294567,13
"ISSIZLIK",2020-10-01,12.8,12.219532461209,12.4
"ISSIZLIK",2020-11-01,12.9,12.8645770255712,12.8
"ISSIZLIK",2020-12-01,13,12.9474222934678,12.9
"ISSIZLIK",2021-01-01,13.4,13.9672613178165,13
"ISSIZLIK",2021-02-01,14.1,12.5881638296242,13.4
"ISSIZLIK",2021-03-01,13.1,13.3817845741518,14.1
"ISSIZLIK",2021-04-01,12.9,13.0623749799248,13.1
"ISSIZLIK",2021-05-01,12.4,12.9626968366841,12.9
"ISSIZLIK",2021-06-01,10.4,13.1324490892469,12.4
"ISSIZLIK",2021-07-01,12.1,10.0055931294772,10.4
"ISSIZLIK",2021-08-01,12,13.3656443927681,12.1
"ISSIZLIK",2021-09-01,11.1,11.7931942391557,12
"ISSIZLIK",2021-10-01,10.7,11.2471312258596,11.1
"ISSIZLIK",2021-11-01,10.9,10.3471527952673,10.7
"ISSIZLIK",2021-12-01,11.3,11.0220523582542,10.9
"ISSIZLIK",2022-01-01,12.1,11.1906985826037,11.3
"ISSIZLIK",2022-02-01,11.4,13.4975946346699,12.1
"ISSIZLIK",2022-03-01,11.4,10.8837281244387,11.4
"ISSIZLIK",2022-04-01,10.6,11.6232702259702,11.4
"ISSIZLIK",2022-05-01,10.1,11.7076585080442,10.6
"ISSIZLIK",2022-06-01,9.7,11.1105211877074,10.1
"ISSIZLIK",2022-07-01,10.6,10.2998782329288,9.7
"ISSIZLIK",2022-08-01,9.8,11.1711006253435,10.6
"ISSIZLIK",2022-09-01,9.9,9.932041206403,9.8
"ISSIZLIK",2022-10-01,9.9,9.96288315423839,9.9
"ISSIZLIK",2022-11-01,9.9,9.84619446789177,9.9
"ISSIZLIK",2022-12-01,10.4,9.96297933927615,9.9
"ISSIZLIK",2023-01-01,10.3,10.8185142798348,10.4
"ISSIZLIK",2023-02-01,10.6,9.89366284456678,10.3
"ISSIZLIK",2023-03-01,10.3,10.1825845386547,10.6
"ISSIZLIK",2023-04-01,10,9.92901692789672,10.3
"ISSIZLIK",2023-05-01,8.8,10.0866286704603,10
"ISSIZLIK",2023-06-01,9,9.02793923100827,8.8
"ISSIZLIK",2023-07-01,9.7,9.14515834282322,9
"ISSIZLIK",2023-08-01,9.2,9.41774205169911,9.7
"ISSIZLIK",2023-09-01,8.9,9.06732602943912,9.2
"ISSIZLIK",2023-10-01,8.2,8.77764136564736,8.9
"ISSIZLIK",2023-11-01,8.8,8.16420238515357,8.2
"ISSIZLIK",2023-12-01,8.9,8.91072562175822,8.8
"ISSIZLIK",2024-01-01,9.8,8.93343998821998,8.9
"ISSIZLIK",2024-02-01,9.2,9.3563614623853,9.8
"ISSIZLIK",2024-03-01,8.8,8.65311454243065,9.2
"ISSIZLIK",2024-04-01,8.5,8.59662098817637,8.8
"ISSIZLIK",2024-05-01,7.7,8.20018159682529,8.5
"ISSIZLIK",2024-06-01,8.9,7.90538816695407,7.7
"ISSIZLIK",2024-07-01,9.3,8.62465285178925,8.9
"ISSIZLIK",2024-08-01,8.5,8.64922070597307,9.3
"ISSIZLIK",2024-09-01,8.6,8.00470167003342,8.5
"ISSIZLIK",2024-10-01,8.5,7.97969986667661,8.6
"ISSIZLIK",2024-11-01,8.4,8.22960286284818,8.5
"ISSIZLIK",2024-12-01,8.7,8.42549506736551,8.4
"ISSIZLIK",2025-01-01,9,8.82302307666492,8.7
"ISSIZLIK",2025-02-01,8.7,8.55940064121652,9
"ISSIZLIK",2025-03-01,8,8.43514031294762,8.7
"ISSIZLIK",2025-04-01,8.5,8.13443783745706,8
"ISSIZLIK",2025-05-01,7.6,8.01707673265391,8.5
"ISSIZLIK",2025-06-01,8.5,8.47831331978421,7.6
"ISSIZLIK",2025-07-01,8.3,8.54763160136736,8.5
"ISSIZLIK",2025-08-01,8.5,8.16591700536967,8.3
"ISSIZLIK",2025-09-01,8.6,8.11366580928967,8.5
"ISSIZLIK",2025-10-01,8.2,8.17622687442891,8.6
"ISSIZLIK",2025-11-01,8.6,8.20780305855948,8.2
"ISSIZLIK",2025-12-01,7.8,8.37613405812671,8.6
"ISSIZLIK",2026-01-01,8.6,8.5440494536844,7.8
"ISSIZLIK",2026-02-01,9,8.06784618029385,8.6
"ISSIZLIK",2026-03-01,8.1,8.13783610607591,9
"ISSIZLIK",2026-04-01,8,8.1917577508593,8.1
"ISSIZLIK",2026-05-01,7.4,7.69893505961704,8
"ISSIZLIK",2026-06-01,7.4,8.15777603634225,7.4
"ISSIZLIK",2026-07-01,8.3,7.91212457756265,7.4
"USDTRY",2003-04-01,1.62936781818182,1.6830271202799,1.6631600952381
"USDTRY",2003-05-01,1.49221659090909,1.62101721684015,1.62936781818182
"USDTRY",2003-06-01,1.42671042857143,1.44725974153726,1.49221659090909
"USDTRY",2003-07-01,1.4035157826087,1.4153930331295,1.42671042857143
"USDTRY",2003-08-01,1.40480461904762,1.40477253815566,1.4035157826087
"USDTRY",2003-09-01,1.37690036363636,1.41384204406705,1.40480461904762
"USDTRY",2003-10-01,1.43204926086957,1.37611014480778,1.37690036363636
"USDTRY",2003-11-01,1.47251695,1.45958367289808,1.43204926086957
"USDTRY",2003-12-01,1.43457104761905,1.48828341089829,1.47251695
"USDTRY",2004-01-01,1.34825223809524,1.43005841561889,1.43457104761905
"USDTRY",2004-02-01,1.3298716,1.35105563962415,1.34825223809524
"USDTRY",2004-03-01,1.31987295652174,1.3656404611232,1.3298716
"USDTRY",2004-04-01,1.35984136363636,1.35139585477634,1.31987295652174
"USDTRY",2004-05-01,1.51092338095238,1.3854139767062,1.35984136363636
"USDTRY",2004-06-01,1.4936255,1.58143672226902,1.51092338095238
"USDTRY",2004-07-01,1.45633813636364,1.49281975846869,1.4936255
"USDTRY",2004-08-01,1.4798355,1.44625893043126,1.45633813636364
"USDTRY",2004-09-01,1.49765909090909,1.49076898225417,1.4798355
"USDTRY",2004-10-01,1.48278095238095,1.50252636409777,1.49765909090909
"USDTRY",2004-11-01,1.44351363636364,1.47379576762646,1.48278095238095
"USDTRY",2004-12-01,1.38943043478261,1.43328605837067,1.44351363636364
"USDTRY",2005-01-01,1.34841904761905,1.38296750260409,1.38943043478261
"USDTRY",2005-02-01,1.307605,1.35734819359968,1.34841904761905
"USDTRY",2005-03-01,1.3079,1.32004815095745,1.307605
"USDTRY",2005-04-01,1.35485714285714,1.33932464304048,1.3079
"USDTRY",2005-05-01,1.36401818181818,1.40306774015273,1.35485714285714
"USDTRY",2005-06-01,1.35371363636364,1.38181360180918,1.36401818181818
"USDTRY",2005-07-01,1.335425,1.36150534259924,1.35371363636364
"USDTRY",2005-08-01,1.3397347826087,1.33995561610723,1.335425
"USDTRY",2005-09-01,1.33426818181818,1.3510845688093,1.3397347826087
"USDTRY",2005-10-01,1.35117619047619,1.33968568704639,1.33426818181818
"USDTRY",2005-11-01,1.35311818181818,1.36452230440977,1.35117619047619
"USDTRY",2005-12-01,1.34533636363636,1.35726117101241,1.35311818181818
"USDTRY",2006-01-01,1.32686363636364,1.34935728727823,1.34533636363636
"USDTRY",2006-02-01,1.319445,1.33312741689717,1.32686363636364
"USDTRY",2006-03-01,1.33027826086957,1.33094864244365,1.319445
"USDTRY",2006-04-01,1.32961,1.34988844549668,1.33027826086957
"USDTRY",2006-05-01,1.42769130434783,1.34161208998575,1.32961
"USDTRY",2006-06-01,1.59737272727273,1.45744292795537,1.42769130434783
"USDTRY",2006-07-01,1.5465619047619,1.63735705335195,1.59737272727273
"USDTRY",2006-08-01,1.46011739130435,1.43040543534583,1.5465619047619
"USDTRY",2006-09-01,1.47449047619048,1.40140217827957,1.46011739130435
"USDTRY",2006-10-01,1.46998181818182,1.48846647779789,1.47449047619048
"USDTRY",2006-11-01,1.45065,1.4467439028105,1.46998181818182
"USDTRY",2006-12-01,1.42639047619048,1.42978139039566,1.45065
"USDTRY",2007-01-01,1.41868260869565,1.4132261844261,1.42639047619048
"USDTRY",2007-02-01,1.39022,1.41753873102876,1.41868260869565
"USDTRY",2007-03-01,1.40137272727273,1.38318006261999,1.39022
"USDTRY",2007-04-01,1.35342857142857,1.41490926004341,1.40137272727273
"USDTRY",2007-05-01,1.33083913043478,1.34368158436333,1.35342857142857
"USDTRY",2007-06-01,1.31460476190476,1.3433792119137,1.33083913043478
"USDTRY",2007-07-01,1.27460909090909,1.32506843808269,1.31460476190476
"USDTRY",2007-08-01,1.30600869565217,1.2766558597988,1.27460909090909
"USDTRY",2007-09-01,1.256975,1.34304603024615,1.30600869565217
"USDTRY",2007-10-01,1.1938347826087,1.25173005336648,1.256975
"USDTRY",2007-11-01,1.18474090909091,1.2000221335498,1.1938347826087
"USDTRY",2007-12-01,1.17330952380952,1.21408870725434,1.18474090909091
"USDTRY",2008-01-01,1.17047391304348,1.18101534790528,1.17330952380952
"USDTRY",2008-02-01,1.18924761904762,1.17876756961164,1.17047391304348
"USDTRY",2008-03-01,1.23789047619048,1.20211143668311,1.18924761904762
"USDTRY",2008-04-01,1.29549545454545,1.25663266056335,1.23789047619048
"USDTRY",2008-05-01,1.24273636363636,1.3096665108427,1.29549545454545
"USDTRY",2008-06-01,1.22836666666667,1.21406326350445,1.24273636363636
"USDTRY",2008-07-01,1.20724782608696,1.24433358226655,1.22836666666667
"USDTRY",2008-08-01,1.17353333333333,1.21058480793049,1.20724782608696
"USDTRY",2008-09-01,1.23231818181818,1.17375876916963,1.17353333333333
"USDTRY",2008-10-01,1.47882173913043,1.26420726532635,1.23231818181818
"USDTRY",2008-11-01,1.587955,1.57067860323064,1.47882173913043
"USDTRY",2008-12-01,1.54125217391304,1.53632534856663,1.587955
"USDTRY",2009-01-01,1.59463571428571,1.45540947342262,1.54125217391304
"USDTRY",2009-02-01,1.655005,1.61140423691565,1.59463571428571
"USDTRY",2009-03-01,1.70411818181818,1.65383275640379,1.655005
"USDTRY",2009-04-01,1.60034090909091,1.70137318673756,1.70411818181818
"USDTRY",2009-05-01,1.55112380952381,1.52212222668505,1.60034090909091
"USDTRY",2009-06-01,1.53935,1.54686867526261,1.55112380952381
"USDTRY",2009-07-01,1.51127391304348,1.53159165191592,1.53935
"USDTRY",2009-08-01,1.48048571428571,1.49101596057352,1.51127391304348
"USDTRY",2009-09-01,1.48283636363636,1.4646042790283,1.48048571428571
"USDTRY",2009-10-01,1.46330909090909,1.47982546498418,1.48283636363636
"USDTRY",2009-11-01,1.48025238095238,1.44638754094725,1.46330909090909
"USDTRY",2009-12-01,1.4997,1.48410462775387,1.48025238095238
"USDTRY",2010-01-01,1.46711904761905,1.49769371262743,1.4997
"USDTRY",2010-02-01,1.50821,1.44230067538292,1.46711904761905
"USDTRY",2010-03-01,1.52742608695652,1.52547527136638,1.50821
"USDTRY",2010-04-01,1.48538636363636,1.52030512524983,1.52742608695652
"USDTRY",2010-05-01,1.54101904761905,1.45832830987757,1.48538636363636
"USDTRY",2010-06-01,1.5697,1.56652944422718,1.54101904761905
"USDTRY",2010-07-01,1.53316818181818,1.56413826418846,1.5697
"USDTRY",2010-08-01,1.50325,1.50868871624891,1.53316818181818
"USDTRY",2010-09-01,1.4867,1.49660061887169,1.50325
"USDTRY",2010-10-01,1.41838095238095,1.48697652092237,1.4867
"USDTRY",2010-11-01,1.43238636363636,1.39823401386516,1.41838095238095
"USDTRY",2010-12-01,1.51482173913043,1.4569780145607,1.43238636363636
"USDTRY",2011-01-01,1.55674761904762,1.54438647437415,1.51482173913043
"USDTRY",2011-02-01,1.582515,1.54747621575742,1.55674761904762
"USDTRY",2011-03-01,1.57221304347826,1.57480397351293,1.582515
"USDTRY",2011-04-01,1.5145619047619,1.55453145214043,1.57221304347826
"USDTRY",2011-05-01,1.56785,1.49206020163552,1.5145619047619
"USDTRY",2011-06-01,1.59536818181818,1.59496404261214,1.56785
"USDTRY",2011-07-01,1.64945714285714,1.58423350462701,1.59536818181818
"USDTRY",2011-08-01,1.74747391304348,1.64005095019911,1.64945714285714
"USDTRY",2011-09-01,1.78592409090909,1.72001178544344,1.74747391304348
"USDTRY",2011-10-01,1.8220619047619,1.71430344918278,1.78592409090909
"USDTRY",2011-11-01,1.80468636363636,1.81834364009328,1.8220619047619
"USDTRY",2011-12-01,1.86103181818182,1.78989195916013,1.80468636363636
"USDTRY",2012-01-01,1.83325909090909,1.87438590159521,1.86103181818182
"USDTRY",2012-02-01,1.74982857142857,1.81316524367588,1.83325909090909
"USDTRY",2012-03-01,1.78090454545455,1.70697298669224,1.74982857142857
"USDTRY",2012-04-01,1.77869523809524,1.78832486682602,1.78090454545455
"USDTRY",2012-05-01,1.79895652173913,1.7729485131426,1.77869523809524
"USDTRY",2012-06-01,1.81445714285714,1.80166610302926,1.79895652173913
"USDTRY",2012-07-01,1.80397272727273,1.81725402093644,1.81445714285714
"USDTRY",2012-08-01,1.78679130434783,1.80164110064886,1.80397272727273
"USDTRY",2012-09-01,1.79431,1.78451303667617,1.78679130434783
"USDTRY",2012-10-01,1.79387826086957,1.79751248925461,1.79431
"USDTRY",2012-11-01,1.78509090909091,1.79396559770807,1.79387826086957
"USDTRY",2012-12-01,1.7791,1.78413747631864,1.78509090909091
"USDTRY",2013-01-01,1.76316956521739,1.7792266794946,1.7791
"USDTRY",2013-02-01,1.77196,1.76067340431011,1.76316956521739
"USDTRY",2013-03-01,1.80782380952381,1.775427054669,1.77196
"USDTRY",2013-04-01,1.79614090909091,1.81517066854326,1.80782380952381
"USDTRY",2013-05-01,1.82677272727273,1.7910101921898,1.79614090909091
"USDTRY",2013-06-01,1.89823,1.83485987383212,1.82677272727273
"USDTRY",2013-07-01,1.93185217391304,1.91609886454133,1.89823
"USDTRY",2013-08-01,1.96214545454545,1.93755382533657,1.93185217391304
"USDTRY",2013-09-01,2.0192,1.96870794909902,1.96214545454545
"USDTRY",2013-10-01,1.98737826086957,2.03486226298637,2.0192
"USDTRY",2013-11-01,2.02487619047619,1.970971617315,1.98737826086957
"USDTRY",2013-12-01,2.0648,2.02564584732039,2.02487619047619
"USDTRY",2014-01-01,2.22111739130435,2.07514103102784,2.0648
"USDTRY",2014-02-01,2.211885,2.28106044156635,2.22111739130435
"USDTRY",2014-03-01,2.21705714285714,2.24204718472961,2.211885
"USDTRY",2014-04-01,2.12797727272727,2.22867686376003,2.21705714285714
"USDTRY",2014-05-01,2.09303181818182,2.09849320061713,2.12797727272727
"USDTRY",2014-06-01,2.11909523809524,2.05523512301453,2.09303181818182
"USDTRY",2014-07-01,2.11754347826087,2.11406503450847,2.11909523809524
"USDTRY",2014-08-01,2.16136666666667,2.1155982884472,2.11754347826087
"USDTRY",2014-09-01,2.21094090909091,2.1687142410813,2.16136666666667
"USDTRY",2014-10-01,2.25736956521739,2.22622471306259,2.21094090909091
"USDTRY",2014-11-01,2.235945,2.27641501833074,2.25736956521739
"USDTRY",2014-12-01,2.29478695652174,2.24168772344775,2.235945
"USDTRY",2015-01-01,2.33448181818182,2.31320118215822,2.29478695652174
"USDTRY",2015-02-01,2.46193,2.3563448867722,2.33448181818182
"USDTRY",2015-03-01,2.59094545454545,2.5066299226968,2.46193
"USDTRY",2015-04-01,2.65425,2.67920840763909,2.59094545454545
"USDTRY",2015-05-01,2.64584761904762,2.72282833012164,2.65425
"USDTRY",2015-06-01,2.70475909090909,2.67568823665343,2.64584761904762
"USDTRY",2015-07-01,2.6988347826087,2.75696161733641,2.70475909090909
"USDTRY",2015-08-01,2.85448095238095,2.72645913073648,2.6988347826087
"USDTRY",2015-09-01,3.01065909090909,2.92247558776762,2.85448095238095
"USDTRY",2015-10-01,2.92557727272727,3.1173615387711,3.01065909090909
"USDTRY",2015-11-01,2.87367142857143,2.9547702202157,2.92557727272727
"USDTRY",2015-12-01,2.92015217391304,2.92341344020464,2.87367142857143
"USDTRY",2016-01-01,3.0074380952381,2.98092448560102,2.92015217391304
"USDTRY",2016-02-01,2.94328571428571,3.05920252209085,3.0074380952381
"USDTRY",2016-03-01,2.88839130434783,2.94673344734577,2.94328571428571
"USDTRY",2016-04-01,2.83614285714286,2.91809462206104,2.88839130434783
"USDTRY",2016-05-01,2.93834545454545,2.8474280551053,2.83614285714286
"USDTRY",2016-06-01,2.91655909090909,2.99358842006676,2.93834545454545
"USDTRY",2016-07-01,2.95586666666667,2.91145798863085,2.91655909090909
"USDTRY",2016-08-01,2.96260434782609,2.98337200685539,2.95586666666667
"USDTRY",2016-09-01,2.96392272727273,2.97395586963465,2.96260434782609
"USDTRY",2016-10-01,3.0755619047619,2.97887749856162,2.96392272727273
"USDTRY",2016-11-01,3.28469090909091,3.11116048998267,3.0755619047619
"USDTRY",2016-12-01,3.49667272727273,3.34403947130113,3.28469090909091
"USDTRY",2017-01-01,3.75043181818182,3.58210311121821,3.49667272727273
"USDTRY",2017-02-01,3.66667,3.91982808567397,3.75043181818182
"USDTRY",2017-03-01,3.67044782608696,3.62932612012919,3.66667
"USDTRY",2017-04-01,3.652805,3.73213957892725,3.67044782608696
"USDTRY",2017-05-01,3.56785217391304,3.67029131612642,3.652805
"USDTRY",2017-06-01,3.51965454545455,3.54574917459294,3.56785217391304
"USDTRY",2017-07-01,3.5633380952381,3.511890634666,3.51965454545455
"USDTRY",2017-08-01,3.50895217391304,3.59251833782968,3.5633380952381
"USDTRY",2017-09-01,3.47387619047619,3.48938039201018,3.50895217391304
"USDTRY",2017-10-01,3.6757,3.4666487405788,3.47387619047619
"USDTRY",2017-11-01,3.88995454545455,3.75841815960599,3.6757
"USDTRY",2017-12-01,3.8431619047619,3.95349081155456,3.88995454545455
"USDTRY",2018-01-01,3.77490434782609,3.78238128079349,3.8431619047619
"USDTRY",2018-02-01,3.7837,3.76242994905434,3.77490434782609
"USDTRY",2018-03-01,3.89113181818182,3.81291822205445,3.7837
"USDTRY",2018-04-01,4.06100952380952,3.94587849480613,3.89113181818182
"USDTRY",2018-05-01,4.42099130434783,4.12355763924066,4.06100952380952
"USDTRY",2018-06-01,4.63712380952381,4.60748912542233,4.42099130434783
"USDTRY",2018-07-01,4.76768636363636,4.7162083072188,4.63712380952381
"USDTRY",2018-08-01,5.88254347826087,4.85464944849398,4.76768636363636
"USDTRY",2018-09-01,6.344575,6.78497874763885,5.88254347826087
"USDTRY",2018-10-01,5.8327347826087,6.91896792250782,6.344575
"USDTRY",2018-11-01,5.36279090909091,5.85667178980413,5.8327347826087
"USDTRY",2018-12-01,5.31678571428571,5.71104435154432,5.36279090909091
"USDTRY",2019-01-01,5.36731304347826,5.6112308848892,5.31678571428571
"USDTRY",2019-02-01,5.27211,5.45974114334908,5.36731304347826
"USDTRY",2019-03-01,5.46162857142857,5.22848329937903,5.27211
"USDTRY",2019-04-01,5.75990454545455,5.63409129232874,5.46162857142857
"USDTRY",2019-05-01,6.04668260869565,5.88326753616235,5.75990454545455
"USDTRY",2019-06-01,5.819235,6.13898164481718,6.04668260869565
"USDTRY",2019-07-01,5.66798695652174,5.61534919171366,5.819235
"USDTRY",2019-08-01,5.63204545454545,5.72484181002535,5.66798695652174
"USDTRY",2019-09-01,5.70980476190476,5.70134890432498,5.63204545454545
"USDTRY",2019-10-01,5.7914,5.78600252750838,5.70980476190476
"USDTRY",2019-11-01,5.73789523809524,5.8218378102517,5.7914
"USDTRY",2019-12-01,5.85193181818182,5.69624646289499,5.73789523809524
"USDTRY",2020-01-01,5.92583913043478,5.95387837152102,5.85193181818182
"USDTRY",2020-02-01,6.06259,5.9404948766178,5.92583913043478
"USDTRY",2020-03-01,6.33575454545455,6.12587612031141,6.06259
"USDTRY",2020-04-01,6.85031363636364,6.45325656739258,6.33575454545455
"USDTRY",2020-05-01,6.93194285714286,7.06758567157706,6.85031363636364
"USDTRY",2020-06-01,6.81627727272727,6.79848538870896,6.93194285714286
"USDTRY",2020-07-01,6.86516086956522,6.76303737151657,6.81627727272727
"USDTRY",2020-08-01,7.26222857142857,6.9827652793001,6.86516086956522
"USDTRY",2020-09-01,7.53394090909091,7.49653958095204,7.26222857142857
"USDTRY",2020-10-01,7.91751363636364,7.53953694116277,7.53394090909091
"USDTRY",2020-11-01,7.98580476190476,8.08809473074033,7.91751363636364
"USDTRY",2020-12-01,7.71192173913043,7.93519994685464,7.98580476190476
"USDTRY",2021-01-01,7.39720476190476,7.57621647869513,7.71192173913043
"USDTRY",2021-02-01,7.08122,7.35607709717741,7.39720476190476
"USDTRY",2021-03-01,7.67666956521739,7.02064810690647,7.08122
"USDTRY",2021-04-01,8.16326363636364,8.13501300290356,7.67666956521739
"USDTRY",2021-05-01,8.35656666666667,8.12221975419844,8.16326363636364
"USDTRY",2021-06-01,8.61266363636364,8.25361525017257,8.35656666666667
"USDTRY",2021-07-01,8.58980454545454,8.70622922156358,8.61266363636364
"USDTRY",2021-08-01,8.47377727272727,8.49954281333402,8.58980454545454
"USDTRY",2021-09-01,8.54566818181818,8.54343342852985,8.47377727272727
"USDTRY",2021-10-01,9.19318095238095,8.75472161569068,8.54566818181818
"USDTRY",2021-11-01,10.6900272727273,9.6860318301505,9.19318095238095
"USDTRY",2021-12-01,13.5576652173913,11.8623980766951,10.6900272727273
"USDTRY",2022-01-01,13.5348857142857,17.1570351942319,13.5576652173913
"USDTRY",2022-02-01,13.654775,11.6365188639744,13.5348857142857
"USDTRY",2022-03-01,14.6139260869565,14.6587238608025,13.654775
"USDTRY",2022-04-01,14.7038571428571,15.9307333794991,14.6139260869565
"USDTRY",2022-05-01,15.6099045454545,15.1133565457304,14.7038571428571
"USDTRY",2022-06-01,16.9924409090909,16.6725614327984,15.6099045454545
"USDTRY",2022-07-01,17.4530476190476,18.1498953244787,16.9924409090909
"USDTRY",2022-08-01,18.0305869565217,18.1242961477226,17.4530476190476
"USDTRY",2022-09-01,18.3137818181818,18.9842611970789,18.0305869565217
"USDTRY",2022-10-01,18.5848095238095,19.0110866447477,18.3137818181818
"USDTRY",2022-11-01,18.6089363636364,19.2543670742499,18.5848095238095
"USDTRY",2022-12-01,18.6573409090909,19.0560366479736,18.6089363636364
"USDTRY",2023-01-01,18.7785545454545,19.0731043663731,18.6573409090909
"USDTRY",2023-02-01,18.84412,19.1623098972698,18.7785545454545
"USDTRY",2023-03-01,18.998947826087,19.1479508723486,18.84412
"USDTRY",2023-04-01,19.33725,19.3238068852587,18.998947826087
"USDTRY",2023-05-01,19.7477434782609,19.72771621958,19.33725
"USDTRY",2023-06-01,23.6965045454545,20.1396991659254,19.7477434782609
"USDTRY",2023-07-01,26.4994,25.8210764775118,23.6965045454545
"USDTRY",2023-08-01,26.9430782608696,27.8452111781947,26.4994
"USDTRY",2023-09-01,26.999080952381,27.1343514008801,26.9430782608696
"USDTRY",2023-10-01,27.8602,27.7298776155931,26.999080952381
"USDTRY",2023-11-01,28.6379136363636,29.1448769779862,27.8602
"USDTRY",2023-12-01,29.0781333333333,29.5442647903756,28.6379136363636
"USDTRY",2024-01-01,30.0395826086957,29.7751397796922,29.0781333333333
"USDTRY",2024-02-01,30.773019047619,31.1032029162591,30.0395826086957
"USDTRY",2024-03-01,32.0116380952381,31.5266993992436,30.773019047619
"USDTRY",2024-04-01,32.2756590909091,33.1341241619314,32.0116380952381
"USDTRY",2024-05-01,32.216452173913,32.7241314550469,32.2756590909091
"USDTRY",2024-06-01,32.52592,32.7141113477212,32.216452173913
"USDTRY",2024-07-01,32.8792304347826,33.2378339561962,32.52592
"USDTRY",2024-08-01,33.6457181818182,33.4366335494998,32.8792304347826
"USDTRY",2024-09-01,34.009280952381,34.3556977203555,33.6457181818182
"USDTRY",2024-10-01,34.2050956521739,34.3742750956876,34.009280952381
"USDTRY",2024-11-01,34.4147523809524,34.5844085815484,34.2050956521739
"USDTRY",2024-12-01,34.9671636363636,34.8432645101267,34.4147523809524
"USDTRY",2025-01-01,35.5012695652174,35.6108354470887,34.9671636363636
"USDTRY",2025-02-01,36.157475,35.9793686606221,35.5012695652174
"USDTRY",2025-03-01,37.1078619047619,36.7209780783223,36.157475
"USDTRY",2025-04-01,38.0767772727273,37.8263878904704,37.1078619047619
"USDTRY",2025-05-01,38.7332181818182,38.7043015276459,38.0767772727273
"USDTRY",2025-06-01,39.3801380952381,39.2087785300188,38.7332181818182
"USDTRY",2025-07-01,40.175047826087,39.9823080833362,39.3801380952381
"USDTRY",2025-08-01,40.7855619047619,40.8567585150253,40.175047826087
"USDTRY",2025-09-01,41.2819454545455,41.3185484980407,40.7855619047619
"USDTRY",2025-10-01,41.7906913043478,41.7861353210557,41.2819454545455
"USDTRY",2025-11-01,42.240315,42.3247930943669,41.7906913043478
"USDTRY",2025-12-01,42.6458260869565,42.7000306007318,42.240315
"USDTRY",2026-01-01,43.1617136363636,43.0676856832736,42.6458260869565
"USDTRY",2026-02-01,43.64791,43.6281164601176,43.1617136363636
"USDTRY",2026-03-01,44.1432318181818,44.0095834394823,43.64791
"USDTRY",2026-04-01,44.7234772727273,44.4657077240698,44.1432318181818
"USDTRY",2026-05-01,45.4224714285714,45.0161302931234,44.7234772727273
"USDTRY",2026-06-01,46.2197954545455,45.6362542888263,45.4224714285714
"USDTRY",2026-07-01,47.0242086956522,46.8210775073909,46.2197954545455
"USDTRY",2026-08-01,47.8213571428571,47.627391801713,47.0242086956522
"BIST100",2004-04-01,180.227005004883,191.354877355175,201.908004760742
"BIST100",2004-05-01,170.811004638672,174.74754694269,180.227005004883
"BIST100",2004-06-01,179.675994873047,165.601532950717,170.811004638672
"BIST100",2004-07-01,193.809005737305,172.562268313961,179.675994873047
"BIST100",2004-08-01,202.184005737305,186.267642753415,193.809005737305
"BIST100",2004-09-01,219.535003662109,198.080522701299,202.184005737305
"BIST100",2004-10-01,228.998992919922,217.09954378594,219.535003662109
"BIST100",2004-11-01,224.861999511719,230.16500176041,228.998992919922
"BIST100",2004-12-01,249.716995239258,230.823043351187,224.861999511719
"BIST100",2005-01-01,273.303985595703,253.108030305831,249.716995239258
"BIST100",2005-02-01,283.962005615234,277.238748696014,273.303985595703
"BIST100",2005-03-01,255.578002929688,294.013768983247,283.962005615234
"BIST100",2005-04-01,235.916000366211,270.409886648495,255.578002929688
"BIST100",2005-05-01,252.365005493164,242.154769977432,235.916000366211
"BIST100",2005-06-01,269.572998046875,255.628134048833,252.365005493164
"BIST100",2005-07-01,296.153015136719,270.951603907097,269.572998046875
"BIST100",2005-08-01,309.079986572266,299.596381159967,296.153015136719
"BIST100",2005-09-01,333.332000732422,314.141337866462,309.079986572266
"BIST100",2005-10-01,319.640014648438,341.531751098087,333.332000732422
"BIST100",2005-11-01,380.886993408203,326.735805179075,319.640014648438
"BIST100",2005-12-01,397.777008056641,389.352952392138,380.886993408203
"BIST100",2006-01-01,445.902008056641,410.817861792537,397.777008056641
"BIST100",2006-02-01,470.158996582031,467.578380398772,445.902008056641
"BIST100",2006-03-01,429.113006591797,499.307224853155,470.158996582031
"BIST100",2006-04-01,438.803985595703,456.988557390427,429.113006591797
"BIST100",2006-05-01,381.321990966797,457.982596906768,438.803985595703
"BIST100",2006-06-01,354.532989501953,387.868070278163,381.321990966797
"BIST100",2006-07-01,360.678985595703,338.387584974445,354.532989501953
"BIST100",2006-08-01,372.859008789062,357.109259714854,360.678985595703
"BIST100",2006-09-01,369.248992919922,375.549748326718,372.859008789062
"BIST100",2006-10-01,405.822998046875,372.097545630436,369.248992919922
"BIST100",2006-11-01,381.684997558594,407.576148577013,405.822998046875
"BIST100",2006-12-01,391.174987792969,390.770842760362,381.684997558594
"BIST100",2007-01-01,411.825988769531,387.189766083878,391.174987792969
"BIST100",2007-02-01,414.309997558594,414.999369701235,411.825988769531
"BIST100",2007-03-01,436.610992431641,419.459110957448,414.309997558594
"BIST100",2007-04-01,449.845001220703,438.171144149279,436.610992431641
"BIST100",2007-05-01,470.815002441406,455.908351639183,449.845001220703
"BIST100",2007-06-01,470.93701171875,475.76042363994,470.815002441406
"BIST100",2007-07-01,528.2490234375,476.180708868913,470.93701171875
"BIST100",2007-08-01,501.985992431641,530.721478506636,528.2490234375
"BIST100",2007-09-01,540.442016601562,518.659295471732,501.985992431641
"BIST100",2007-10-01,576.156982421875,532.849673126296,540.442016601562
"BIST100",2007-11-01,542.138000488281,589.798159821322,576.156982421875
"BIST100",2007-12-01,555.380981445312,554.647921135041,542.138000488281
"BIST100",2008-01-01,426.976013183594,554.098850804291,555.380981445312
"BIST100",2008-02-01,447.769012451172,431.784893803388,426.976013183594
"BIST100",2008-03-01,390.153991699219,397.06530051284,447.769012451172
"BIST100",2008-04-01,434.680999755859,402.517068802568,390.153991699219
"BIST100",2008-05-01,399.696014404297,405.575480195331,434.680999755859
"BIST100",2008-06-01,350.894989013672,423.249939822809,399.696014404297
"BIST100",2008-07-01,422.007995605469,345.670414160362,350.894989013672
"BIST100",2008-08-01,398.445007324219,396.4856173152,422.007995605469
"BIST100",2008-09-01,360.513000488281,424.800905505859,398.445007324219
"BIST100",2008-10-01,278.329010009766,365.227885307272,360.513000488281
"BIST100",2008-11-01,257.149993896484,284.379016573826,278.329010009766
"BIST100",2008-12-01,268.640991210938,246.534941867361,257.149993896484
"BIST100",2009-01-01,259.343994140625,276.589378216683,268.640991210938
"BIST100",2009-02-01,240.266006469727,276.455653662161,259.343994140625
"BIST100",2009-03-01,257.648010253906,251.591792344502,240.266006469727
"BIST100",2009-04-01,316.518005371094,266.697164069363,257.648010253906
"BIST100",2009-05-01,350.029998779297,334.672692453531,316.518005371094
"BIST100",2009-06-01,369.492004394531,377.75996019264,350.029998779297
"BIST100",2009-07-01,426.412994384766,385.314717127644,369.492004394531
"BIST100",2009-08-01,465.511993408203,431.298667582051,426.412994384766
"BIST100",2009-09-01,479.102996826172,479.000102855178,465.511993408203
"BIST100",2009-10-01,471.846984863281,482.832122670774,479.102996826172
"BIST100",2009-11-01,453.502014160156,466.166925552685,471.846984863281
"BIST100",2009-12-01,528.25,442.299191491581,453.502014160156
"BIST100",2010-01-01,546.505981445312,508.990263106793,528.25
"BIST100",2010-02-01,497.054992675781,552.773741660151,546.505981445312
"BIST100",2010-03-01,565.383972167969,487.684510323599,497.054992675781
"BIST100",2010-04-01,589.591003417969,536.292504134195,565.383972167969
"BIST100",2010-05-01,543.848999023438,591.713544455611,589.591003417969
"BIST100",2010-06-01,548.39501953125,537.774037420733,543.848999023438
"BIST100",2010-07-01,598.668029785156,532.312088107006,548.39501953125
"BIST100",2010-08-01,599.726013183594,588.938303868964,598.668029785156
"BIST100",2010-09-01,657.744018554688,598.156705269084,599.726013183594
"BIST100",2010-10-01,687.60498046875,649.160090245717,657.744018554688
"BIST100",2010-11-01,653.508972167969,691.187250473777,687.60498046875
"BIST100",2010-12-01,660.044982910156,653.18948437232,653.508972167969
"BIST100",2011-01-01,632.781005859375,652.216109469689,660.044982910156
"BIST100",2011-02-01,612.838989257812,629.695797410167,632.781005859375
"BIST100",2011-03-01,644.344970703125,604.861793636484,612.838989257812
"BIST100",2011-04-01,692.5009765625,637.077791238284,644.344970703125
"BIST100",2011-05-01,630.460021972656,691.182198220871,692.5009765625
"BIST100",2011-06-01,632.693969726562,634.003458227342,630.460021972656
"BIST100",2011-07-01,622.956970214844,625.42211361869,632.693969726562
"BIST100",2011-08-01,539.460998535156,619.70425549483,622.956970214844
"BIST100",2011-09-01,596.934020996094,538.598085965304,539.460998535156
"BIST100",2011-10-01,560.614990234375,586.183870187775,596.934020996094
"BIST100",2011-11-01,545.177978515625,563.366009536864,560.614990234375
"BIST100",2011-12-01,512.666015625,540.96939697134,545.177978515625
"BIST100",2012-01-01,571.713012695312,511.550713886658,512.666015625
"BIST100",2012-02-01,607.211975097656,565.490614099501,571.713012695312
"BIST100",2012-03-01,624.22998046875,603.891493589323,607.211975097656
"BIST100",2012-04-01,600.10400390625,620.690547843714,624.22998046875
"BIST100",2012-05-01,550.992980957031,598.903096149494,600.10400390625
"BIST100",2012-06-01,625.434997558594,554.468750405081,550.992980957031
"BIST100",2012-07-01,642.594970703125,629.424990344476,625.434997558594
"BIST100",2012-08-01,673.679992675781,633.552403614073,642.594970703125
"BIST100",2012-09-01,663.966979980469,672.999791930818,673.679992675781
"BIST100",2012-10-01,725.289978027344,661.261682765637,663.966979980469
"BIST100",2012-11-01,730.585021972656,722.989066201831,725.289978027344
"BIST100",2012-12-01,782.083984375,721.802365552387,730.585021972656
"BIST100",2013-01-01,787.835021972656,773.608339913786,782.083984375
"BIST100",2013-02-01,793.336975097656,776.906594423291,787.835021972656
"BIST100",2013-03-01,858.989990234375,785.254301121615,793.336975097656
"BIST100",2013-04-01,860.460021972656,840.86933053157,858.989990234375
"BIST100",2013-05-01,859.900024414062,848.368246487483,860.460021972656
"BIST100",2013-06-01,762.945007324219,859.403227326501,859.900024414062
"BIST100",2013-07-01,733.775024414062,769.645825531926,762.945007324219
"BIST100",2013-08-01,663.943969726562,742.370208637655,733.775024414062
"BIST100",2013-09-01,744.866027832031,666.528028429943,663.943969726562
"BIST100",2013-10-01,776.203979492188,733.402390095116,744.866027832031
"BIST100",2013-11-01,757.482971191406,762.821090326373,776.203979492188
"BIST100",2013-12-01,678.017028808594,750.684998302872,757.482971191406
"BIST100",2014-01-01,618.581970214844,682.409653585008,678.017028808594
"BIST100",2014-02-01,625.533020019531,625.82005915103,618.581970214844
"BIST100",2014-03-01,697.362976074219,631.498392117273,625.533020019531
"BIST100",2014-04-01,738.715026855469,699.357130827105,697.362976074219
"BIST100",2014-05-01,792.898010253906,733.189029028455,738.715026855469
"BIST100",2014-06-01,784.890014648438,787.64256886228,792.898010253906
"BIST100",2014-07-01,821.568969726562,773.162945827654,784.890014648438
"BIST100",2014-08-01,803.129028320312,807.84607517223,821.568969726562
"BIST100",2014-09-01,749.377990722656,789.552440418098,803.129028320312
"BIST100",2014-10-01,805.796997070312,731.789941224817,749.377990722656
"BIST100",2014-11-01,861.68701171875,794.580337463392,805.796997070312
"BIST100",2014-12-01,857.210998535156,854.667612053194,861.68701171875
"BIST100",2015-01-01,889.4580078125,844.078760527667,857.210998535156
"BIST100",2015-02-01,841.474975585938,879.762159146127,889.4580078125
"BIST100",2015-03-01,808.460021972656,826.845420967841,841.474975585938
"BIST100",2015-04-01,839.469970703125,793.590720432343,808.460021972656
"BIST100",2015-05-01,829.81201171875,831.594876953881,839.469970703125
"BIST100",2015-06-01,822.494995117188,821.601678188851,829.81201171875
"BIST100",2015-07-01,799.096984863281,813.543377153354,822.494995117188
"BIST100",2015-08-01,752.10400390625,790.647767847664,799.096984863281
"BIST100",2015-09-01,742.054992675781,745.142142946011,752.10400390625
"BIST100",2015-10-01,794.090026855469,738.526881993476,742.054992675781
"BIST100",2015-11-01,752.328002929688,800.77913352044,794.090026855469
"BIST100",2015-12-01,717.27001953125,747.502050924117,752.328002929688
"BIST100",2016-01-01,734.810974121094,720.315698591054,717.27001953125
"BIST100",2016-02-01,758.143981933594,743.629375899825,734.810974121094
"BIST100",2016-03-01,832.679992675781,762.89764706206,758.143981933594
"BIST100",2016-04-01,853.278015136719,835.97021597496,832.679992675781
"BIST100",2016-05-01,778.033996582031,842.320163970357,853.278015136719
"BIST100",2016-06-01,768.171997070312,760.270965336307,778.033996582031
"BIST100",2016-07-01,754.054992675781,765.56636709811,768.171997070312
"BIST100",2016-08-01,759.676025390625,756.387372578813,754.054992675781
"BIST100",2016-09-01,764.883972167969,765.880455269063,759.676025390625
"BIST100",2016-10-01,785.361999511719,771.738570254847,764.883972167969
"BIST100",2016-11-01,739.952026367188,789.295250768877,785.361999511719
"BIST100",2016-12-01,781.387023925781,739.721209442939,739.952026367188
"BIST100",2017-01-01,862.956970214844,790.70260241834,781.387023925781
"BIST100",2017-02-01,874.783020019531,862.249168469252,862.956970214844
"BIST100",2017-03-01,889.473999023438,846.153046523754,874.783020019531
"BIST100",2017-04-01,946.552978515625,857.932345183208,889.473999023438
"BIST100",2017-05-01,975.416015625,921.269124212403,946.552978515625
"BIST100",2017-06-01,1004.40399169922,939.658387620107,975.416015625
"BIST100",2017-07-01,1075.31396484375,985.681804418059,1004.40399169922
"BIST100",2017-08-01,1100.10498046875,1082.43315728244,1075.31396484375
"BIST100",2017-09-01,1029.07702636719,1092.79034316275,1100.10498046875
"BIST100",2017-10-01,1101.42602539062,994.530198317757,1029.07702636719
"BIST100",2017-11-01,1039.84399414062,1150.6488015004,1101.42602539062
"BIST100",2017-12-01,1153.32995605469,1016.17770098344,1039.84399414062
"BIST100",2018-01-01,1195.28796386719,1160.0002730453,1153.32995605469
"BIST100",2018-02-01,1189.50805664062,1199.21781093767,1195.28796386719
"BIST100",2018-03-01,1149.30200195312,1197.75640095246,1189.50805664062
"BIST100",2018-04-01,1042.82800292969,1156.69126670674,1149.30200195312
"BIST100",2018-05-01,1006.52301025391,1033.10139640923,1042.82800292969
"BIST100",2018-06-01,965.200988769531,1000.66775650612,1006.52301025391
"BIST100",2018-07-01,969.52197265625,956.567337445568,965.200988769531
"BIST100",2018-08-01,927.234008789062,965.645211678569,969.52197265625
"BIST100",2018-09-01,999.568969726562,922.512772917103,927.234008789062
"BIST100",2018-10-01,902.007019042969,996.922311903293,999.568969726562
"BIST100",2018-11-01,954.159973144531,910.58769074225,902.007019042969
"BIST100",2018-12-01,912.705017089844,930.756138504109,954.159973144531
"BIST100",2019-01-01,1040.74194335938,925.180254159286,912.705017089844
"BIST100",2019-02-01,1045.29895019531,1012.36179718641,1040.74194335938
"BIST100",2019-03-01,937.841979980469,1069.64048030884,1045.29895019531
"BIST100",2019-04-01,954.156005859375,946.098036075041,937.841979980469
"BIST100",2019-05-01,905.89697265625,937.028192780343,954.156005859375
"BIST100",2019-06-01,964.85302734375,913.561412485314,905.89697265625
"BIST100",2019-07-01,1020.82501220703,950.044780852045,964.85302734375
"BIST100",2019-08-01,967.184997558594,1021.03216430806,1020.82501220703
"BIST100",2019-09-01,1050.32995605469,978.683728292275,967.184997558594
"BIST100",2019-10-01,984.684997558594,1026.57866911626,1050.32995605469
"BIST100",2019-11-01,1069.03698730469,1006.04908506111,984.684997558594
"BIST100",2019-12-01,1144.25,1036.85557695361,1069.03698730469
"BIST100",2020-01-01,1191.40100097656,1136.44136856693,1144.25
"BIST100",2020-02-01,1059.93701171875,1186.14003576097,1191.40100097656
"BIST100",2020-03-01,896.43701171875,1075.92949297433,1059.93701171875
"BIST100",2020-04-01,1011.10101318359,886.478708685823,896.43701171875
"BIST100",2020-05-01,1055.20495605469,992.710919550503,1011.10101318359
"BIST100",2020-06-01,1165.248046875,1048.61751694265,1055.20495605469
"BIST100",2020-07-01,1126.90002441406,1141.67346192895,1165.248046875
"BIST100",2020-08-01,1078.59997558594,1117.26299807725,1126.90002441406
"BIST100",2020-09-01,1145.19995117188,1064.55943049646,1078.59997558594
"BIST100",2020-10-01,1112.40002441406,1115.75571088911,1145.19995117188
"BIST100",2020-11-01,1283.59997558594,1098.32736097787,1112.40002441406
"BIST100",2020-12-01,1476.69995117188,1213.79774499399,1283.59997558594
"BIST100",2021-01-01,1473.5,1433.96501729176,1476.69995117188
"BIST100",2021-02-01,1471.40002441406,1439.07682861317,1473.5
"BIST100",2021-03-01,1391.69995117188,1426.02640485519,1471.40002441406
"BIST100",2021-04-01,1397.80004882812,1337.49992200715,1391.69995117188
"BIST100",2021-05-01,1420.5,1356.00094488825,1397.80004882812
"BIST100",2021-06-01,1356.30004882812,1395.29310115035,1420.5
"BIST100",2021-07-01,1392.90002441406,1331.72508474668,1356.30004882812
"BIST100",2021-08-01,1472.09997558594,1369.28828552638,1392.90002441406
"BIST100",2021-09-01,1406.40002441406,1456.5194531592,1472.09997558594
"BIST100",2021-10-01,1522,1394.07481884261,1406.40002441406
"BIST100",2021-11-01,1809.69995117188,1504.66009562493,1522
"BIST100",2021-12-01,1857.69995117188,1836.92412177422,1809.69995117188
"BIST100",2022-01-01,2003.19995117188,1865.67114617129,1857.69995117188
"BIST100",2022-02-01,1946.19995117188,2075.60328675868,2003.19995117188
"BIST100",2022-03-01,2233.30004882812,1980.32483643491,1946.19995117188
"BIST100",2022-04-01,2430.60009765625,2320.96999170315,2233.30004882812
"BIST100",2022-05-01,2547.10009765625,2565.31767203666,2430.60009765625
"BIST100",2022-06-01,2405.39990234375,2706.96967245039,2547.10009765625
"BIST100",2022-07-01,2592.39990234375,2509.46400542407,2405.39990234375
"BIST100",2022-08-01,3171.19995117188,2728.7654103706,2592.39990234375
"BIST100",2022-09-01,3180,3352.22203826636,3171.19995117188
"BIST100",2022-10-01,3979,3264.89120317809,3180
"BIST100",2022-11-01,4977.60009765625,4236.55198060079,3979
"BIST100",2022-12-01,5509.2001953125,5611.43208011498,4977.60009765625
"BIST100",2023-01-01,4976.60009765625,6239.21975540027,5509.2001953125
"BIST100",2023-02-01,5237.2998046875,5317.68527911739,4976.60009765625
"BIST100",2023-03-01,4812.89990234375,6326.94884114969,5237.2998046875
"BIST100",2023-04-01,4617.89990234375,4822.62423759438,4812.89990234375
"BIST100",2023-05-01,4886.89990234375,4563.7372915517,4617.89990234375
"BIST100",2023-06-01,5759.10009765625,5042.28679252792,4886.89990234375
"BIST100",2023-07-01,7217,6168.80203729108,5759.10009765625
"BIST100",2023-08-01,7917.89990234375,8113.04158153186,7217
"BIST100",2023-09-01,8334.900390625,8390.74585695585,7917.89990234375
"BIST100",2023-10-01,7514.10009765625,8839.74476483482,8334.900390625
"BIST100",2023-11-01,7948.60009765625,7152.29359746032,7514.10009765625
"BIST100",2023-12-01,7470.2001953125,8557.58088234172,7948.60009765625
"BIST100",2024-01-01,8496.7001953125,7443.39266140085,7470.2001953125
"BIST100",2024-02-01,9193.7001953125,8824.53208150638,8496.7001953125
"BIST100",2024-03-01,9142.400390625,9672.0610757882,9193.7001953125
"BIST100",2024-04-01,10045.7001953125,9395.26769886738,9142.400390625
"BIST100",2024-05-01,10400.5,10512.7722393918,10045.7001953125
"BIST100",2024-06-01,10647.900390625,10840.0049081725,10400.5
"BIST100",2024-07-01,10638.599609375,11032.5596119702,10647.900390625
"BIST100",2024-08-01,9833.2001953125,10927.0107569703,10638.599609375
"BIST100",2024-09-01,9665.7998046875,9784.87270438678,9833.2001953125
"BIST100",2024-10-01,8863.900390625,9652.28287873816,9665.7998046875
"BIST100",2024-11-01,9652,8658.96284653495,8863.900390625
"BIST100",2024-12-01,9830.599609375,9722.58387780066,9652
"BIST100",2025-01-01,10004.400390625,10062.8689076863,9830.599609375
"BIST100",2025-02-01,9658.7001953125,10140.3733719504,10004.400390625
"BIST100",2025-03-01,9659.5,9688.17545686752,9658.7001953125
"BIST100",2025-04-01,9078.400390625,9660.66967289375,9659.5
"BIST100",2025-05-01,9019.599609375,9016.67470178745,9078.400390625
"BIST100",2025-06-01,9948.5,8938.06110849251,9019.599609375
"BIST100",2025-07-01,10743.2001953125,10132.3473978788,9948.5
"BIST100",2025-08-01,11288.099609375,11032.168632124,10743.2001953125
"BIST100",2025-09-01,11012.099609375,11532.6654704102,11288.099609375
"BIST100",2025-10-01,10971.5,11043.9900617931,11012.099609375
"BIST100",2025-11-01,10898.7001953125,10978.1118603495,10971.5
"BIST100",2025-12-01,11261.5,10912.8181785397,10898.7001953125
"BIST100",2026-01-01,13838.2998046875,11352.115352644,11261.5
"BIST100",2026-02-01,13717.7998046875,14535.9660900769,13838.2998046875
"BIST100",2026-03-01,12791,13826.330884572,13717.7998046875
"BIST100",2026-04-01,14442.599609375,12714.7352670557,12791
"BIST100",2026-05-01,13662.7998046875,14854.8159142691,14442.599609375
"BIST100",2026-06-01,14121.7998046875,13635.6289104895,13662.7998046875
"BIST100",2026-07-01,13458.099609375,14208.538551453,14121.7998046875
"BIST100",2026-08-01,14334.099609375,13497.5922316632,13458.099609375
"BIST100",2026-09-01,13074.400390625,14315.931520522,14334.099609375
"FAIZ",2006-12-01,17.5,17.3402062498083,17.5
"FAIZ",2007-01-01,17.5,17.3734660333143,17.5
"FAIZ",2007-02-01,17.5,17.3993072904003,17.5
"FAIZ",2007-03-01,17.5,17.4081555486524,17.5
"FAIZ",2007-04-01,17.5,17.4075509609848,17.5
"FAIZ",2007-05-01,17.5,17.4072711727755,17.5
"FAIZ",2007-06-01,17.5,17.4100354690908,17.5
"FAIZ",2007-07-01,17.5,17.4056953392683,17.5
"FAIZ",2007-08-01,17.5,17.401269313843,17.5
"FAIZ",2007-09-01,17.25,17.398349872863,17.5
"FAIZ",2007-10-01,16.75,17.1126898917577,17.25
"FAIZ",2007-11-01,16.25,16.5995622260262,16.75
"FAIZ",2007-12-01,15.75,16.1585786046318,16.25
"FAIZ",2008-01-01,15.5,15.693882116196,15.75
"FAIZ",2008-02-01,15.25,15.5314385770093,15.5
"FAIZ",2008-03-01,15.25,15.2553882495267,15.25
"FAIZ",2008-04-01,15.25,15.298655734882,15.25
"FAIZ",2008-05-01,15.75,15.2315748092988,15.25
"FAIZ",2008-06-01,16.25,15.8369906237556,15.75
"FAIZ",2008-07-01,16.75,16.2799685638967,16.25
"FAIZ",2008-08-01,16.75,16.8035768754393,16.75
"FAIZ",2008-09-01,16.75,16.7266351017277,16.75
"FAIZ",2008-10-01,16.75,16.7821705007606,16.75
"FAIZ",2008-11-01,16.25,16.6927300320699,16.75
"FAIZ",2008-12-01,15,16.1357560048427,16.25
"FAIZ",2009-01-01,13,14.8590815849148,15
"FAIZ",2009-02-01,11.5,12.6761561531594,13
"FAIZ",2009-03-01,10.5,11.1834210181625,11.5
"FAIZ",2009-04-01,9.75,10.0303031009484,10.5
"FAIZ",2009-05-01,9.25,9.65221113971267,9.75
"FAIZ",2009-06-01,8.75,9.47325355417178,9.25
"FAIZ",2009-07-01,8.25,8.82621341710876,8.75
"FAIZ",2009-08-01,7.75,8.27889390864331,8.25
"FAIZ",2009-09-01,7.25,7.71292787815426,7.75
"FAIZ",2009-10-01,6.75,7.10877243459563,7.25
"FAIZ",2009-11-01,6.5,6.55616295647701,6.75
"FAIZ",2009-12-01,6.5,6.39386298747357,6.5
"FAIZ",2010-01-01,6.5,6.52897892209298,6.5
"FAIZ",2010-02-01,6.5,6.56875376330088,6.5
"FAIZ",2010-03-01,6.5,6.58102954079414,6.5
"FAIZ",2010-04-01,6.5,6.56824069917171,6.5
"FAIZ",2010-05-01,7,6.56395001423388,6.5
"FAIZ",2010-06-01,7,7.293221470551,7
"FAIZ",2010-07-01,7,7.12225940271472,7
"FAIZ",2010-08-01,7,7.1128065701194,7
"FAIZ",2010-09-01,7,7.05332877667327,7
"FAIZ",2010-10-01,7,7.04829353390823,7
"FAIZ",2010-11-01,7,7.04894291007137,7
"FAIZ",2010-12-01,6.5,7.04320759455821,7
"FAIZ",2011-01-01,6.25,6.27390737553434,6.5
"FAIZ",2011-02-01,6.25,6.05813533305887,6.25
"FAIZ",2011-03-01,6.25,6.31952282557217,6.25
"FAIZ",2011-04-01,6.25,6.25279044627315,6.25
"FAIZ",2011-05-01,6.25,6.23658359500935,6.25
"FAIZ",2011-06-01,6.25,6.23769665157598,6.25
"FAIZ",2011-07-01,6.25,6.23872386545515,6.25
"FAIZ",2011-08-01,5.75,6.2396831760621,6.25
"FAIZ",2011-09-01,5.75,5.19077759913025,5.75
"FAIZ",2011-10-01,5.75,5.81249476404186,5.75
"FAIZ",2011-11-01,5.75,5.79556260345322,5.75
"FAIZ",2011-12-01,5.75,5.74194180324514,5.75
"FAIZ",2012-01-01,5.75,5.74318526314174,5.75
"FAIZ",2012-02-01,5.75,5.74444740582975,5.75
"FAIZ",2012-03-01,5.75,5.74575471236325,5.75
"FAIZ",2012-04-01,5.75,5.7451838579025,5.75
"FAIZ",2012-05-01,5.75,5.74443230729776,5.75
"FAIZ",2012-06-01,5.75,5.74515194519866,5.75
"FAIZ",2012-07-01,5.75,5.7455375467314,5.75
"FAIZ",2012-08-01,5.75,5.7487884004705,5.75
"FAIZ",2012-09-01,5.75,5.74905292219556,5.75
"FAIZ",2012-10-01,5.75,5.75245113955082,5.75
"FAIZ",2012-11-01,5.75,5.75312186208244,5.75
"FAIZ",2012-12-01,5.5,5.75793207252624,5.75
"FAIZ",2013-01-01,5.5,5.29532521185832,5.5
"FAIZ",2013-02-01,5.5,5.5561401871393,5.5
"FAIZ",2013-03-01,5.5,5.51494171105311,5.5
"FAIZ",2013-04-01,5,5.52473588640235,5.5
"FAIZ",2013-05-01,4.5,4.75569423994419,5
"FAIZ",2013-06-01,4.5,4.41852425168854,4.5
"FAIZ",2013-07-01,4.5,4.76710713870197,4.5
"FAIZ",2013-08-01,4.5,4.57288294439994,4.5
"FAIZ",2013-09-01,4.5,4.5554283505197,4.5
"FAIZ",2013-10-01,4.5,4.54912815051281,4.5
"FAIZ",2013-11-01,4.5,4.5458867084347,4.5
"FAIZ",2013-12-01,4.5,4.55028345089793,4.5
"FAIZ",2014-01-01,10,4.54515853980235,4.5
"FAIZ",2014-02-01,10,11.4896046250014,10
"FAIZ",2014-03-01,10,9.83138534882453,10
"FAIZ",2014-04-01,10,9.87504861626658,10
"FAIZ",2014-05-01,9.5,8.9301141089395,10
"FAIZ",2014-06-01,8.75,8.63982989209651,9.5
"FAIZ",2014-07-01,8.25,7.94128505708515,8.75
"FAIZ",2014-08-01,8.25,7.52982039315915,8.25
"FAIZ",2014-09-01,8.25,7.72227457487177,8.25
"FAIZ",2014-10-01,8.25,7.87127408105846,8.25
"FAIZ",2014-11-01,8.25,7.95049386596037,8.25
"FAIZ",2014-12-01,8.25,7.95686010988814,8.25
"FAIZ",2015-01-01,7.75,7.9723812882902,8.25
"FAIZ",2015-02-01,7.5,7.48190266604826,7.75
"FAIZ",2015-03-01,7.5,7.25516584267562,7.5
"FAIZ",2015-04-01,7.5,7.27117777431387,7.5
"FAIZ",2015-05-01,7.5,7.32307135444734,7.5
"FAIZ",2015-06-01,7.5,7.34784604480812,7.5
"FAIZ",2015-07-01,7.5,7.36212242479313,7.5
"FAIZ",2015-08-01,7.5,7.37037876100658,7.5
"FAIZ",2015-09-01,7.5,7.37375748181938,7.5
"FAIZ",2015-10-01,7.5,7.37720532131868,7.5
"FAIZ",2015-11-01,7.5,7.38124578378891,7.5
"FAIZ",2015-12-01,7.5,7.38542025121952,7.5
"FAIZ",2016-01-01,7.5,7.38947959613579,7.5
"FAIZ",2016-02-01,7.5,7.39343226528923,7.5
"FAIZ",2016-03-01,7.5,7.40509872192836,7.5
"FAIZ",2016-04-01,7.5,7.40899019939219,7.5
"FAIZ",2016-05-01,7.5,7.41298606141342,7.5
"FAIZ",2016-06-01,7.5,7.41695096031009,7.5
"FAIZ",2016-07-01,7.5,7.42100979888656,7.5
"FAIZ",2016-08-01,7.5,7.42502263064917,7.5
"FAIZ",2016-09-01,7.5,7.4290009439183,7.5
"FAIZ",2016-10-01,7.5,7.43295625330984,7.5
"FAIZ",2016-11-01,8,7.43690021812054,7.5
"FAIZ",2016-12-01,8,7.92679969447051,8
"FAIZ",2017-01-01,8,7.91819122722415,8
"FAIZ",2017-02-01,8,7.92029673897482,8
"FAIZ",2017-03-01,8,7.8857675277064,8
"FAIZ",2017-04-01,8,7.89058465472198,8
"FAIZ",2017-05-01,8,7.89528792634434,8
"FAIZ",2017-06-01,8,7.89989954396962,8
"FAIZ",2017-07-01,8,7.90630963107021,8
"FAIZ",2017-08-01,8,7.91073191507735,8
"FAIZ",2017-09-01,8,7.91520543571936,8
"FAIZ",2017-10-01,8,7.91973086382724,8
"FAIZ",2017-11-01,8,7.92719208950253,8
"FAIZ",2017-12-01,8,7.93418986891435,8
"FAIZ",2018-01-01,8,7.93866180079576,8
"FAIZ",2018-02-01,8,7.94376361821469,8
"FAIZ",2018-03-01,8,7.94815895431172,8
"FAIZ",2018-04-01,8,7.9513733271301,8
"FAIZ",2018-05-01,8,7.95546621682788,8
"FAIZ",2018-06-01,17.75,7.9613166669627,8
"FAIZ",2018-07-01,17.75,12.5172403628934,17.75
"FAIZ",2018-08-01,17.75,16.979777685767,17.75
"FAIZ",2018-09-01,24,16.9037772282041,17.75
"FAIZ",2018-10-01,24,26.1516722196594,24
"FAIZ",2018-11-01,24,23.7092517118378,24
"FAIZ",2018-12-01,24,27.8715573343028,24
"FAIZ",2019-01-01,24,22.1495692245089,24
"FAIZ",2019-02-01,24,23.1800168831645,24
"FAIZ",2019-03-01,24,23.4607612740591,24
"FAIZ",2019-04-01,24,23.5954259882085,24
"FAIZ",2019-05-01,24,23.6791942463831,24
"FAIZ",2019-06-01,24,23.7358296793173,24
"FAIZ",2019-07-01,19.75,23.7758734126802,24
"FAIZ",2019-08-01,19.75,19.0112652983649,19.75
"FAIZ",2019-09-01,16.5,19.1177700835339,19.75
"FAIZ",2019-10-01,14,13.7221965631433,16.5
"FAIZ",2019-11-01,14,13.261199442931,14
"FAIZ",2019-12-01,12,11.8534850240967,14
"FAIZ",2020-01-01,11.25,10.6391703182908,12
"FAIZ",2020-02-01,10.75,11.0519191229144,11.25
"FAIZ",2020-03-01,9.75,9.72879995568303,10.75
"FAIZ",2020-04-01,8.75,9.4573731797099,9.75
"FAIZ",2020-05-01,8.25,8.57942024829872,8.75
"FAIZ",2020-06-01,8.25,7.87382602719348,8.25
"FAIZ",2020-07-01,8.25,7.97481564439248,8.25
"FAIZ",2020-08-01,8.25,8.30960407382959,8.25
"FAIZ",2020-09-01,10.25,8.5722968444929,8.25
"FAIZ",2020-10-01,10.25,10.5396000033249,10.25
"FAIZ",2020-11-01,15,10.7324209772373,10.25
"FAIZ",2020-12-01,17,16.0801341422175,15
"FAIZ",2021-01-01,17,17.6969805108503,17
"FAIZ",2021-02-01,17,19.5568871044038,17
"FAIZ",2021-03-01,19,17.6410852919026,17
"FAIZ",2021-04-01,19,18.6685883918177,19
"FAIZ",2021-05-01,19,18.85367871419,19
"FAIZ",2021-06-01,19,19.5296130239483,19
"FAIZ",2021-07-01,19,18.5604873213218,19
"FAIZ",2021-08-01,19,18.5765710923158,19
"FAIZ",2021-09-01,18,18.591905993192,19
"FAIZ",2021-10-01,16,17.619200487366,18
"FAIZ",2021-11-01,15,15.5688722523485,16
"FAIZ",2021-12-01,14,14.1051991022341,15
"FAIZ",2022-01-01,14,12.8991924895903,14
"FAIZ",2022-02-01,14,13.5140770134563,14
"FAIZ",2022-03-01,14,13.6963863844271,14
"FAIZ",2022-04-01,14,14.198492979229,14
"FAIZ",2022-05-01,14,14.2182058561982,14
"FAIZ",2022-06-01,14,14.2394385047733,14
"FAIZ",2022-07-01,14,14.2624102554481,14
"FAIZ",2022-08-01,13,14.2873829602777,14
"FAIZ",2022-09-01,12,13.3647666613586,13
"FAIZ",2022-10-01,10.5,12.3608746327978,12
"FAIZ",2022-11-01,9,10.5432749953943,10.5
"FAIZ",2022-12-01,9,9.1799747857567,9
"FAIZ",2023-01-01,9,8.60131577012855,9
"FAIZ",2023-02-01,8.5,8.88699331092964,9
"FAIZ",2023-03-01,8.5,9.10981649952982,8.5
"FAIZ",2023-04-01,8.5,8.84375267305633,8.5
"FAIZ",2023-05-01,8.5,8.83171654659803,8.5
"FAIZ",2023-06-01,15,8.93542720118224,8.5
"FAIZ",2023-07-01,17.5,15.9241235839203,15
"FAIZ",2023-08-01,25,19.8301702961017,17.5
"FAIZ",2023-09-01,30,28.6607902310179,25
"FAIZ",2023-10-01,35,34.6346097657863,30
"FAIZ",2023-11-01,40,38.8712768810583,35
"FAIZ",2023-12-01,42.5,42.6754934024467,40
"FAIZ",2024-01-01,45,43.8812996810407,42.5
"FAIZ",2024-02-01,45,45.2789805208111,45
"FAIZ",2024-03-01,50,43.509601929018,45
"FAIZ",2024-04-01,50,50.221999710633,50
"FAIZ",2024-05-01,50,51.2882364556851,50
"FAIZ",2024-06-01,50,48.8436691250093,50
"FAIZ",2024-07-01,50,48.3015866803436,50
"FAIZ",2024-08-01,50,48.7548444019332,50
"FAIZ",2024-09-01,50,49.011569283316,50
"FAIZ",2024-10-01,50,49.2009325583703,50
"FAIZ",2024-11-01,50,49.3182366103672,50
"FAIZ",2024-12-01,47.5,49.4051125499007,50
"FAIZ",2025-01-01,45,46.0561581851002,47.5
"FAIZ",2025-02-01,45,42.2571061814735,45
"FAIZ",2025-03-01,42.5,43.0780365035143,45
"FAIZ",2025-04-01,46,41.0649575827211,42.5
"FAIZ",2025-05-01,46,45.3209295603562,46
"FAIZ",2025-06-01,46,47.3206869904893,46
"FAIZ",2025-07-01,43,45.9181076819033,46
"FAIZ",2025-08-01,43,41.7369351366872,43
"FAIZ",2025-09-01,40.5,41.0953894387779,43
"FAIZ",2025-10-01,39.5,39.6223630261991,40.5
"FAIZ",2025-11-01,39.5,37.6090936611063,39.5
"FAIZ",2025-12-01,38,38.8526015298658,39.5
"FAIZ",2026-01-01,37,37.448674219701,38
"FAIZ",2026-02-01,37,35.7872873207936,37
"FAIZ",2026-03-01,37,36.3551358567579,37
"FAIZ",2026-04-01,37,36.9240380773379,37
"FAIZ",2026-05-01,37,36.951985229074,37
"FAIZ",2026-06-01,37,36.9597612470864,37
"FAIZ",2026-07-01,37,36.9647991610297,37
"DIS_TICARET",2004-04-01,-1871,-1734.41160945908,-2198
"DIS_TICARET",2004-05-01,-1712,-1855.68750354509,-1871
"DIS_TICARET",2004-06-01,-2094,-1724.15136226553,-1712
"DIS_TICARET",2004-07-01,-2028,-1762.40527627345,-2094
"DIS_TICARET",2004-08-01,-2137,-1829.07879678564,-2028
"DIS_TICARET",2004-09-01,-1765,-1899.63548716886,-2137
"DIS_TICARET",2004-10-01,-1186,-1791.98983985865,-1765
"DIS_TICARET",2004-11-01,-1934,-1411.37306071774,-1186
"DIS_TICARET",2004-12-01,-2816,-1474.58034991904,-1934
"DIS_TICARET",2005-01-01,-1570,-2071.6961467646,-2816
"DIS_TICARET",2005-02-01,-1852,-1885.56652703757,-1570
"DIS_TICARET",2005-03-01,-2562,-2083.57973330875,-1852
"DIS_TICARET",2005-04-01,-2534,-1953.73368938865,-2562
"DIS_TICARET",2005-05-01,-2945,-2237.72553840874,-2534
"DIS_TICARET",2005-06-01,-2991,-2755.31942742898,-2945
"DIS_TICARET",2005-07-01,-3137,-2881.69075565161,-2991
"DIS_TICARET",2005-08-01,-3851,-3188.81269368812,-3137
"DIS_TICARET",2005-09-01,-2570,-3538.35766105873,-3851
"DIS_TICARET",2005-10-01,-2435,-3347.81741265962,-2570
"DIS_TICARET",2005-11-01,-2919,-3241.12833671109,-2435
"DIS_TICARET",2005-12-01,-3570,-2666.45954896593,-2919
"DIS_TICARET",2006-01-01,-2504,-2934.73145750515,-3570
"DIS_TICARET",2006-02-01,-2905,-2951.64835455333,-2504
"DIS_TICARET",2006-03-01,-3190,-3185.24707137485,-2905
"DIS_TICARET",2006-04-01,-4111,-2797.91724581843,-3190
"DIS_TICARET",2006-05-01,-4690,-3427.12602444164,-4111
"DIS_TICARET",2006-06-01,-3642,-4129.76083730372,-4690
"DIS_TICARET",2006-07-01,-3651,-4184.90046413963,-3642
"DIS_TICARET",2006-08-01,-4200,-4200.12579522536,-3651
"DIS_TICARET",2006-09-01,-3272,-3934.47542544463,-4200
"DIS_TICARET",2006-10-01,-3117,-3613.01786966116,-3272
"DIS_TICARET",2006-11-01,-2750,-3630.26288367159,-3117
"DIS_TICARET",2006-12-01,-2862,-3019.23898284766,-2750
"DIS_TICARET",2007-01-01,-3174,-2951.6982654901,-2862
"DIS_TICARET",2007-02-01,-2697,-2954.97601846715,-3174
"DIS_TICARET",2007-03-01,-3084,-2838.99763056241,-2697
"DIS_TICARET",2007-04-01,-3409,-3052.92634890688,-3084
"DIS_TICARET",2007-05-01,-4158,-3055.31270593357,-3409
"DIS_TICARET",2007-06-01,-3882,-3578.60076394878,-4158
"DIS_TICARET",2007-07-01,-4902,-3682.33269233781,-3882
"DIS_TICARET",2007-08-01,-4599,-4416.30405113846,-4902
"DIS_TICARET",2007-09-01,-4022,-4377.63200952434,-4599
"DIS_TICARET",2007-10-01,-4262,-4351.9284339027,-4022
"DIS_TICARET",2007-11-01,-3795,-4244.56847672786,-4262
"DIS_TICARET",2007-12-01,-4847,-3856.7025860618,-3795
"DIS_TICARET",2008-01-01,-4589,-4417.32787001383,-4847
"DIS_TICARET",2008-02-01,-3425,-4320.81933277994,-4589
"DIS_TICARET",2008-03-01,-4099,-3829.17517916747,-3425
"DIS_TICARET",2008-04-01,-5044,-4268.24375175544,-4099
"DIS_TICARET",2008-05-01,-5381,-4400.09745988534,-5044
"DIS_TICARET",2008-06-01,-6299,-4870.92604068101,-5381
"DIS_TICARET",2008-07-01,-6368,-6005.11829071583,-6299
"DIS_TICARET",2008-08-01,-6358,-6140.53781184353,-6368
"DIS_TICARET",2008-09-01,-3432,-6456.8395753797,-6358
"DIS_TICARET",2008-10-01,-4032,-3722.66271785295,-3432
"DIS_TICARET",2008-11-01,-1263,-4488.97223773562,-4032
"DIS_TICARET",2008-12-01,-2627,-2246.57832208443,-1263
"DIS_TICARET",2009-01-01,-366,-2197.87115160375,-2627
"DIS_TICARET",2009-02-01,352,-2037.09099572187,-366
"DIS_TICARET",2009-03-01,-1217,205.901478815904,352
"DIS_TICARET",2009-04-01,-1462,-1508.66190600118,-1217
"DIS_TICARET",2009-05-01,-2435,-2401.1339995659,-1462
"DIS_TICARET",2009-06-01,-2897,-2729.27862635365,-2435
"DIS_TICARET",2009-07-01,-2758,-3308.98613402499,-2897
"DIS_TICARET",2009-08-01,-3861,-3070.01857143881,-2758
"DIS_TICARET",2009-09-01,-2760,-3657.73788926584,-3861
"DIS_TICARET",2009-10-01,-1300,-3324.12213196307,-2760
"DIS_TICARET",2009-11-01,-2594,-1636.31579682102,-1300
"DIS_TICARET",2009-12-01,-3464,-2394.77416808521,-2594
"DIS_TICARET",2010-01-01,-2807,-3677.72768403767,-3464
"DIS_TICARET",2010-02-01,-2361,-3181.30087190266,-2807
"DIS_TICARET",2010-03-01,-3667,-2547.11180829864,-2361
"DIS_TICARET",2010-04-01,-4089,-3460.56386521636,-3667
"DIS_TICARET",2010-05-01,-3627,-4091.88217377695,-4089
"DIS_TICARET",2010-06-01,-4389,-3646.94033273752,-3627
"DIS_TICARET",2010-07-01,-5335,-4033.097504221,-4389
"DIS_TICARET",2010-08-01,-5652,-4955.01605956336,-5335
"DIS_TICARET",2010-09-01,-5635,-5302.3236554802,-5652
"DIS_TICARET",2010-10-01,-5012,-5248.58294352391,-5635
"DIS_TICARET",2010-11-01,-6505,-4736.12520998935,-5012
"DIS_TICARET",2010-12-01,-7246,-5779.91358677209,-6505
"DIS_TICARET",2011-01-01,-6040,-6870.97074750017,-7246
"DIS_TICARET",2011-02-01,-6195,-5873.47236015224,-6040
"DIS_TICARET",2011-03-01,-8302,-5723.33687734243,-6195
"DIS_TICARET",2011-04-01,-7852,-7639.03635719626,-8302
"DIS_TICARET",2011-05-01,-8909,-7636.28278003459,-7852
"DIS_TICARET",2011-06-01,-9187,-8514.05443606852,-8909
"DIS_TICARET",2011-07-01,-7983,-9039.05594088806,-9187
"DIS_TICARET",2011-08-01,-6911,-8002.31234951525,-7983
"DIS_TICARET",2011-09-01,-8411,-6829.4690918952,-6911
"DIS_TICARET",2011-10-01,-6399,-8026.15066555788,-8411
"DIS_TICARET",2011-11-01,-6239,-6669.30578015906,-6399
"DIS_TICARET",2011-12-01,-6732,-6182.52443715783,-6239
"DIS_TICARET",2012-01-01,-5876,-6510.1530499621,-6732
"DIS_TICARET",2012-02-01,-4750,-5933.24794718952,-5876
"DIS_TICARET",2012-03-01,-6076,-4963.6719352642,-4750
"DIS_TICARET",2012-04-01,-5234,-5786.6312854677,-6076
"DIS_TICARET",2012-05-01,-6935,-5350.63956849645,-5234
"DIS_TICARET",2012-06-01,-5731,-6377.34731151072,-6935
"DIS_TICARET",2012-07-01,-6374,-5924.24564058596,-5731
"DIS_TICARET",2012-08-01,-4471,-6044.37574936978,-6374
"DIS_TICARET",2012-09-01,-5413,-4972.53252784322,-4471
"DIS_TICARET",2012-10-01,-3851,-5066.38680234362,-5413
"DIS_TICARET",2012-11-01,-5276,-4466.35427448637,-3851
"DIS_TICARET",2012-12-01,-5380,-4934.40971644187,-5276
"DIS_TICARET",2013-01-01,-5990,-5276.26996888419,-5380
"DIS_TICARET",2013-02-01,-5832,-5815.32747163913,-5990
"DIS_TICARET",2013-03-01,-5780,-5866.53897532846,-5832
"DIS_TICARET",2013-04-01,-8555,-5878.06267970091,-5780
"DIS_TICARET",2013-05-01,-7926,-7258.77578516124,-8555
"DIS_TICARET",2013-06-01,-7222,-7591.81440553107,-7926
"DIS_TICARET",2013-07-01,-8781,-7541.63692392281,-7222
"DIS_TICARET",2013-08-01,-5994,-8155.43517878014,-8781
"DIS_TICARET",2013-09-01,-6130,-6971.55987255434,-5994
"DIS_TICARET",2013-10-01,-6185,-6632.89482468443,-6130
"DIS_TICARET",2013-11-01,-5278,-6211.28541257442,-6185
"DIS_TICARET",2013-12-01,-8211,-5849.90270825575,-5278
"DIS_TICARET",2014-01-01,-5585,-6788.08464681305,-8211
"DIS_TICARET",2014-02-01,-3728,-6601.93011153712,-5585
"DIS_TICARET",2014-03-01,-4209,-5626.7626375277,-3728
"DIS_TICARET",2014-04-01,-5817,-4886.11066269679,-4209
"DIS_TICARET",2014-05-01,-5548,-5486.30136060373,-5817
"DIS_TICARET",2014-06-01,-6589,-5775.57434998415,-5548
"DIS_TICARET",2014-07-01,-5159,-6308.37619309619,-6589
"DIS_TICARET",2014-08-01,-6447,-5891.21566186841,-5159
"DIS_TICARET",2014-09-01,-5402,-6174.36170022984,-6447
"DIS_TICARET",2014-10-01,-5029,-5960.4850401385,-5402
"DIS_TICARET",2014-11-01,-6457,-5674.69659789044,-5029
"DIS_TICARET",2014-12-01,-6604,-6062.06830685395,-6457
"DIS_TICARET",2015-01-01,-3119,-6347.21497314188,-6604
"DIS_TICARET",2015-02-01,-3901,-5232.03433721683,-3119
"DIS_TICARET",2015-03-01,-5117,-4804.09893166541,-3901
"DIS_TICARET",2015-04-01,-3605,-5031.45896056676,-5117
"DIS_TICARET",2015-05-01,-5472,-4595.09824730651,-3605
"DIS_TICARET",2015-06-01,-4866,-5239.53202315746,-5472
"DIS_TICARET",2015-07-01,-6001,-5139.05895734383,-4866
"DIS_TICARET",2015-08-01,-3664,-5626.70298072197,-6001
"DIS_TICARET",2015-09-01,-2739,-5164.93100508674,-3664
"DIS_TICARET",2015-10-01,-2430,-4464.77241770341,-2739
"DIS_TICARET",2015-11-01,-2940,-3675.81050492453,-2430
"DIS_TICARET",2015-12-01,-5153,-3606.54593315269,-2940
"DIS_TICARET",2016-01-01,-2752,-4850.83524280662,-5153
"DIS_TICARET",2016-02-01,-2131,-4166.65602269358,-2752
"DIS_TICARET",2016-03-01,-3671,-3505.60827276764,-2131
"DIS_TICARET",2016-04-01,-2821,-3705.79761367343,-3671
"DIS_TICARET",2016-05-01,-3924,-3458.17605394153,-2821
"DIS_TICARET",2016-06-01,-5185,-3981.13104784858,-3924
"DIS_TICARET",2016-07-01,-3889,-4625.07516647268,-5185
"DIS_TICARET",2016-08-01,-3386,-4376.77198139685,-3889
"DIS_TICARET",2016-09-01,-3198,-4226.51082614021,-3386
"DIS_TICARET",2016-10-01,-2398,-3767.91433611397,-3198
"DIS_TICARET",2016-11-01,-2530,-3217.19949592752,-2398
"DIS_TICARET",2016-12-01,-4038,-3088.96386934431,-2530
"DIS_TICARET",2017-01-01,-3235,-3711.60254506817,-4038
"DIS_TICARET",2017-02-01,-2520,-3367.40741554054,-3235
"DIS_TICARET",2017-03-01,-2948,-3339.24722768288,-2520
"DIS_TICARET",2017-04-01,-3330,-3262.5445814451,-2948
"DIS_TICARET",2017-05-01,-5807,-3268.87707058376,-3330
"DIS_TICARET",2017-06-01,-4684,-4576.10917479933,-5807
"DIS_TICARET",2017-07-01,-7353,-4255.98679372503,-4684
"DIS_TICARET",2017-08-01,-4209,-5770.1517598332,-7353
"DIS_TICARET",2017-09-01,-7080,-4711.07545540696,-4209
"DIS_TICARET",2017-10-01,-5479,-5548.90975974978,-7080
"DIS_TICARET",2017-11-01,-4652,-5334.30763308592,-5479
"DIS_TICARET",2017-12-01,-7278,-4952.94768275687,-4652
"DIS_TICARET",2018-01-01,-7802,-5457.0403208903,-7278
"DIS_TICARET",2018-02-01,-4902,-6198.49719127728,-7802
"DIS_TICARET",2018-03-01,-4622,-5642.43795550404,-4902
"DIS_TICARET",2018-04-01,-5376,-5143.56943761986,-4622
"DIS_TICARET",2018-05-01,-6654,-4893.75755777594,-5376
"DIS_TICARET",2018-06-01,-4671,-5449.16867203632,-6654
"DIS_TICARET",2018-07-01,-5118,-4987.21058448493,-4671
"DIS_TICARET",2018-08-01,-1725,-5111.4491113082,-5118
"DIS_TICARET",2018-09-01,-742,-3590.36425593525,-1725
"DIS_TICARET",2018-10-01,1116,-2542.10124831242,-742
"DIS_TICARET",2018-11-01,1022,-721.42528675712,1116
"DIS_TICARET",2018-12-01,-1257,-108.607732104517,1022
"DIS_TICARET",2019-01-01,-1260,-1728.1804140066,-1257
"DIS_TICARET",2019-02-01,-737,-2015.82281256667,-1260
"DIS_TICARET",2019-03-01,-750,-1502.49782451449,-737
"DIS_TICARET",2019-04-01,-1546,-1325.57646909134,-750
"DIS_TICARET",2019-05-01,-354,-1855.68982002625,-1546
"DIS_TICARET",2019-06-01,-2388,-1182.18899410078,-354
"DIS_TICARET",2019-07-01,-2291,-2160.21802620977,-2388
"DIS_TICARET",2019-08-01,-1404,-2567.1524999906,-2291
"DIS_TICARET",2019-09-01,-674,-1941.7421113258,-1404
"DIS_TICARET",2019-10-01,-754,-1304.92537942641,-674
"DIS_TICARET",2019-11-01,-948,-1173.6945706521,-754
"DIS_TICARET",2019-12-01,-3676,-1265.23144496309,-948
"DIS_TICARET",2020-01-01,-3318,-2959.23420052994,-3676
"DIS_TICARET",2020-02-01,-1943,-3418.83358739687,-3318
"DIS_TICARET",2020-03-01,-4355,-2480.9223934458,-1943
"DIS_TICARET",2020-04-01,-3845,-3618.34028249374,-4355
"DIS_TICARET",2020-05-01,-2745,-3882.92387506588,-3845
"DIS_TICARET",2020-06-01,-2062,-3070.30730651096,-2745
"DIS_TICARET",2020-07-01,-1963,-2381.67006927544,-2062
"DIS_TICARET",2020-08-01,-5376,-2172.14144005249,-1963
"DIS_TICARET",2020-09-01,-3753,-4275.12873443861,-5376
"DIS_TICARET",2020-10-01,-1291,-3960.58112530836,-3753
"DIS_TICARET",2020-11-01,-3860,-2324.13489295119,-1291
"DIS_TICARET",2020-12-01,-3365,-3416.07612375061,-3860
"DIS_TICARET",2021-01-01,-1906,-3156.80924686997,-3365
"DIS_TICARET",2021-02-01,-2103,-2571.23307332271,-1906
"DIS_TICARET",2021-03-01,-2989,-2442.27649183879,-2103
"DIS_TICARET",2021-04-01,-1745,-2781.45774213941,-2989
"DIS_TICARET",2021-05-01,-3056,-2191.55023107606,-1745
"DIS_TICARET",2021-06-01,-1635,-2830.57160093158,-3056
"DIS_TICARET",2021-07-01,-3148,-2064.43595431439,-1635
"DIS_TICARET",2021-08-01,-2885,-2847.4162608789,-3148
"DIS_TICARET",2021-09-01,-1126,-2610.63235305667,-2885
"DIS_TICARET",2021-10-01,-50,-1766.6563544057,-1126
"DIS_TICARET",2021-11-01,-3630,-1103.16411760021,-50
"DIS_TICARET",2021-12-01,-5046,-3105.94889809422,-3630
"DIS_TICARET",2022-01-01,-8552,-3321.30293546125,-5046
"DIS_TICARET",2022-02-01,-6296,-6499.02223524266,-8552
"DIS_TICARET",2022-03-01,-6476,-4905.94174558726,-6296
"DIS_TICARET",2022-04-01,-4344,-5365.85810692513,-6476
"DIS_TICARET",2022-05-01,-8829,-3592.33264338749,-4344
"DIS_TICARET",2022-06-01,-6436,-6499.12150119735,-8829
"DIS_TICARET",2022-07-01,-9264,-5731.32668695001,-6436
"DIS_TICARET",2022-08-01,-9656,-7135.66828682107,-9264
"DIS_TICARET",2022-09-01,-8035,-8917.4056518244,-9656
"DIS_TICARET",2022-10-01,-6449,-8039.70837924563,-8035
"DIS_TICARET",2022-11-01,-7173,-6740.96684101568,-6449
"DIS_TICARET",2022-12-01,-8075,-6774.01012715488,-7173
"DIS_TICARET",2023-01-01,-12581,-7332.55431250057,-8075
"DIS_TICARET",2023-02-01,-10513,-10854.5209872877,-12581
"DIS_TICARET",2023-03-01,-6331,-10505.6899800414,-10513
"DIS_TICARET",2023-04-01,-7058,-7582.77495863019,-6331
"DIS_TICARET",2023-05-01,-10455,-7312.85274509762,-7058
"DIS_TICARET",2023-06-01,-3770,-8953.933773437,-10455
"DIS_TICARET",2023-07-01,-10737,-5071.30546910377,-3770
"DIS_TICARET",2023-08-01,-7141,-8499.18389231903,-10737
"DIS_TICARET",2023-09-01,-3693,-7275.81069686016,-7141
"DIS_TICARET",2023-10-01,-4984,-6558.25913760126,-3693
"DIS_TICARET",2023-11-01,-4476,-5391.64033097164,-4984
"DIS_TICARET",2023-12-01,-4540,-4627.28773011418,-4476
"DIS_TICARET",2024-01-01,-4332,-4805.52714314678,-4540
"DIS_TICARET",2024-02-01,-4682,-4599.85117591454,-4332
"DIS_TICARET",2024-03-01,-5011,-4740.76692342364,-4682
"DIS_TICARET",2024-04-01,-7666,-4871.21870822905,-5011
"DIS_TICARET",2024-05-01,-4153,-6105.83763297033,-7666
"DIS_TICARET",2024-06-01,-4109,-5351.47278437845,-4153
"DIS_TICARET",2024-07-01,-5063,-5224.51860444648,-4109
"DIS_TICARET",2024-08-01,-2886,-4840.95281674355,-5063
"DIS_TICARET",2024-09-01,-3108,-4110.83028030256,-2886
"DIS_TICARET",2024-10-01,-3504,-3949.82674615395,-3108
"DIS_TICARET",2024-11-01,-5242,-3745.37664683701,-3504
"DIS_TICARET",2024-12-01,-6231,-4566.4992464872,-5242
"DIS_TICARET",2025-01-01,-5499,-5448.44016834007,-6231
"DIS_TICARET",2025-02-01,-5435,-5702.44286343186,-5499
"DIS_TICARET",2025-03-01,-4800,-5690.5587392117,-5435
"DIS_TICARET",2025-04-01,-9850,-5326.47002060203,-4800
"DIS_TICARET",2025-05-01,-4726,-7094.26640441622,-9850
"DIS_TICARET",2025-06-01,-6471,-6362.95706915846,-4726
"DIS_TICARET",2025-07-01,-4561,-6483.53477966293,-6471
"DIS_TICARET",2025-08-01,-2773,-5603.44040731121,-4561
"DIS_TICARET",2025-09-01,-5333,-4785.08542932695,-2773
"DIS_TICARET",2025-10-01,-5884,-5121.35491366391,-5333
"DIS_TICARET",2025-11-01,-6351,-5777.60237267768,-5884
"DIS_TICARET",2025-12-01,-7460,-6192.24756666153,-6351
"DIS_TICARET",2026-01-01,-6885,-6581.27835655173,-7460
"DIS_TICARET",2026-02-01,-7511,-6657.54454355595,-6885
"DIS_TICARET",2026-03-01,-9472,-6864.67952937493,-7511
"DIS_TICARET",2026-04-01,-6900,-7430.86315419852,-9472
"DIS_TICARET",2026-05-01,-4452,-7412.22549658422,-6900
"DIS_TICARET",2026-06-01,-8566,-6473.00917443044,-4452
"DIS_TICARET",2026-07-01,-5579,-6672.11253124984,-8566
"SANAYI_URETIM",2006-01-01,37.44,46.2196078135181,49.97
"SANAYI_URETIM",2006-02-01,41.39,42.2993450622139,37.44
"SANAYI_URETIM",2006-03-01,48.89,41.9665881087968,41.39
"SANAYI_URETIM",2006-04-01,46.35,46.7938120710772,48.89
"SANAYI_URETIM",2006-05-01,49.31,52.0530853835231,46.35
"SANAYI_URETIM",2006-06-01,50.07,51.6252877443943,49.31
"SANAYI_URETIM",2006-07-01,48.33,46.0963164225535,50.07
"SANAYI_URETIM",2006-08-01,47.03,48.5939299512816,48.33
"SANAYI_URETIM",2006-09-01,50.39,55.1852825262389,47.03
"SANAYI_URETIM",2006-10-01,47.35,49.5069160318212,50.39
"SANAYI_URETIM",2006-11-01,51.58,48.5614760042347,47.35
"SANAYI_URETIM",2006-12-01,51.22,56.7904923071015,51.58
"SANAYI_URETIM",2007-01-01,44.63,44.832957226283,51.22
"SANAYI_URETIM",2007-02-01,45.09,47.4127454137853,44.63
"SANAYI_URETIM",2007-03-01,51.9,50.0366921963024,45.09
"SANAYI_URETIM",2007-04-01,49.12,49.51287338023,51.9
"SANAYI_URETIM",2007-05-01,52.97,54.2098877510646,49.12
"SANAYI_URETIM",2007-06-01,52.45,54.9661238810425,52.97
"SANAYI_URETIM",2007-07-01,51.28,51.1663858741084,52.45
"SANAYI_URETIM",2007-08-01,50.77,52.0832054747202,51.28
"SANAYI_URETIM",2007-09-01,52.55,53.6561628734335,50.77
"SANAYI_URETIM",2007-10-01,52.17,50.0877826450626,52.55
"SANAYI_URETIM",2007-11-01,55.85,55.4328655307752,52.17
"SANAYI_URETIM",2007-12-01,50.42,56.3894067043823,55.85
"SANAYI_URETIM",2008-01-01,49.65,49.5083549272718,50.42
"SANAYI_URETIM",2008-02-01,49.21,50.0077161509687,49.65
"SANAYI_URETIM",2008-03-01,53.73,52.9819106232931,49.21
"SANAYI_URETIM",2008-04-01,52.81,52.8965892134356,53.73
"SANAYI_URETIM",2008-05-01,54.56,56.5503689715116,52.81
"SANAYI_URETIM",2008-06-01,53.67,55.4827327528171,54.56
"SANAYI_URETIM",2008-07-01,53.53,53.6606689153888,53.67
"SANAYI_URETIM",2008-08-01,49.04,54.110630617204,53.53
"SANAYI_URETIM",2008-09-01,50.46,53.7366515229734,49.04
"SANAYI_URETIM",2008-10-01,48.86,54.0290366014873,50.46
"SANAYI_URETIM",2008-11-01,48.65,55.5271657638884,48.86
"SANAYI_URETIM",2008-12-01,41.64,51.7786078436005,48.65
"SANAYI_URETIM",2009-01-01,38.95,47.7129093559907,41.64
"SANAYI_URETIM",2009-02-01,37.41,42.6432101978174,38.95
"SANAYI_URETIM",2009-03-01,42.19,42.6033923442151,37.41
"SANAYI_URETIM",2009-04-01,42.86,45.0851174039273,42.19
"SANAYI_URETIM",2009-05-01,45.23,46.996719714535,42.86
"SANAYI_URETIM",2009-06-01,48.35,47.0253655132541,45.23
"SANAYI_URETIM",2009-07-01,48.79,49.9165886990176,48.35
"SANAYI_URETIM",2009-08-01,45.86,50.2443128721319,48.79
"SANAYI_URETIM",2009-09-01,45.6,50.0255589729735,45.86
"SANAYI_URETIM",2009-10-01,51.89,48.5193946904652,45.6
"SANAYI_URETIM",2009-11-01,47.2,52.94084192813,51.89
"SANAYI_URETIM",2009-12-01,51.6,49.119705536333,47.2
"SANAYI_URETIM",2010-01-01,42.15,47.9964347571273,51.6
"SANAYI_URETIM",2010-02-01,42.65,43.3367404946675,42.15
"SANAYI_URETIM",2010-03-01,50.49,42.1922337611394,42.65
"SANAYI_URETIM",2010-04-01,49.03,47.0426997974071,50.49
"SANAYI_URETIM",2010-05-01,51.21,47.4659393744857,49.03
"SANAYI_URETIM",2010-06-01,53.52,50.3289190948059,51.21
"SANAYI_URETIM",2010-07-01,53.91,49.8373365754694,53.52
"SANAYI_URETIM",2010-08-01,51.94,49.8873898431057,53.91
"SANAYI_URETIM",2010-09-01,50.21,52.9681929614958,51.94
"SANAYI_URETIM",2010-10-01,57.33,50.1480315566079,50.21
"SANAYI_URETIM",2010-11-01,51.93,54.3160690674219,57.33
"SANAYI_URETIM",2010-12-01,63.12,55.0199223458539,51.93
"SANAYI_URETIM",2011-01-01,52.45,52.2807553732501,63.12
"SANAYI_URETIM",2011-02-01,50.83,50.8250475957958,52.45
"SANAYI_URETIM",2011-03-01,58.61,51.2222111391538,50.83
"SANAYI_URETIM",2011-04-01,56.38,52.1306229979835,58.61
"SANAYI_URETIM",2011-05-01,58.99,55.8184316766168,56.38
"SANAYI_URETIM",2011-06-01,61.53,57.5537657395334,58.99
"SANAYI_URETIM",2011-07-01,60.72,58.7709183093119,61.53
"SANAYI_URETIM",2011-08-01,58.5,59.2282021947594,60.72
"SANAYI_URETIM",2011-09-01,60,59.0339413570529,58.5
"SANAYI_URETIM",2011-10-01,66.64,59.5459324194326,60
"SANAYI_URETIM",2011-11-01,59.43,62.2340680735264,66.64
"SANAYI_URETIM",2011-12-01,68.29,68.1933186823796,59.43
"SANAYI_URETIM",2012-01-01,55.6,63.6580715208979,68.29
"SANAYI_URETIM",2012-02-01,54.43,57.5546295848135,55.6
"SANAYI_URETIM",2012-03-01,62.12,58.726956434042,54.43
"SANAYI_URETIM",2012-04-01,59.55,57.6970916648227,62.12
"SANAYI_URETIM",2012-05-01,64.38,61.9197829786822,59.55
"SANAYI_URETIM",2012-06-01,63.88,62.5598571233681,64.38
"SANAYI_URETIM",2012-07-01,63.35,63.0713087309371,63.88
"SANAYI_URETIM",2012-08-01,56.69,62.297559026991,63.35
"SANAYI_URETIM",2012-09-01,64.59,61.8169806369828,56.69
"SANAYI_URETIM",2012-10-01,62.92,66.9945360614331,64.59
"SANAYI_URETIM",2012-11-01,67.76,63.1431163241011,62.92
"SANAYI_URETIM",2012-12-01,67.98,72.9191617979677,67.76
"SANAYI_URETIM",2013-01-01,57.97,63.2414564676841,67.98
"SANAYI_URETIM",2013-02-01,57.13,59.7965223553903,57.97
"SANAYI_URETIM",2013-03-01,63.73,60.199691585492,57.13
"SANAYI_URETIM",2013-04-01,64.57,62.4346498173362,63.73
"SANAYI_URETIM",2013-05-01,68.13,66.6761496444359,64.57
"SANAYI_URETIM",2013-06-01,67.64,67.5278924630644,68.13
"SANAYI_URETIM",2013-07-01,69.48,64.0032803949851,67.64
"SANAYI_URETIM",2013-08-01,57.54,64.2276838932079,69.48
"SANAYI_URETIM",2013-09-01,71.42,67.4658822646996,57.54
"SANAYI_URETIM",2013-10-01,65.06,66.471016863906,71.42
"SANAYI_URETIM",2013-11-01,74.44,72.3748478308429,65.06
"SANAYI_URETIM",2013-12-01,74.84,75.0332094547557,74.44
"SANAYI_URETIM",2014-01-01,64.92,68.0472921657275,74.84
"SANAYI_URETIM",2014-02-01,61.82,64.8904462833958,64.92
"SANAYI_URETIM",2014-03-01,69.63,66.5728847219803,61.82
"SANAYI_URETIM",2014-04-01,68.88,69.3347059296196,69.63
"SANAYI_URETIM",2014-05-01,69.9,73.0170930086263,68.88
"SANAYI_URETIM",2014-06-01,70.98,73.9336572876204,69.9
"SANAYI_URETIM",2014-07-01,67.22,70.5209284652564,70.98
"SANAYI_URETIM",2014-08-01,66.25,62.2198501416727,67.22
"SANAYI_URETIM",2014-09-01,75.86,73.9803232382636,66.25
"SANAYI_URETIM",2014-10-01,68.51,67.701018992967,75.86
"SANAYI_URETIM",2014-11-01,74.23,76.537488836644,68.51
"SANAYI_URETIM",2014-12-01,80.46,76.9661156489503,74.23
"SANAYI_URETIM",2015-01-01,64.32,69.4501836261235,80.46
"SANAYI_URETIM",2015-02-01,62.43,67.4437156480711,64.32
"SANAYI_URETIM",2015-03-01,73.91,72.2846563615828,62.43
"SANAYI_URETIM",2015-04-01,73.61,70.6448389191522,73.91
"SANAYI_URETIM",2015-05-01,73.29,73.7557597581722,73.61
"SANAYI_URETIM",2015-06-01,77.5,74.734353612358,73.29
"SANAYI_URETIM",2015-07-01,70.51,66.0137600466083,77.5
"SANAYI_URETIM",2015-08-01,75.32,67.7316086480894,70.51
"SANAYI_URETIM",2015-09-01,71.98,79.1688758593485,75.32
"SANAYI_URETIM",2015-10-01,80.6,69.8702939432618,71.98
"SANAYI_URETIM",2015-11-01,79.71,77.1868173691578,80.6
"SANAYI_URETIM",2015-12-01,86.71,83.0504306289386,79.71
"SANAYI_URETIM",2016-01-01,67.73,68.402180064212,86.71
"SANAYI_URETIM",2016-02-01,71.05,69.9509204538475,67.73
"SANAYI_URETIM",2016-03-01,78.91,77.0278115825022,71.05
"SANAYI_URETIM",2016-04-01,76.15,77.4462409324752,78.91
"SANAYI_URETIM",2016-05-01,79.43,78.2755838950431,76.15
"SANAYI_URETIM",2016-06-01,79.62,80.4837978841378,79.43
"SANAYI_URETIM",2016-07-01,64.44,75.0568391043506,79.62
"SANAYI_URETIM",2016-08-01,78.23,75.5100889408251,64.44
"SANAYI_URETIM",2016-09-01,69.31,74.792826720563,78.23
"SANAYI_URETIM",2016-10-01,83.81,83.8678667799493,69.31
"SANAYI_URETIM",2016-11-01,84.33,82.2229935037162,83.81
"SANAYI_URETIM",2016-12-01,87.19,88.1255934492121,84.33
"SANAYI_URETIM",2017-01-01,71.98,68.756628202249,87.19
"SANAYI_URETIM",2017-02-01,71.37,77.5858523766749,71.98
"SANAYI_URETIM",2017-03-01,83.96,81.6045977546658,71.37
"SANAYI_URETIM",2017-04-01,81.69,80.1293863682503,83.96
"SANAYI_URETIM",2017-05-01,84.32,86.9743081978077,81.69
"SANAYI_URETIM",2017-06-01,77.94,82.8072170112334,84.32
"SANAYI_URETIM",2017-07-01,83.41,70.208332420283,77.94
"SANAYI_URETIM",2017-08-01,84.31,76.8645510958993,83.41
"SANAYI_URETIM",2017-09-01,81.99,73.7878515135192,84.31
"SANAYI_URETIM",2017-10-01,93.34,86.497382529276,81.99
"SANAYI_URETIM",2017-11-01,92.66,90.2563789544697,93.34
"SANAYI_URETIM",2017-12-01,96.53,91.9397360008064,92.66
"SANAYI_URETIM",2018-01-01,80.95,78.9300557993847,96.53
"SANAYI_URETIM",2018-02-01,78.11,83.5103492590699,80.95
"SANAYI_URETIM",2018-03-01,89.47,90.7460014069878,78.11
"SANAYI_URETIM",2018-04-01,85.21,89.172230715892,89.47
"SANAYI_URETIM",2018-05-01,89.79,89.4934057155147,85.21
"SANAYI_URETIM",2018-06-01,79.47,82.5405595269096,89.79
"SANAYI_URETIM",2018-07-01,89.63,87.6639978773223,79.47
"SANAYI_URETIM",2018-08-01,74.78,85.3836766062816,89.63
"SANAYI_URETIM",2018-09-01,85.13,85.9631655574677,74.78
"SANAYI_URETIM",2018-10-01,88.85,92.3636124299549,85.13
"SANAYI_URETIM",2018-11-01,86.17,95.6941709558256,88.85
"SANAYI_URETIM",2018-12-01,86.92,96.644312471756,86.17
"SANAYI_URETIM",2019-01-01,74.88,81.5983538235646,86.92
"SANAYI_URETIM",2019-02-01,74.23,83.2229908112718,74.88
"SANAYI_URETIM",2019-03-01,85.37,86.3695706092833,74.23
"SANAYI_URETIM",2019-04-01,84.22,86.0630383188139,85.37
"SANAYI_URETIM",2019-05-01,89.7,86.7181146323212,84.22
"SANAYI_URETIM",2019-06-01,71.91,80.3828042225928,89.7
"SANAYI_URETIM",2019-07-01,89.28,86.3368926888126,71.91
"SANAYI_URETIM",2019-08-01,73.5,72.9601127991894,89.28
"SANAYI_URETIM",2019-09-01,88.65,87.1669301237377,73.5
"SANAYI_URETIM",2019-10-01,91.32,87.207474287369,88.65
"SANAYI_URETIM",2019-11-01,89.74,88.8606183929827,91.32
"SANAYI_URETIM",2019-12-01,95.57,89.1512587481248,89.74
"SANAYI_URETIM",2020-01-01,80.6,77.057926950119,95.57
"SANAYI_URETIM",2020-02-01,82.58,84.6564652202331,80.6
"SANAYI_URETIM",2020-03-01,84.58,88.549431306911,82.58
"SANAYI_URETIM",2020-04-01,58,90.1214606415956,84.58
"SANAYI_URETIM",2020-05-01,62.36,91.4398879912032,58
"SANAYI_URETIM",2020-06-01,84.61,53.1854002862506,62.36
"SANAYI_URETIM",2020-07-01,88.7,80.0435117383751,84.61
"SANAYI_URETIM",2020-08-01,85.39,78.3544176217194,88.7
"SANAYI_URETIM",2020-09-01,98.68,86.5209425215643,85.39
"SANAYI_URETIM",2020-10-01,100.08,96.2351939078661,98.68
"SANAYI_URETIM",2020-11-01,97.5,96.7037391528561,100.08
"SANAYI_URETIM",2020-12-01,107.3,95.3163199052516,97.5
"SANAYI_URETIM",2021-01-01,87.34,88.2925072531292,107.3
"SANAYI_URETIM",2021-02-01,87.51,81.9749920899187,87.34
"SANAYI_URETIM",2021-03-01,101.86,78.4210364412893,87.51
"SANAYI_URETIM",2021-04-01,96.19,68.4282537678104,101.86
"SANAYI_URETIM",2021-05-01,88.15,78.8772843686289,96.19
"SANAYI_URETIM",2021-06-01,104.68,88.943393246776,88.15
"SANAYI_URETIM",2021-07-01,87.34,98.0852531809954,104.68
"SANAYI_URETIM",2021-08-01,101.7,88.2383555322279,87.34
"SANAYI_URETIM",2021-09-01,107.18,101.720594653663,101.7
"SANAYI_URETIM",2021-10-01,105.51,101.423624861422,107.18
"SANAYI_URETIM",2021-11-01,111.36,103.709934301861,105.51
"SANAYI_URETIM",2021-12-01,121.18,114.892874161013,111.36
"SANAYI_URETIM",2022-01-01,93.04,109.114018773135,121.18
"SANAYI_URETIM",2022-02-01,98.22,99.229254385015,93.04
"SANAYI_URETIM",2022-03-01,110.03,106.47264127082,98.22
"SANAYI_URETIM",2022-04-01,105.06,100.862853338817,110.03
"SANAYI_URETIM",2022-05-01,98.03,106.523087019027,105.06
"SANAYI_URETIM",2022-06-01,113.06,111.34582084796,98.03
"SANAYI_URETIM",2022-07-01,89.46,100.590366540904,113.06
"SANAYI_URETIM",2022-08-01,105.67,105.180541626238,89.46
"SANAYI_URETIM",2022-09-01,107.3,113.085124105796,105.67
"SANAYI_URETIM",2022-10-01,108.46,104.168694103871,107.3
"SANAYI_URETIM",2022-11-01,109.54,112.285739103648,108.46
"SANAYI_URETIM",2022-12-01,122.21,125.571473871398,109.54
"SANAYI_URETIM",2023-01-01,99.32,105.753280861278,122.21
"SANAYI_URETIM",2023-02-01,89.63,108.320516254978,99.32
"SANAYI_URETIM",2023-03-01,110.36,106.834710776737,89.63
"SANAYI_URETIM",2023-04-01,94.66,102.34809097463,110.36
"SANAYI_URETIM",2023-05-01,109.31,101.853633727734,94.66
"SANAYI_URETIM",2023-06-01,101.41,117.206948737508,109.31
"SANAYI_URETIM",2023-07-01,106.97,97.5248395999025,101.41
"SANAYI_URETIM",2023-08-01,109.3,105.008140525049,106.97
"SANAYI_URETIM",2023-09-01,111.8,115.569856762607,109.3
"SANAYI_URETIM",2023-10-01,114.58,106.475520869031,111.8
"SANAYI_URETIM",2023-11-01,111.49,110.025228794441,114.58
"SANAYI_URETIM",2023-12-01,121.51,121.674449621694,111.49
"SANAYI_URETIM",2024-01-01,100.98,109.323244526455,121.51
"SANAYI_URETIM",2024-02-01,103.08,104.277714099466,100.98
"SANAYI_URETIM",2024-03-01,110.99,107.516673147264,103.08
"SANAYI_URETIM",2024-04-01,91.06,103.009199253998,110.99
"SANAYI_URETIM",2024-05-01,112.16,108.183249489389,91.06
"SANAYI_URETIM",2024-06-01,92.7,105.650028809665,112.16
"SANAYI_URETIM",2024-07-01,108.79,106.497786692959,92.7
"SANAYI_URETIM",2024-08-01,103.09,106.720892944254,108.79
"SANAYI_URETIM",2024-09-01,107.09,113.054784132276,103.09
"SANAYI_URETIM",2024-10-01,111.43,108.33401235714,107.09
"SANAYI_URETIM",2024-11-01,112.57,109.686860119147,111.43
"SANAYI_URETIM",2024-12-01,131.23,119.825605651221,112.57
"SANAYI_URETIM",2025-01-01,102.18,108.003210140736,131.23
"SANAYI_URETIM",2025-02-01,97.65,116.157901810194,102.18
"SANAYI_URETIM",2025-03-01,107.89,105.354230703835,97.65
"SANAYI_URETIM",2025-04-01,102.12,95.5928639524581,107.89
"SANAYI_URETIM",2025-05-01,113.84,109.048793635948,102.12
"SANAYI_URETIM",2025-06-01,101.06,98.3789010596732,113.84
"SANAYI_URETIM",2025-07-01,114.14,110.627585453205,101.06
"SANAYI_URETIM",2025-08-01,107.88,102.290167421145,114.14
"SANAYI_URETIM",2025-09-01,113.68,112.493849710126,107.88
"SANAYI_URETIM",2025-10-01,113.85,107.109075000344,113.68
"SANAYI_URETIM",2025-11-01,111.81,105.91172851122,113.85
"SANAYI_URETIM",2025-12-01,132.24,125.182781790199,111.81
"SANAYI_URETIM",2026-01-01,99.46,103.966838344551,132.24
"SANAYI_URETIM",2026-02-01,99.81,105.765497906224,99.46
"SANAYI_URETIM",2026-03-01,104.22,101.391029887826,99.81
"SANAYI_URETIM",2026-04-01,112.12,102.81081653478,104.22
"SANAYI_URETIM",2026-05-01,95.15,112.395966649971,112.12
"SANAYI_URETIM",2026-06-01,115.72,102.739879823301,95.15
"SANAYI_URETIM",2026-07-01,113.81,111.41658655693,115.72
"TUKETICI_GUVEN",2017-02-01,87.63446247,89.3715904136358,88.38577383
"TUKETICI_GUVEN",2017-03-01,89.89268569,88.8058354195824,87.63446247
"TUKETICI_GUVEN",2017-04-01,91.95329234,90.308962930681,89.89268569
"TUKETICI_GUVEN",2017-05-01,94.22008486,91.7398698296666,91.95329234
"TUKETICI_GUVEN",2017-06-01,92.67384966,93.2689811224456,94.22008486
"TUKETICI_GUVEN",2017-07-01,93.21031619,92.225906322747,92.67384966
"TUKETICI_GUVEN",2017-08-01,93.49159227,92.5854107074305,93.21031619
"TUKETICI_GUVEN",2017-09-01,92.00099804,92.8331468193498,93.49159227
"TUKETICI_GUVEN",2017-10-01,89.59682333,91.8365075965487,92.00099804
"TUKETICI_GUVEN",2017-11-01,87.35353412,90.3118698306535,89.59682333
"TUKETICI_GUVEN",2017-12-01,87.80834831,88.5982580146958,87.35353412
"TUKETICI_GUVEN",2018-01-01,92.38315817,88.9115180366403,87.80834831
"TUKETICI_GUVEN",2018-02-01,92.97420649,92.0850821329632,92.38315817
"TUKETICI_GUVEN",2018-03-01,92.27549812,92.497300836064,92.97420649
"TUKETICI_GUVEN",2018-04-01,91.65107817,92.0132603490234,92.27549812
"TUKETICI_GUVEN",2018-05-01,90.94874696,91.5703880905494,91.65107817
"TUKETICI_GUVEN",2018-06-01,91.05238239,91.0351882997141,90.94874696
"TUKETICI_GUVEN",2018-07-01,92.92046998,91.0960212102417,91.05238239
"TUKETICI_GUVEN",2018-08-01,88.70138173,92.2852842214135,92.92046998
"TUKETICI_GUVEN",2018-09-01,81.14839561,89.539175267909,88.70138173
"TUKETICI_GUVEN",2018-10-01,78.41815398,84.139023175562,81.14839561
"TUKETICI_GUVEN",2018-11-01,80.94738021,81.0369713250164,78.41815398
"TUKETICI_GUVEN",2018-12-01,79.66066557,83.0422999135846,80.94738021
"TUKETICI_GUVEN",2019-01-01,80.11330377,81.5331375676246,79.66066557
"TUKETICI_GUVEN",2019-02-01,78.79038966,81.6668333199625,80.11330377
"TUKETICI_GUVEN",2019-03-01,81.10049382,80.2126033749855,78.79038966
"TUKETICI_GUVEN",2019-04-01,83.61170614,82.2136287488343,81.10049382
"TUKETICI_GUVEN",2019-05-01,77.04567514,84.4175739006728,83.61170614
"TUKETICI_GUVEN",2019-06-01,80.09404011,78.3612148457207,77.04567514
"TUKETICI_GUVEN",2019-07-01,78.93809794,81.1710426615515,80.09404011
"TUKETICI_GUVEN",2019-08-01,79.60414532,80.0191091965925,78.93809794
"TUKETICI_GUVEN",2019-09-01,77.63885503,80.5765077324136,79.60414532
"TUKETICI_GUVEN",2019-10-01,78.17048933,78.6638684918082,77.63885503
"TUKETICI_GUVEN",2019-11-01,81.24018395,79.0564549452932,78.17048933
"TUKETICI_GUVEN",2019-12-01,80.48867194,81.907795147047,81.24018395
"TUKETICI_GUVEN",2020-01-01,81.11781199,81.1865381441935,80.48867194
"TUKETICI_GUVEN",2020-02-01,79.29114811,81.741031867263,81.11781199
"TUKETICI_GUVEN",2020-03-01,80.9837989,80.0177419475463,79.29114811
"TUKETICI_GUVEN",2020-04-01,78.17727508,81.5930449069747,80.9837989
"TUKETICI_GUVEN",2020-05-01,82.85047469,78.9193599465353,78.17727508
"TUKETICI_GUVEN",2020-06-01,82.97922262,83.2770317380952,82.85047469
"TUKETICI_GUVEN",2020-07-01,82.82247177,83.3344017299775,82.97922262
"TUKETICI_GUVEN",2020-08-01,79.77182328,83.1939577502607,82.82247177
"TUKETICI_GUVEN",2020-09-01,81.90815673,80.4175886752782,79.77182328
"TUKETICI_GUVEN",2020-10-01,81.54335148,82.4421374156846,81.90815673
"TUKETICI_GUVEN",2020-11-01,79.9841112,81.9974636523279,81.54335148
"TUKETICI_GUVEN",2020-12-01,79.79660143,80.362464493762,79.9841112
"TUKETICI_GUVEN",2021-01-01,82.86952357,80.1629682610245,79.79660143
"TUKETICI_GUVEN",2021-02-01,84.10742231,83.0348150851369,82.86952357
"TUKETICI_GUVEN",2021-03-01,86.62952308,84.191376801947,84.10742231
"TUKETICI_GUVEN",2021-04-01,80.25356807,86.5050865226167,86.62952308
"TUKETICI_GUVEN",2021-05-01,77.52774271,80.6476228911168,80.25356807
"TUKETICI_GUVEN",2021-06-01,81.9708423,78.0891002691003,77.52774271
"TUKETICI_GUVEN",2021-07-01,80.09376671,82.2076669435806,81.9708423
"TUKETICI_GUVEN",2021-08-01,78.49322864,80.4950358829876,80.09376671
"TUKETICI_GUVEN",2021-09-01,79.60433638,78.9922580838973,78.49322864
"TUKETICI_GUVEN",2021-10-01,76.46037543,80.0058093863989,79.60433638
"TUKETICI_GUVEN",2021-11-01,70.84798367,77.1685032662847,76.46037543
"TUKETICI_GUVEN",2021-12-01,68.51105049,71.6588988987025,70.84798367
"TUKETICI_GUVEN",2022-01-01,72.74467146,68.9893921539059,68.51105049
"TUKETICI_GUVEN",2022-02-01,70.76649429,73.358825618136,72.74467146
"TUKETICI_GUVEN",2022-03-01,72.56592991,71.340207538349,70.76649429
"TUKETICI_GUVEN",2022-04-01,67.28,73.1150561042016,72.56592991
"TUKETICI_GUVEN",2022-05-01,67.76,67.8556042187902,67.28
"TUKETICI_GUVEN",2022-06-01,63.41,68.4186292985912,67.76
"TUKETICI_GUVEN",2022-07-01,68.51,63.7980524246789,63.41
"TUKETICI_GUVEN",2022-08-01,72.73,69.17445412148,68.51
"TUKETICI_GUVEN",2022-09-01,72.87,73.2628003309815,72.73
"TUKETICI_GUVEN",2022-10-01,76.25,73.3760195823264,72.87
"TUKETICI_GUVEN",2022-11-01,76.58,76.4790221187772,76.25
"TUKETICI_GUVEN",2022-12-01,75.38,76.7788990875512,76.58
"TUKETICI_GUVEN",2023-01-01,79.1,75.6696822214764,75.38
"TUKETICI_GUVEN",2023-02-01,82.5,78.9653148304513,79.1
"TUKETICI_GUVEN",2023-03-01,80.13,81.8918446522574,82.5
"TUKETICI_GUVEN",2023-04-01,87.52,79.8062130173941,80.13
"TUKETICI_GUVEN",2023-05-01,91.06,86.076905847649,87.52
"TUKETICI_GUVEN",2023-06-01,85.13,89.2430197400487,91.06
"TUKETICI_GUVEN",2023-07-01,80.07,83.8915726560585,85.13
"TUKETICI_GUVEN",2023-08-01,68.01,79.6089006908512,80.07
"TUKETICI_GUVEN",2023-09-01,71.47,70.1540328788793,68.01
"TUKETICI_GUVEN",2023-10-01,74.62,72.7639586468021,71.47
"TUKETICI_GUVEN",2023-11-01,75.47,75.3346444922773,74.62
"TUKETICI_GUVEN",2023-12-01,77.42,75.9637411821906,75.47
"TUKETICI_GUVEN",2024-01-01,80.42310949,77.5324331255021,77.42
"TUKETICI_GUVEN",2024-02-01,79.34287272,79.9202878355794,80.42310949
"TUKETICI_GUVEN",2024-03-01,79.35478993,79.0797049551616,79.34287272
"TUKETICI_GUVEN",2024-04-01,80.46085072,79.0517273755093,79.35478993
"TUKETICI_GUVEN",2024-05-01,80.50803678,79.8766280846801,80.46085072
"TUKETICI_GUVEN",2024-06-01,78.30087847,80.0581544762464,80.50803678
"TUKETICI_GUVEN",2024-07-01,75.87954525,78.2238623168684,78.30087847
"TUKETICI_GUVEN",2024-08-01,76.36547339,76.2687599491247,75.87954525
"TUKETICI_GUVEN",2024-09-01,78.22093197,76.6433238869228,76.36547339
"TUKETICI_GUVEN",2024-10-01,80.55364561,78.1722850698077,78.22093197
"TUKETICI_GUVEN",2024-11-01,79.77236914,80.0617567614993,80.55364561
"TUKETICI_GUVEN",2024-12-01,81.27129334,79.3822139315425,79.77236914
"TUKETICI_GUVEN",2025-01-01,80.96201449,80.6141443202117,81.27129334
"TUKETICI_GUVEN",2025-02-01,82.07125469,80.3514745504702,80.96201449
"TUKETICI_GUVEN",2025-03-01,85.85941588,81.3050514835449,82.07125469
"TUKETICI_GUVEN",2025-04-01,83.86290602,84.4605676869514,85.85941588
"TUKETICI_GUVEN",2025-05-01,84.79218744,82.8765291197608,83.86290602
"TUKETICI_GUVEN",2025-06-01,85.06417614,83.6272793954968,84.79218744
"TUKETICI_GUVEN",2025-07-01,83.51878976,83.8773949817011,85.06417614
"TUKETICI_GUVEN",2025-08-01,84.2505225,82.5752009949877,83.51878976
"TUKETICI_GUVEN",2025-09-01,83.87427161,83.3007693005342,84.2505225
"TUKETICI_GUVEN",2025-10-01,83.62820392,82.9601368816111,83.87427161
"TUKETICI_GUVEN",2025-11-01,84.98021374,82.7719215587066,83.62820392
"TUKETICI_GUVEN",2025-12-01,83.48995007,83.999852738473,84.98021374
"TUKETICI_GUVEN",2026-01-01,83.72307474,82.7343533626777,83.48995007
"TUKETICI_GUVEN",2026-02-01,85.68983532,82.8943854700465,83.72307474
"TUKETICI_GUVEN",2026-03-01,85.04365043,84.5765947654549,85.68983532
"TUKETICI_GUVEN",2026-04-01,85.50276007,83.9359338502383,85.04365043
"TUKETICI_GUVEN",2026-05-01,85.7554237,84.6043476009021,85.50276007
"TUKETICI_GUVEN",2026-06-01,87.93244877,84.9251985190514,85.7554237
"TUKETICI_GUVEN",2026-07-01,89.82971678,86.9019857779995,87.93244877
"TUKETICI_GUVEN",2026-08-01,90.76532875,88.7996751997095,89.82971678
"CARI_DENGE",2015-10-01,-6.369e+09,-11691138752.0946,2.36e+09
"CARI_DENGE",2016-01-01,-6.613e+09,-380425805.932781,-6.369e+09
"CARI_DENGE",2016-04-01,-9.158e+09,-7961743479.77523,-6.613e+09
"CARI_DENGE",2016-07-01,-7.75e+08,-451048112.837024,-9.158e+09
"CARI_DENGE",2016-10-01,-5.621e+09,-7658384675.27361,-7.75e+08
"CARI_DENGE",2017-01-01,-6.992e+09,-3525792340.36162,-5.621e+09
"CARI_DENGE",2017-04-01,-1.0478e+10,-5424940512.33213,-6.992e+09
"CARI_DENGE",2017-07-01,-4.751e+09,-2128989837.84062,-1.0478e+10
"CARI_DENGE",2017-10-01,-1.2924e+10,-7332803505.55377,-4.751e+09
"CARI_DENGE",2018-01-01,-1.5422e+10,-9332246276.77826,-1.2924e+10
"CARI_DENGE",2018-04-01,-1.2973e+10,-18299309102.7379,-1.5422e+10
"CARI_DENGE",2018-07-01,7.412e+09,-2903364171.66762,-1.2973e+10
"CARI_DENGE",2018-10-01,6.38e+09,11449409350.3868,7.412e+09
"CARI_DENGE",2019-01-01,-3.05e+08,-768990030.815662,6.38e+09
"CARI_DENGE",2019-04-01,1.434e+09,-13141054319.4788,-3.05e+08
"CARI_DENGE",2019-07-01,1.2721e+10,17225201182.6073,1.434e+09
"CARI_DENGE",2019-10-01,1.164e+09,-10076829284.8945,1.2721e+10
"CARI_DENGE",2020-01-01,-6.69e+09,-22891317873.5579,1.164e+09
"CARI_DENGE",2020-04-01,-1.1104e+10,-4564268898.15877,-6.69e+09
"CARI_DENGE",2020-07-01,-6.761e+09,-16536493442.7641,-1.1104e+10
"CARI_DENGE",2020-10-01,-6.421e+09,-18155549128.3647,-6.761e+09
"CARI_DENGE",2021-01-01,-6.478e+09,-6780826742.94658,-6.421e+09
"CARI_DENGE",2021-04-01,-4.998e+09,-9410024682.28161,-6.478e+09
"CARI_DENGE",2021-07-01,6.758e+09,93615147.9361204,-4.998e+09
"CARI_DENGE",2021-10-01,-1.503e+09,7110348387.01284,6.758e+09
"CARI_DENGE",2022-01-01,-1.7916e+10,-4904872130.70255,-1.503e+09
"CARI_DENGE",2022-04-01,-1.1248e+10,-13025652788.3506,-1.7916e+10
"CARI_DENGE",2022-07-01,-6.422e+09,10891828095.8746,-1.1248e+10
"CARI_DENGE",2022-10-01,-1.0697e+10,-9845406789.65998,-6.422e+09
"CARI_DENGE",2023-01-01,-2.3248e+10,-13021877731.038,-1.0697e+10
"CARI_DENGE",2023-04-01,-1.0825e+10,-11125075120.2118,-2.3248e+10
"CARI_DENGE",2023-07-01,-1.584e+09,-2118091033.76146,-1.0825e+10
"CARI_DENGE",2023-10-01,-4.22e+09,-8013855805.40984,-1.584e+09
"CARI_DENGE",2024-01-01,-9.759e+09,-12917013116.0396,-4.22e+09
"CARI_DENGE",2024-04-01,-4.6e+09,-5537080428.37123,-9.759e+09
"CARI_DENGE",2024-07-01,9.395e+09,-1464864038.08443,-4.6e+09
"CARI_DENGE",2024-10-01,-5.229e+09,-4315731029.39248,9.395e+09
"CARI_DENGE",2025-01-01,-1.241e+10,-15765499775.5285,-5.229e+09
"CARI_DENGE",2025-04-01,-1.0682e+10,-9158462823.71259,-1.241e+10
"CARI_DENGE",2025-07-01,6.886e+09,-2671813382.41708,-1.0682e+10
"CARI_DENGE",2025-10-01,-1.1226e+10,-11415505287.9799,6.886e+09
"CARI_DENGE",2026-01-01,-2.3633e+10,-23176329193.9383,-1.1226e+10
"CARI_DENGE",2026-04-01,-1.0915e+10,-12005481146.8927,-2.3633e+10
"BUTCE_DENGESI",2012-01-01,1676758,-1525041.22070302,-16984224
"BUTCE_DENGESI",2012-02-01,-4904464,-877439.242952691,1676758
"BUTCE_DENGESI",2012-03-01,-3763242,-6670129.13022419,-4904464
"BUTCE_DENGESI",2012-04-01,1573059,-213874.504812886,-3763242
"BUTCE_DENGESI",2012-05-01,3451730,-2353616.69627086,1573059
"BUTCE_DENGESI",2012-06-01,-5430434,2994116.28931906,3451730
"BUTCE_DENGESI",2012-07-01,-340639,-1744542.57456248,-5430434
"BUTCE_DENGESI",2012-08-01,-1102808,486099.948751523,-340639
"BUTCE_DENGESI",2012-09-01,-5509509,-2976162.38843166,-1102808
"BUTCE_DENGESI",2012-10-01,-3609627,-3475562.35717164,-5509509
"BUTCE_DENGESI",2012-11-01,5487665,1345891.88206554,-3609627
"BUTCE_DENGESI",2012-12-01,-17940838,-13092414.5306536,5487665
"BUTCE_DENGESI",2013-01-01,6268854,4618122.87773479,-17940838
"BUTCE_DENGESI",2013-02-01,-6487136,-5748029.26210292,6268854
"BUTCE_DENGESI",2013-03-01,-2905225,-5998878.65652952,-6487136
"BUTCE_DENGESI",2013-04-01,1825744,190936.874117387,-2905225
"BUTCE_DENGESI",2013-05-01,5350762,1000048.20125929,1825744
"BUTCE_DENGESI",2013-06-01,-407514,-6966635.31881086,5350762
"BUTCE_DENGESI",2013-07-01,-506607,2210697.67603428,-407514
"BUTCE_DENGESI",2013-08-01,-4190492,-656874.280457231,-506607
"BUTCE_DENGESI",2013-09-01,-2572766,-4638895.9505781,-4190492
"BUTCE_DENGESI",2013-10-01,-2452581,-7140735.78947516,-2572766
"BUTCE_DENGESI",2013-11-01,4144166,2442378.73123238,-2452581
"BUTCE_DENGESI",2013-12-01,-18000128,-15342215.5231259,4144166
"BUTCE_DENGESI",2014-01-01,2670214,6352437.5424053,-18000128
"BUTCE_DENGESI",2014-02-01,-718995,-6950629.67702935,2670214
"BUTCE_DENGESI",2014-03-01,-4527090,-4910502.76646112,-718995
"BUTCE_DENGESI",2014-04-01,-1170192,730359.731488114,-4527090
"BUTCE_DENGESI",2014-05-01,2197355,2253203.40701516,-1170192
"BUTCE_DENGESI",2014-06-01,-776674,-3143442.55955184,2197355
"BUTCE_DENGESI",2014-07-01,-5242266,1107759.91848411,-776674
"BUTCE_DENGESI",2014-08-01,5182906,-2975279.10533569,-5242266
"BUTCE_DENGESI",2014-09-01,-7916004,-4584790.6231789,5182906
"BUTCE_DENGESI",2014-10-01,-3480186,-3664960.28721058,-7916004
"BUTCE_DENGESI",2014-11-01,3358449,4409242.46072455,-3480186
"BUTCE_DENGESI",2014-12-01,-12883280,-14927776.304625,3358449
"BUTCE_DENGESI",2015-01-01,4726452,2215629.94364944,-12883280
"BUTCE_DENGESI",2015-02-01,-7902950,-2088379.09544356,4726452
"BUTCE_DENGESI",2015-03-01,-3689701,-2252524.20255033,-7902950
"BUTCE_DENGESI",2015-04-01,3316337,-449957.726093418,-3689701
"BUTCE_DENGESI",2015-05-01,2397006,-1649006.27532929,3316337
"BUTCE_DENGESI",2015-06-01,2676932,-2266699.77242095,2397006
"BUTCE_DENGESI",2015-07-01,-4017341,-5920228.49652402,2676932
"BUTCE_DENGESI",2015-08-01,4423707,3720899.53350811,-4017341
"BUTCE_DENGESI",2015-09-01,-14238340,-7539760.44566234,4423707
"BUTCE_DENGESI",2015-10-01,6270703,-1667801.02255479,-14238340
"BUTCE_DENGESI",2015-11-01,69296,-2589775.08491116,6270703
"BUTCE_DENGESI",2015-12-01,-19217481,-14141207.4925771,69296
"BUTCE_DENGESI",2016-01-01,-3288974,7553665.47161558,-19217481
"BUTCE_DENGESI",2016-02-01,3230001,-3624959.67723905,-3288974
"BUTCE_DENGESI",2016-03-01,-4564500,-4519141.77733809,3230001
"BUTCE_DENGESI",2016-04-01,8286247,1848151.22037265,-4564500
"BUTCE_DENGESI",2016-05-01,3178485,-1792973.37808154,8286247
"BUTCE_DENGESI",2016-06-01,-8006641,-3710359.83160924,3178485
"BUTCE_DENGESI",2016-07-01,513561,-1229332.201439,-8006641
"BUTCE_DENGESI",2016-08-01,6239698,7121386.85696816,513561
"BUTCE_DENGESI",2016-09-01,-14857607,-12833493.0228123,6239698
"BUTCE_DENGESI",2016-10-01,768095,3600920.58892553,-14857607
"BUTCE_DENGESI",2016-11-01,6705574,-1702803.63102694,768095
"BUTCE_DENGESI",2016-12-01,-31057849,-20825326.9787407,6705574
"BUTCE_DENGESI",2017-01-01,13023775,7303722.74673645,-31057849
"BUTCE_DENGESI",2017-02-01,-14557823,2710488.759507,13023775
"BUTCE_DENGESI",2017-03-01,-16792545,2030900.1349034,-14557823
"BUTCE_DENGESI",2017-04-01,2308126,19775681.6271872,-16792545
"BUTCE_DENGESI",2017-05-01,8680096,7348338.52367307,2308126
"BUTCE_DENGESI",2017-06-01,-12668443,-10603843.0384566,8680096
"BUTCE_DENGESI",2017-07-01,157771,11973475.6112861,-12668443
"BUTCE_DENGESI",2017-08-01,-334286,15423615.5289054,157771
"BUTCE_DENGESI",2017-09-01,-7146447,-17033823.4548336,-334286
"BUTCE_DENGESI",2017-10-01,-3839688,6249961.4990896,-7146447
"BUTCE_DENGESI",2017-11-01,10176927,12325872.4205426,-3839688
"BUTCE_DENGESI",2017-12-01,-28307427,-29357580.1201409,10176927
"BUTCE_DENGESI",2018-01-01,3275049,11999431.5612118,-28307427
"BUTCE_DENGESI",2018-02-01,-4665865,-4692045.49351972,3275049
"BUTCE_DENGESI",2018-03-01,-22217565,-11076828.6175966,-4665865
"BUTCE_DENGESI",2018-04-01,4510687,3996213.27363423,-22217565
"BUTCE_DENGESI",2018-05-01,1981913,2990154.59975587,4510687
"BUTCE_DENGESI",2018-06-01,-24201886,-15900304.8187485,1981913
"BUTCE_DENGESI",2018-07-01,2608216,6303906.44914199,-24201886
"BUTCE_DENGESI",2018-08-01,-3609472,2725335.52957435,2608216
"BUTCE_DENGESI",2018-09-01,-5692472,-12630673.4502587,-3609472
"BUTCE_DENGESI",2018-10-01,-8515327,-4746906.45373036,-5692472
"BUTCE_DENGESI",2018-11-01,5198837,9573786.02086049,-8515327
"BUTCE_DENGESI",2018-12-01,-20758467,-26260442.883896,5198837
"BUTCE_DENGESI",2019-01-01,5910703,598564.524090083,-20758467
"BUTCE_DENGESI",2019-02-01,-18675315,-1370724.27224801,5910703
"BUTCE_DENGESI",2019-03-01,-24573567,-11031650.475415,-18675315
"BUTCE_DENGESI",2019-04-01,-14309064,3005504.66252458,-24573567
"BUTCE_DENGESI",2019-05-01,-11869039,-5493429.11315377,-14309064
"BUTCE_DENGESI",2019-06-01,-11454947,-29491442.2350179,-11869039
"BUTCE_DENGESI",2019-07-01,10138765,-4813707.36555783,-11454947
"BUTCE_DENGESI",2019-08-01,1189050,-9199351.84540685,10138765
"BUTCE_DENGESI",2019-09-01,-18138105,-2826223.91569849,1189050
"BUTCE_DENGESI",2019-10-01,-13236708,-2199211.44879928,-18138105
"BUTCE_DENGESI",2019-11-01,6181359,-2510821.9280431,-13236708
"BUTCE_DENGESI",2019-12-01,-36067505,-23781627.3687945,6181359
"BUTCE_DENGESI",2020-01-01,20773403,1285452.56728496,-36067505
"BUTCE_DENGESI",2020-02-01,-12750732,-20180834.0567309,20773403
"BUTCE_DENGESI",2020-03-01,-41951225,-21983937.3603584,-12750732
"BUTCE_DENGESI",2020-04-01,-37892546,-4140785.79051452,-41951225
"BUTCE_DENGESI",2020-05-01,-16104759,-11983293.5436569,-37892546
"BUTCE_DENGESI",2020-06-01,-20688771,-21384371.4473097,-16104759
"BUTCE_DENGESI",2020-07-01,-28207544,15616092.2358596,-20688771
"BUTCE_DENGESI",2020-08-01,27990695,-3031570.54363291,-28207544
"BUTCE_DENGESI",2020-09-01,-29436117,-38788677.8024492,27990695
"BUTCE_DENGESI",2020-10-01,-4572021,-29326706.9363691,-29436117
"BUTCE_DENGESI",2020-11-01,13028471,9563618.71012128,-4572021
"BUTCE_DENGESI",2020-12-01,-45934715,-24209885.331788,13028471
"BUTCE_DENGESI",2021-01-01,-24749434,9107126.68415527,-45934715
"BUTCE_DENGESI",2021-02-01,17791850,-25177815.9434341,-24749434
"BUTCE_DENGESI",2021-03-01,22771705,-36965416.5717892,17791850
"BUTCE_DENGESI",2021-04-01,-10052342,-14510645.2205885,22771705
"BUTCE_DENGESI",2021-05-01,-11036928,22759014.4258472,-10052342
"BUTCE_DENGESI",2021-06-01,-25304760,-22308287.8769586,-11036928
"BUTCE_DENGESI",2021-07-01,-43146802,-41640010.3839827,-25304760
"BUTCE_DENGESI",2021-08-01,38564825,30348083.0640843,-43146802
"BUTCE_DENGESI",2021-09-01,-23094162,-10184433.5963165,38564825
"BUTCE_DENGESI",2021-10-01,-17113694,-17869922.4378453,-23094162
"BUTCE_DENGESI",2021-11-01,29859054,13502642.1696972,-17113694
"BUTCE_DENGESI",2021-12-01,-151342198,-13997666.0869905,29859054
"BUTCE_DENGESI",2022-01-01,29074968,-16085685.9344969,-151342198
"BUTCE_DENGESI",2022-02-01,62913458,-5449757.03343219,29074968
"BUTCE_DENGESI",2022-03-01,-67999702,-34614591.4948875,62913458
"BUTCE_DENGESI",2022-04-01,-40356894,56653868.8648112,-67999702
"BUTCE_DENGESI",2022-05-01,143769900,25954872.4778504,-40356894
"BUTCE_DENGESI",2022-06-01,-30045461,-146216411.48021,143769900
"BUTCE_DENGESI",2022-07-01,-62077127,-171847956.370243,-30045461
"BUTCE_DENGESI",2022-08-01,5232664,99132980.5075233,-62077127
"BUTCE_DENGESI",2022-09-01,-77858601,16035763.7081036,5232664
"BUTCE_DENGESI",2022-10-01,-85529198,41085965.6919033,-77858601
"BUTCE_DENGESI",2022-11-01,99674554,111488573.490594,-85529198
"BUTCE_DENGESI",2022-12-01,-113987115,-79338267.3630938,99674554
"BUTCE_DENGESI",2023-01-01,-37262854,997156.420451067,-113987115
"BUTCE_DENGESI",2023-02-01,-191299161,155139509.739786,-37262854
"BUTCE_DENGESI",2023-03-01,-49015194,29499991.7162025,-191299161
"BUTCE_DENGESI",2023-04-01,-123320822,-80744965.5965718,-49015194
"BUTCE_DENGESI",2023-05-01,119806780,94234867.8466773,-123320822
"BUTCE_DENGESI",2023-06-01,-215385487,-76673486.1550088,119806780
"BUTCE_DENGESI",2023-07-01,40844172,-14124124.1286852,-215385487
"BUTCE_DENGESI",2023-08-01,67920592,-209916077.185484,40844172
"BUTCE_DENGESI",2023-09-01,-133551243,40035761.1553006,67920592
"BUTCE_DENGESI",2023-10-01,-109380800,-41687759.8733083,-133551243
"BUTCE_DENGESI",2023-11-01,94308255,196665980.185107,-109380800
"BUTCE_DENGESI",2023-12-01,-849974266,-40481972.2232543,94308255
"BUTCE_DENGESI",2024-01-01,-184331058,-15247006.370428,-849974266
"BUTCE_DENGESI",2024-02-01,-241075201,-438426948.973875,-184331058
"BUTCE_DENGESI",2024-03-01,-200473948,-501381244.17348,-241075201
"BUTCE_DENGESI",2024-04-01,-137215331,-79604175.9301897,-200473948
"BUTCE_DENGESI",2024-05-01,261921011,449386332.332994,-137215331
"BUTCE_DENGESI",2024-06-01,-228428763,-513666799.548695,261921011
"BUTCE_DENGESI",2024-07-01,-100935380,211444239.208985,-228428763
"BUTCE_DENGESI",2024-08-01,-170555179,-284218789.289972,-100935380
"BUTCE_DENGESI",2024-09-01,-98059765,-437784193.625722,-170555179
"BUTCE_DENGESI",2024-10-01,-188380414,-1212732139.23352,-98059765
"BUTCE_DENGESI",2024-11-01,-33425694,-221299265.51719,-188380414
"BUTCE_DENGESI",2024-12-01,-934535138,-806762855.299973,-33425694
"BUTCE_DENGESI",2025-01-01,-148404035,-283582534.470099,-934535138
"BUTCE_DENGESI",2025-02-01,-415884353,-467200178.122439,-148404035
"BUTCE_DENGESI",2025-03-01,-255748865,-367129165.329098,-415884353
"BUTCE_DENGESI",2025-04-01,-146286189,-37493183.6811643,-255748865
"BUTCE_DENGESI",2025-05-01,265635850,360432441.338823,-146286189
"BUTCE_DENGESI",2025-06-01,-352970243,-506434089.596274,265635850
"BUTCE_DENGESI",2025-07-01,-8428072,-89490670.4653472,-352970243
"BUTCE_DENGESI",2025-08-01,98238143,-364651178.10083,-8428072
"BUTCE_DENGESI",2025-09-01,-327476155,-128304135.875349,98238143
"BUTCE_DENGESI",2025-10-01,-189825697,-391935725.582543,-327476155
"BUTCE_DENGESI",2025-11-01,149154324.1,-131438811.579276,-189825697
"BUTCE_DENGESI",2025-12-01,-599293332,-1036857718.67626,149154324.1
"BUTCE_DENGESI",2026-01-01,-224611640,-214562778.541911,-599293332
"BUTCE_DENGESI",2026-02-01,-71760334,-252139761.197071,-224611640
"BUTCE_DENGESI",2026-03-01,-234335740,-348301808.47948,-71760334
"BUTCE_DENGESI",2026-04-01,-293399927,-227308070.590096,-234335740
"BUTCE_DENGESI",2026-05-01,-279514087,311677362.841183,-293399927
"BUTCE_DENGESI",2026-06-01,128806183,-327891100.732174,-279514087
"BUTCE_DENGESI",2026-07-01,-318513926,-222767408.745375,128806183
"UFE",2003-05-01,101.53365822,103.997922917297,102.16789889
"UFE",2003-06-01,99.57854242,101.544875394213,101.53365822
"UFE",2003-07-01,99.04495299,98.7220701224352,99.57854242
"UFE",2003-08-01,98.85054444,99.8400327805441,99.04495299
"UFE",2003-09-01,98.90431702,98.9554907750351,98.85054444
"UFE",2003-10-01,99.45720942,99.2927123384138,98.90431702
"UFE",2003-11-01,101.15035625,100.247082015913,99.45720942
"UFE",2003-12-01,101.78321813,102.800895959433,101.15035625
"UFE",2004-01-01,104.46357435,102.077720334605,101.78321813
"UFE",2004-02-01,106.17464537,106.637878479485,104.46357435
"UFE",2004-03-01,108.40276041,107.020195077171,106.17464537
"UFE",2004-04-01,111.27476761,109.881472481814,108.40276041
"UFE",2004-05-01,111.23754044,113.392661169361,111.27476761
"UFE",2004-06-01,110.0641952,111.066355482378,111.23754044
"UFE",2004-07-01,108.3944877,109.149799871967,110.0641952
"UFE",2004-08-01,109.24795504,107.491990106574,108.3944877
"UFE",2004-09-01,111.26373733,110.412065308077,109.24795504
"UFE",2004-10-01,114.85409103,113.150647480894,111.26373733
"UFE",2004-11-01,115.71720985,117.485061681985,114.85409103
"UFE",2004-12-01,115.87025488,115.91557846234,115.71720985
"UFE",2005-01-01,114.83092746,115.384090757833,115.87025488
"UFE",2005-02-01,114.80514419,114.287891828328,114.83092746
"UFE",2005-03-01,117.24628137,115.153622764221,114.80514419
"UFE",2005-04-01,119.61544602,119.573320264872,117.24628137
"UFE",2005-05-01,119.23228193,121.346605751177,119.61544602
"UFE",2005-06-01,119.63916111,118.299666402289,119.23228193
"UFE",2005-07-01,119.33458771,119.66839076205,119.63916111
"UFE",2005-08-01,121.40069563,119.419463701549,119.33458771
"UFE",2005-09-01,123.4044825,122.699277100501,121.40069563
"UFE",2005-10-01,124.21617268,124.671961893716,123.4044825
"UFE",2005-11-01,121.4046941,124.134840095968,124.21617268
"UFE",2005-12-01,121.13638272,119.101830326558,121.4046941
"UFE",2006-01-01,123.51354804,121.26897698296,121.13638272
"UFE",2006-02-01,123.83050342,126.152378073672,123.51354804
"UFE",2006-03-01,124.13755394,123.98258520118,123.83050342
"UFE",2006-04-01,126.54443382,124.256842196271,124.13755394
"UFE",2006-05-01,130.05075267,128.172129103248,126.54443382
"UFE",2006-06-01,135.28051637,131.766433300757,130.05075267
"UFE",2006-07-01,136.44928932,137.834754267414,135.28051637
"UFE",2006-08-01,135.4290892,136.06989015736,136.44928932
"UFE",2006-09-01,135.11213383,134.621018670364,135.4290892
"UFE",2006-10-01,135.72623487,136.23068849404,135.11213383
"UFE",2006-11-01,135.33004065,137.414088872336,135.72623487
"UFE",2006-12-01,135.16165811,135.758499912021,135.33004065
"UFE",2007-01-01,135.09232412,135.674201310776,135.16165811
"UFE",2007-02-01,136.37005048,135.767956368988,135.09232412
"UFE",2007-03-01,137.69730111,137.678289989009,136.37005048
"UFE",2007-04-01,138.79674007,138.572162922351,137.69730111
"UFE",2007-05-01,139.34150712,139.440187320198,138.79674007
"UFE",2007-06-01,139.19293429,139.745751489757,139.34150712
"UFE",2007-07-01,139.28207799,139.419902898677,139.19293429
"UFE",2007-08-01,140.47066065,139.876046224686,139.28207799
"UFE",2007-09-01,141.89695984,141.609343535988,140.47066065
"UFE",2007-10-01,141.70876759,142.707415148503,141.89695984
"UFE",2007-11-01,142.97658909,141.549099671205,141.70876759
"UFE",2007-12-01,143.19449591,144.17989738406,142.97658909
"UFE",2008-01-01,143.7986921,143.4003790263,143.19449591
"UFE",2008-02-01,147.48329834,144.447247712306,143.7986921
"UFE",2008-03-01,152.15839014,149.61068975225,147.48329834
"UFE",2008-04-01,159.00264529,154.160299900136,152.15839014
"UFE",2008-05-01,162.37029615,163.836103446516,159.00264529
"UFE",2008-06-01,162.8952535,163.701426494557,162.37029615
"UFE",2008-07-01,164.92574887,163.065867323995,162.8952535
"UFE",2008-08-01,161.07276008,167.889178713355,164.92574887
"UFE",2008-09-01,159.62665118,158.569632243387,161.07276008
"UFE",2008-10-01,160.53789789,159.77637104233,159.62665118
"UFE",2008-11-01,160.48837361,162.284282739266,160.53789789
"UFE",2008-12-01,154.80298655,160.362209212351,160.48837361
"UFE",2009-01-01,155.15956135,150.870771246297,154.80298655
"UFE",2009-02-01,156.97214991,155.937346989151,155.15956135
"UFE",2009-03-01,157.42777326,157.109062728917,156.97214991
"UFE",2009-04-01,158.44797338,157.335211907718,157.42777326
"UFE",2009-05-01,158.36873453,158.99873417205,158.44797338
"UFE",2009-06-01,159.86436771,158.213132187043,158.36873453
"UFE",2009-07-01,158.73521419,160.741697389835,159.86436771
"UFE",2009-08-01,159.39883951,158.039552213315,158.73521419
"UFE",2009-09-01,160.3794202,159.781750740327,159.39883951
"UFE",2009-10-01,160.83504355,160.53289775672,160.3794202
"UFE",2009-11-01,162.91506321,160.987229587486,160.83504355
"UFE",2009-12-01,163.9847876,163.778773738745,162.91506321
"UFE",2010-01-01,164.93565373,164.281332438751,163.9847876
"UFE",2010-02-01,167.6792987,165.346759912972,164.93565373
"UFE",2010-03-01,170.93799616,168.740224721328,167.6792987
"UFE",2010-04-01,174.95936749,172.241120957994,170.93799616
"UFE",2010-05-01,172.94868182,177.057370895189,174.95936749
"UFE",2010-06-01,172.07705454,171.965639639826,172.94868182
"UFE",2010-07-01,171.80962344,171.790578521953,172.07705454
"UFE",2010-08-01,173.79059454,171.034686696116,171.80962344
"UFE",2010-09-01,174.67212668,174.246238542152,173.79059454
"UFE",2010-10-01,176.7818609,174.633238789865,174.67212668
"UFE",2010-11-01,176.22718899,177.291328881351,176.7818609
"UFE",2010-12-01,178.53502032,175.595118746343,176.22718899
"UFE",2011-01-01,182.75448877,178.918198490841,178.53502032
"UFE",2011-02-01,185.90423281,183.91435055236,182.75448877
"UFE",2011-03-01,188.17244472,187.226579070406,185.90423281
"UFE",2011-04-01,189.32140796,189.637202435417,188.17244472
"UFE",2011-05-01,189.60864877,191.02073322981,189.32140796
"UFE",2011-06-01,189.61855362,191.238487188351,189.60864877
"UFE",2011-07-01,189.56902935,190.989212918025,189.61855362
"UFE",2011-08-01,192.90696565,190.988749034547,189.56902935
"UFE",2011-09-01,195.88832715,195.358714006667,192.90696565
"UFE",2011-10-01,199.02816635,197.881093491517,195.88832715
"UFE",2011-11-01,200.31579756,201.328905196232,199.02816635
"UFE",2011-12-01,202.32648323,202.039730813389,200.31579756
"UFE",2012-01-01,203.09906196,204.271034803807,202.32648323
"UFE",2012-02-01,202.9108697,205.02201741899,203.09906196
"UFE",2012-03-01,203.64382901,204.159076518985,202.9108697
"UFE",2012-04-01,203.81221155,205.461537879235,203.64382901
"UFE",2012-05-01,204.8918408,205.555351869928,203.81221155
"UFE",2012-06-01,201.83124045,206.406948923541,204.8918408
"UFE",2012-07-01,201.1973297,201.759405740257,201.83124045
"UFE",2012-08-01,201.71238219,201.269383541543,201.1973297
"UFE",2012-09-01,203.79240184,203.438455404926,201.71238219
"UFE",2012-10-01,204.14897664,205.439958895181,203.79240184
"UFE",2012-11-01,207.53643722,204.804914703156,204.14897664
"UFE",2012-12-01,207.28881583,208.603530333136,207.53643722
"UFE",2013-01-01,206.91243132,208.076806497052,207.28881583
"UFE",2013-02-01,206.64500022,206.144722373113,206.91243132
"UFE",2013-03-01,208.32882566,207.263200648232,206.64500022
"UFE",2013-04-01,207.26900612,209.583473678814,208.32882566
"UFE",2013-05-01,209.33912092,207.928349567659,207.26900612
"UFE",2013-06-01,212.38981641,209.679736891237,209.33912092
"UFE",2013-07-01,214.49955063,214.134524737943,212.38981641
"UFE",2013-08-01,214.58869433,215.287129194,214.49955063
"UFE",2013-09-01,216.48052173,214.45540266779,214.58869433
"UFE",2013-10-01,217.96625006,216.79491637664,216.48052173
"UFE",2013-11-01,219.3133104,218.855418281715,217.96625006
"UFE",2013-12-01,221.74,219.544024883633,219.3133104
"UFE",2014-01-01,229.1,222.58789866986,221.74
"UFE",2014-02-01,232.27,233.337512825244,229.1
"UFE",2014-03-01,233.98,235.409358237071,232.27
"UFE",2014-04-01,234.18,235.169853205232,233.98
"UFE",2014-05-01,232.96,235.322068243146,234.18
"UFE",2014-06-01,233.09,233.253069108307,232.96
"UFE",2014-07-01,234.79,233.926694498266,233.09
"UFE",2014-08-01,235.78,236.662900326657,234.79
"UFE",2014-09-01,237.79,237.227925888753,235.78
"UFE",2014-10-01,239.97,239.373195954186,237.79
"UFE",2014-11-01,237.65,241.977496534789,239.97
"UFE",2014-12-01,235.84,237.704836874541,237.65
"UFE",2015-01-01,236.61,235.633565023619,235.84
"UFE",2015-02-01,239.46,238.085658513693,236.61
"UFE",2015-03-01,241.97,241.712454531837,239.46
"UFE",2015-04-01,245.42,243.619045599971,241.97
"UFE",2015-05-01,248.15,247.221043604028,245.42
"UFE",2015-06-01,248.78,249.890353132133,248.15
"UFE",2015-07-01,247.99,249.3441517081,248.78
"UFE",2015-08-01,250.43,248.134911101172,247.99
"UFE",2015-09-01,254.25,252.498254062015,250.43
"UFE",2015-10-01,253.74,256.888327137156,254.25
"UFE",2015-11-01,250.13,253.664238355158,253.74
"UFE",2015-12-01,249.31,249.240685774434,250.13
"UFE",2016-01-01,250.67,250.937209051257,249.31
"UFE",2016-02-01,250.16,252.40241284301,250.67
"UFE",2016-03-01,251.17,249.659319643375,250.16
"UFE",2016-04-01,252.47,252.348127034393,251.17
"UFE",2016-05-01,256.21,253.026772619391,252.47
"UFE",2016-06-01,257.27,258.136586866766,256.21
"UFE",2016-07-01,257.81,256.642514192712,257.27
"UFE",2016-08-01,258.01,258.009334812219,257.81
"UFE",2016-09-01,258.77,258.131261481308,258.01
"UFE",2016-10-01,260.94,259.346937782773,258.77
"UFE",2016-11-01,266.16,261.994556101236,260.94
"UFE",2016-12-01,274.09,268.593161100746,266.16
"UFE",2017-01-01,284.99,278.563122789574,274.09
"UFE",2017-02-01,288.59,294.575913317802,284.99
"UFE",2017-03-01,291.58,288.82095635448,288.59
"UFE",2017-04-01,293.79,296.174723740142,291.58
"UFE",2017-05-01,295.31,297.522883853742,293.79
"UFE",2017-06-01,295.52,298.077179211902,295.31
"UFE",2017-07-01,297.65,296.812077732693,295.52
"UFE",2017-08-01,300.18,301.110696893452,297.65
"UFE",2017-09-01,300.9,303.101789716286,300.18
"UFE",2017-10-01,306.04,301.938549524922,300.9
"UFE",2017-11-01,312.21,311.626615062809,306.04
"UFE",2017-12-01,316.48,317.229040949768,312.21
"UFE",2018-01-01,319.6,319.788716538485,316.48
"UFE",2018-02-01,328.17,322.734834699201,319.6
"UFE",2018-03-01,333.21,336.525204696773,328.17
"UFE",2018-04-01,341.88,337.249348133491,333.21
"UFE",2018-05-01,354.85,349.745021748985,341.88
"UFE",2018-06-01,365.6,366.293955303643,354.85
"UFE",2018-07-01,372.06,375.277485572495,365.6
"UFE",2018-08-01,396.62,379.497575085528,372.06
"UFE",2018-09-01,439.78,418.145674330645,396.62
"UFE",2018-10-01,443.78,480.46411312486,439.78
"UFE",2018-11-01,432.55,434.416631394287,443.78
"UFE",2018-12-01,422.94,486.579145069098,432.55
"UFE",2019-01-01,424.86,440.943803194574,422.94
"UFE",2019-02-01,425.26,437.182097799788,424.86
"UFE",2019-03-01,431.98,424.42367715336,425.26
"UFE",2019-04-01,444.85,440.82054982448,431.98
"UFE",2019-05-01,456.74,455.304873568132,444.85
"UFE",2019-06-01,457.16,464.547224404059,456.74
"UFE",2019-07-01,452.63,457.019571598325,457.16
"UFE",2019-08-01,449.96,454.157977230298,452.63
"UFE",2019-09-01,450.55,453.130095991406,449.96
"UFE",2019-10-01,451.31,454.01314389415,450.55
"UFE",2019-11-01,450.97,453.069147147615,451.31
"UFE",2019-12-01,454.08,452.097957601301,450.97
"UFE",2020-01-01,462.42,458.538355997785,454.08
"UFE",2020-02-01,464.64,469.100906080529,462.42
"UFE",2020-03-01,468.69,464.038547368647,464.64
"UFE",2020-04-01,474.69,473.743209491535,468.69
"UFE",2020-05-01,482.02,479.137095338361,474.69
"UFE",2020-06-01,485.37,486.7462317446,482.02
"UFE",2020-07-01,490.33,486.472960183771,485.37
"UFE",2020-08-01,501.85,494.917652742534,490.33
"UFE",2020-09-01,515.13,509.811044983745,501.85
"UFE",2020-10-01,533.44,521.060676408075,515.13
"UFE",2020-11-01,555.18,544.372506151271,533.44
"UFE",2020-12-01,568.27,567.989696891235,555.18
"UFE",2021-01-01,583.38,572.811059068643,568.27
"UFE",2021-02-01,590.52,596.284506079066,583.38
"UFE",2021-03-01,614.93,593.690497263598,590.52
"UFE",2021-04-01,641.63,637.982867307985,614.93
"UFE",2021-05-01,666.79,659.084612409731,641.63
"UFE",2021-06-01,693.54,687.65730784891,666.79
"UFE",2021-07-01,710.61,719.186679754374,693.54
"UFE",2021-08-01,730.28,726.822374722072,710.61
"UFE",2021-09-01,741.58,756.596697810244,730.28
"UFE",2021-10-01,780.45,766.985909458374,741.58
"UFE",2021-11-01,858.43,820.689043655374,780.45
"UFE",2021-12-01,1022.25,935.826734388121,858.43
"UFE",2022-01-01,1129.03,1261.49057334327,1022.25
"UFE",2022-02-01,1210.6,1179.39076629146,1129.03
"UFE",2022-03-01,1321.9,1129.97329716618,1210.6
"UFE",2022-04-01,1423.27,1472.6498084606,1321.9
"UFE",2022-05-01,1548.01,1562.07656807029,1423.27
"UFE",2022-06-01,1652.75,1706.29758463787,1548.01
"UFE",2022-07-01,1738.21,1787.6349728497,1652.75
"UFE",2022-08-01,1780.05,1845.67426709135,1738.21
"UFE",2022-09-01,1865.09,1823.54096069383,1780.05
"UFE",2022-10-01,2011.13,1972.96964482831,1865.09
"UFE",2022-11-01,2026.08,2184.23176500854,2011.13
"UFE",2022-12-01,2021.19,2033.2208355216,2026.08
"UFE",2023-01-01,2105.17,2084.63883767975,2021.19
"UFE",2023-02-01,2138.04,2171.88559357655,2105.17
"UFE",2023-03-01,2147.44,2109.66244050586,2138.04
"UFE",2023-04-01,2164.94,2184.79375047169,2147.44
"UFE",2023-05-01,2179.02,2181.17779222517,2164.94
"UFE",2023-06-01,2320.72,2177.50662978598,2179.02
"UFE",2023-07-01,2511.75,2427.73821306006,2320.72
"UFE",2023-08-01,2659.6,2631.12419060203,2511.75
"UFE",2023-09-01,2749.98,2777.17742570779,2659.6
"UFE",2023-10-01,2803.29,2850.06594134746,2749.98
"UFE",2023-11-01,2882.04,2877.86690026707,2803.29
"UFE",2023-12-01,2915.02,2978.82826403152,2882.04
"UFE",2024-01-01,3035.59,2950.90020390195,2915.02
"UFE",2024-02-01,3149.03,3162.71149446328,3035.59
"UFE",2024-03-01,3252.79,3237.64721622641,3149.03
"UFE",2024-04-01,3369.98,3350.18002720209,3252.79
"UFE",2024-05-01,3435.96,3479.68245288386,3369.98
"UFE",2024-06-01,3483.25,3504.05199976532,3435.96
"UFE",2024-07-01,3550.88,3551.52740962253,3483.25
"UFE",2024-08-01,3610.51,3630.99241875818,3550.88
"UFE",2024-09-01,3659.84,3675.35115554295,3610.51
"UFE",2024-10-01,3707.1,3718.98365400497,3659.84
"UFE",2024-11-01,3731.43,3765.29148025787,3707.1
"UFE",2024-12-01,3746.52,3773.26878383377,3731.43
"UFE",2025-01-01,3861.33,3786.70484649806,3746.52
"UFE",2025-02-01,3943.01,3963.09343078998,3861.33
"UFE",2025-03-01,4017.3,3994.70703547417,3943.01
"UFE",2025-04-01,4128.19,4084.5127552838,4017.3
"UFE",2025-05-01,4230.69,4219.21908218548,4128.19
"UFE",2025-06-01,4334.94,4310.20356766181,4230.69
"UFE",2025-07-01,4409.73,4424.097122188,4334.94
"UFE",2025-08-01,4518.89,4481.6658408987,4409.73
"UFE",2025-09-01,4632.89,4619.47419194885,4518.89
"UFE",2025-10-01,4708.2,4728.23669651187,4632.89
"UFE",2025-11-01,4747.63,4787.78247800762,4708.2
"UFE",2025-12-01,4783.04,4803.61076739481,4747.63
"UFE",2026-01-01,4910.53,4839.2737144122,4783.04
"UFE",2026-02-01,5029.76,5033.02418740364,4910.53
"UFE",2026-03-01,5145.36,5126.48970991583,5029.76
"UFE",2026-04-01,5308.46,5230.02805639861,5145.36
"UFE",2026-05-01,5454.58,5430.0161772373,5308.46
"UFE",2026-06-01,5552.52,5555.22431059188,5454.58
"UFE",2026-07-01,5637.14,5635.09422957542,5552.52
"UFE",2026-08-01,5781.74,5730.17203293929,5637.14
"M2",2003-02-01,61670537,62204824.7811789,61000599
"M2",2003-03-01,63775968,62752809.6175585,61670537
"M2",2003-04-01,62804208,64924634.4485441,63775968
"M2",2003-05-01,64664714,63715351.2616032,62804208
"M2",2003-06-01,67813827,65581344.560557,64664714
"M2",2003-07-01,69912019,68939719.2598162,67813827
"M2",2003-08-01,71376431,71206012.0996159,69912019
"M2",2003-09-01,74970925,72587966.209942,71376431
"M2",2003-10-01,77111813,76427146.7732039,74970925
"M2",2003-11-01,78796201,78637759.5491503,77111813
"M2",2003-12-01,82712966,80350360.4491071,78796201
"M2",2004-01-01,90436316,84862326.1424632,82712966
"M2",2004-02-01,89510444,93771933.3418092,90436316
"M2",2004-03-01,92551907,92203354.1920695,89510444
"M2",2004-04-01,95203537,95591220.2169003,92551907
"M2",2004-05-01,95633521,98279886.9222358,95203537
"M2",2004-06-01,97409577,98276350.6173618,95633521
"M2",2004-07-01,98373716,99999511.4015023,97409577
"M2",2004-08-01,100808321,100618817.830434,98373716
"M2",2004-09-01,102914186,103194613.668789,100808321
"M2",2004-10-01,104511632,105313795.588679,102914186
"M2",2004-11-01,105450430,106817414.669016,104511632
"M2",2004-12-01,108539246,107592705.126884,105450430
"M2",2005-01-01,106096434,110934309.358777,108539246
"M2",2005-02-01,108470081,107820661.138528,106096434
"M2",2005-03-01,113719133,110310468.308799,108470081
"M2",2005-04-01,117735754,115935146.840156,113719133
"M2",2005-05-01,120541574,120206352.879379,117735754
"M2",2005-06-01,126567918,123077798.789445,120541574
"M2",2005-07-01,130646026,129656335.697884,126567918
"M2",2005-08-01,134089319,133946159.669258,130646026
"M2",2005-09-01,138520405,137404255.454358,134089319
"M2",2005-10-01,144406974,142164290.455184,138520405
"M2",2005-11-01,146553461,148583662.747529,144406974
"M2",2005-12-01,238801377.5,150469599.076657,146553461
"M2",2006-01-01,234781577.5,276244212.326441,238801377.5
"M2",2006-02-01,239340348.1,251650333.525882,234781577.5
"M2",2006-03-01,247906895.6,252470470.941811,239340348.1
"M2",2006-04-01,252556462.6,260300703.40757,247906895.6
"M2",2006-05-01,274641762.3,263178140.103218,252556462.6
"M2",2006-06-01,278518255.4,288641529.418536,274641762.3
"M2",2006-07-01,271258116.3,290585064.953029,278518255.4
"M2",2006-08-01,275056947.3,279636664.569916,271258116.3
"M2",2006-09-01,281859755.1,282745554.493007,275056947.3
"M2",2006-10-01,283901921.6,289493880.897456,281859755.1
"M2",2006-11-01,289899747.4,290779908.461004,283901921.6
"M2",2006-12-01,297734742.6,296628675.628574,289899747.4
"M2",2007-01-01,299256415.4,304599896.669091,297734742.6
"M2",2007-02-01,301320358.4,305607528.727343,299256415.4
"M2",2007-03-01,305514500.6,307121324.301954,301320358.4
"M2",2007-04-01,310154079.1,311098104.364451,305514500.6
"M2",2007-05-01,314302110.4,315565766.259525,310154079.1
"M2",2007-06-01,320006674.7,319460291.312456,314302110.4
"M2",2007-07-01,324278665.2,325056274.478705,320006674.7
"M2",2007-08-01,329380436,329081478.40629,324278665.2
"M2",2007-09-01,327465954.2,334018829.367879,329380436
"M2",2007-10-01,328448264,331493778.08773,327465954.2
"M2",2007-11-01,332502206,332083880.154093,328448264
"M2",2007-12-01,344376752,335872278.245685,332502206
"M2",2008-01-01,345039820,347817339.875217,344376752
"M2",2008-02-01,351541277,347880045.36347,345039820
"M2",2008-03-01,372435011,354069015.266738,351541277
"M2",2008-04-01,374709014,375210418.062847,372435011
"M2",2008-05-01,370137438,376917578.554757,374709014
"M2",2008-06-01,379097979,371479025.934952,370137438
"M2",2008-07-01,380641620,380020500.719807,379097979
"M2",2008-08-01,381053390,380812000.497568,380641620
"M2",2008-09-01,399314554,380309494.705334,381053390
"M2",2008-10-01,414116682,397332290.111097,399314554
"M2",2008-11-01,422482232,410820311.931908,414116682
"M2",2008-12-01,436380325,416894330.435591,422482232
"M2",2009-01-01,435510154,444883528.448852,436380325
"M2",2009-02-01,444276689,442014856.484387,435510154
"M2",2009-03-01,447061458,451167145.233861,444276689
"M2",2009-04-01,439284789,453681435.400802,447061458
"M2",2009-05-01,443839022,444042360.752585,439284789
"M2",2009-06-01,450220461,449495722.435071,443839022
"M2",2009-07-01,452153251,456015070.610577,450220461
"M2",2009-08-01,457238234,457138994.351403,452153251
"M2",2009-09-01,468103547,462173218.967491,457238234
"M2",2009-10-01,471896475,473743380.847916,468103547
"M2",2009-11-01,484503316,477220687.869917,471896475
"M2",2009-12-01,493060975,490710648.060324,484503316
"M2",2010-01-01,491925514,499782617.29129,493060975
"M2",2010-02-01,500267353,497604421.226696,491925514
"M2",2010-03-01,508028109,506114940.609645,500267353
"M2",2010-04-01,506739804,514058084.033642,508028109
"M2",2010-05-01,515038013,511947930.132164,506739804
"M2",2010-06-01,532117277,520469742.40729,515038013
"M2",2010-07-01,533291863,538853703.660505,532117277
"M2",2010-08-01,537446147,539332718.436806,533291863
"M2",2010-09-01,546109351,543259287.777535,537446147
"M2",2010-10-01,551318229,551825818.687037,546109351
"M2",2010-11-01,560599376,556637695.998814,551318229
"M2",2010-12-01,587261177,566100445.164616,560599376
"M2",2011-01-01,585506045,595789097.328885,587261177
"M2",2011-02-01,600590517,592241500.912674,585506045
"M2",2011-03-01,612916566,608474592.47589,600590517
"M2",2011-04-01,615968600,622767152.7055,612916566
"M2",2011-05-01,630708198,624782291.193816,615968600
"M2",2011-06-01,640200133,639930091.46949,630708198
"M2",2011-07-01,649010941,649838764.067867,640200133
"M2",2011-08-01,661883190,658395916.3009,649010941
"M2",2011-09-01,663929435,671519736.732892,661883190
"M2",2011-10-01,657814714,673415076.8869,663929435
"M2",2011-11-01,661091530,665785565.959799,657814714
"M2",2011-12-01,674409579,668689127.412992,661091530
"M2",2012-01-01,659931261,683112145.589979,674409579
"M2",2012-02-01,663809764,665945085.001207,659931261
"M2",2012-03-01,672025170,669705061.363995,663809764
"M2",2012-04-01,674704190,677998178.250337,672025170
"M2",2012-05-01,683957100,679955960.848675,674704190
"M2",2012-06-01,694307425,689309801.350371,683957100
"M2",2012-07-01,697424791,699914466.656428,694307425
"M2",2012-08-01,705819744,702514166.735984,697424791
"M2",2012-09-01,717634909,710906432.682881,705819744
"M2",2012-10-01,726248626,723287494.481683,717634909
"M2",2012-11-01,725095646,731864851.21975,726248626
"M2",2012-12-01,743043389,730279885.304229,725095646
"M2",2013-01-01,745255840,749287340.631345,743043389
"M2",2013-02-01,752627312,750600934.542091,745255840
"M2",2013-03-01,763321233,758050389.89456,752627312
"M2",2013-04-01,772431756,769110233.619638,763321233
"M2",2013-05-01,792034212,777861604.914757,772431756
"M2",2013-06-01,807047573,798802085.993428,792034212
"M2",2013-07-01,829743521,815596977.778921,807047573
"M2",2013-08-01,848273726,840067070.622842,829743521
"M2",2013-09-01,863518843,859972447.502764,848273726
"M2",2013-10-01,868843841,876353142.61922,863518843
"M2",2013-11-01,879344465,880466347.924798,868843841
"M2",2013-12-01,908059333,891194829.707467,879344465
"M2",2014-01-01,921325263,925295822.21463,908059333
"M2",2014-02-01,922154061,937980599.322577,921325263
"M2",2014-03-01,923380639,936994279.166518,922154061
"M2",2014-04-01,926654456,936696614.428783,923380639
"M2",2014-05-01,924114963,938608033.479607,926654456
"M2",2014-06-01,942496619,934680430.487758,924114963
"M2",2014-07-01,967001541,954350457.012584,942496619
"M2",2014-08-01,967173176,981015049.824273,967001541
"M2",2014-09-01,994182489,979768153.536013,967173176
"M2",2014-10-01,984013436,1008982616.73066,994182489
"M2",2014-11-01,987533316,995250862.2756,984013436
"M2",2014-12-01,1015920601,997871198.801521,987533316
"M2",2015-01-01,1022057292,1028608309.05964,1015920601
"M2",2015-02-01,1046179728,1033313376.5678,1022057292
"M2",2015-03-01,1070387826,1058770978.44983,1046179728
"M2",2015-04-01,1098268735,1084583078.25194,1070387826
"M2",2015-05-01,1108585679,1114296164.73291,1098268735
"M2",2015-06-01,1119496059,1124062539.48302,1108585679
"M2",2015-07-01,1148945028,1134624950.26208,1119496059
"M2",2015-08-01,1172420463,1166008922.39856,1148945028
"M2",2015-09-01,1204692707,1190756148.47164,1172420463
"M2",2015-10-01,1188074099,1225967842.86425,1204692707
"M2",2015-11-01,1179305100,1203685299.13054,1188074099
"M2",2015-12-01,1189495148,1191413697.35996,1179305100
"M2",2016-01-01,1197885983,1201638398.56436,1189495148
"M2",2016-02-01,1206624205,1209107334.32639,1197885983
"M2",2016-03-01,1220421457,1217198894.31166,1206624205
"M2",2016-04-01,1223924736,1230978336.80167,1220421457
"M2",2016-05-01,1249963165,1233434782.4422,1223924736
"M2",2016-06-01,1261520416,1261041377.62539,1249963165
"M2",2016-07-01,1282795654,1272608775.19617,1261520416
"M2",2016-08-01,1283703073,1295400516.99925,1282795654
"M2",2016-09-01,1301518102,1295353814.55959,1283703073
"M2",2016-10-01,1321651942,1313934482.54721,1301518102
"M2",2016-11-01,1367445757,1334587233.11701,1321651942
"M2",2016-12-01,1406872842,1384400049.52901,1367445757
"M2",2017-01-01,1426505883,1428853419.71888,1406872842
"M2",2017-02-01,1407933124,1448968391.50404,1426505883
"M2",2017-03-01,1448942430,1424092221.2581,1407933124
"M2",2017-04-01,1476089913,1468059065.2249,1448942430
"M2",2017-05-01,1491806735,1496208923.46848,1476089913
"M2",2017-06-01,1516294070,1510650343.74883,1491806735
"M2",2017-07-01,1522315696,1536515564.26765,1516294070
"M2",2017-08-01,1544897146,1541490948.0885,1522315696
"M2",2017-09-01,1563134203,1564040761.18682,1544897146
"M2",2017-10-01,1610022776,1583193457.22784,1563134203
"M2",2017-11-01,1627300950,1632868484.06473,1610022776
"M2",2017-12-01,1628023132,1648940375.71262,1627300950
"M2",2018-01-01,1617630665,1647823943.42242,1628023132
"M2",2018-02-01,1633682306,1633326702.32806,1617630665
"M2",2018-03-01,1678040812,1649763085.48922,1633682306
"M2",2018-04-01,1712468513,1697856779.29193,1678040812
"M2",2018-05-01,1787144026,1735277933.58944,1712468513
"M2",2018-06-01,1807860689,1818514960.40355,1787144026
"M2",2018-07-01,1870996641,1838216029.50954,1807860689
"M2",2018-08-01,2099272197,1909651465.87864,1870996641
"M2",2018-09-01,2020764883,2191418488.06304,2099272197
"M2",2018-10-01,1956073358,2068686070.90999,2020764883
"M2",2018-11-01,1899242192,1982946114.31698,1956073358
"M2",2018-12-01,1938998976,1915442188.78226,1899242192
"M2",2019-01-01,1950687708,1956655251.35942,1938998976
"M2",2019-02-01,1984646947,1967122546.76693,1950687708
"M2",2019-03-01,2090276096,2001797374.19661,1984646947
"M2",2019-04-01,2151020045,2115770682.51602,2090276096
"M2",2019-05-01,2165907128,2180258271.34446,2151020045
"M2",2019-06-01,2159862130,2193463101.2729,2165907128
"M2",2019-07-01,2152836961,2182647330.99832,2159862130
"M2",2019-08-01,2254518412,2172147157.30483,2152836961
"M2",2019-09-01,2259287516,2280702142.14604,2254518412
"M2",2019-10-01,2313425349,2282274447.19852,2259287516
"M2",2019-11-01,2343648606,2339263747.92784,2313425349
"M2",2019-12-01,2445447858,2370959354.143,2343648606
"M2",2020-01-01,2469235642,2483703102.60455,2445447858
"M2",2020-02-01,2556911596,2505617619.01534,2469235642
"M2",2020-03-01,2681493623,2599172213.91973,2556911596
"M2",2020-04-01,2910666523,2740617568.61537,2681493623
"M2",2020-05-01,2918865211,3013306958.28483,2910666523
"M2",2020-06-01,3001226936,3002132150.02095,2918865211
"M2",2020-07-01,3141593256,3088723492.18544,3001226936
"M2",2020-08-01,3196795800,3245525514.88585,3141593256
"M2",2020-09-01,3273110992,3294635477.14728,3196795800
"M2",2020-10-01,3414449433,3370574322.61873,3273110992
"M2",2020-11-01,3314555345,3528089572.94864,3414449433
"M2",2020-12-01,3326512024,3388480687.43422,3314555345
"M2",2021-01-01,3306057972,3391236947.50527,3326512024
"M2",2021-02-01,3326645026,3358625811.2067,3306057972
"M2",2021-03-01,3519147499,3374858717.62642,3326645026
"M2",2021-04-01,3574864016,3584111888.27062,3519147499
"M2",2021-05-01,3676730667,3639044513.32491,3574864016
"M2",2021-06-01,3763771681,3748467787.70717,3676730667
"M2",2021-07-01,3804781569,3838052780.42755,3763771681
"M2",2021-08-01,3815142498,3876618444.48658,3804781569
"M2",2021-09-01,3993750060,3887352558.61818,3815142498
"M2",2021-10-01,4239266828,4079363085.2009,3993750060
"M2",2021-11-01,5021717951,4348436620.16676,4239266828
"M2",2021-12-01,5108132702,5285390000.54766,5021717951
"M2",2022-01-01,5140228239,5337534951.00538,5108132702
"M2",2022-02-01,5308036475,5329071200.36834,5140228239
"M2",2022-03-01,5699858632,5500671234.5501,5308036475
"M2",2022-04-01,5895872508,5956137926.82451,5699858632
"M2",2022-05-01,6277459612,6154098350.45819,5895872508
"M2",2022-06-01,6428508832,6583174112.39963,6277459612
"M2",2022-07-01,6958505889,6710662988.28635,6428508832
"M2",2022-08-01,7231185430,7318948739.36174,6958505889
"M2",2022-09-01,7475494815,7596646091.71642,7231185430
"M2",2022-10-01,7735052757,7830822427.61401,7475494815
"M2",2022-11-01,7871318084,8088078905.97334,7735052757
"M2",2022-12-01,8209273693,8192366527.86109,7871318084
"M2",2023-01-01,8427505053,8550647696.67473,8209273693
"M2",2023-02-01,8650527989,8756785403.42419,8427505053
"M2",2023-03-01,9073195173,8973112789.15901,8650527989
"M2",2023-04-01,9537845081,9429740596.77024,9073195173
"M2",2023-05-01,9508104415,9938920662.99285,9537845081
"M2",2023-06-01,10874575044,9840326654.94715,9508104415
"M2",2023-07-01,11510220409,11424675214.0719,10874575044
"M2",2023-08-01,11947306760,12119534304.1659,11510220409
"M2",2023-09-01,12374659285,12550982151.0566,11947306760
"M2",2023-10-01,12789135293,12971360213.0811,12374659285
"M2",2023-11-01,13049971609,13379287084.6724,12789135293
"M2",2023-12-01,13665141252,13591713149.7982,13049971609
"M2",2024-01-01,13697119812,14238777318.823,13665141252
"M2",2024-02-01,14020214021,14185790363.2596,13697119812
"M2",2024-03-01,14348468781,14489795692.01,14020214021
"M2",2024-04-01,14523330249,14808516301.7559,14348468781
"M2",2024-05-01,14837921368,14946450995.2784,14523330249
"M2",2024-06-01,15319202915,15248967705.1385,14837921368
"M2",2024-07-01,15726267311,15739272082.5432,15319202915
"M2",2024-08-01,16206558025,16141238694.378,15726267311
"M2",2024-09-01,16452308928,16622346220.8699,16206558025
"M2",2024-10-01,16767749092,16845302199.6312,16452308928
"M2",2024-11-01,16915022358,17150979881.1636,16767749092
"M2",2024-12-01,17527677986,17296626996.274,16915022358
"M2",2025-01-01,17636192186,17929809210.6711,17527677986
"M2",2025-02-01,18321342785,17995742843.0644,17636192186
"M2",2025-03-01,19821138846,18708413426.8645,18321342785
"M2",2025-04-01,20106009573,20355831439.7254,19821138846
"M2",2025-05-01,20624031860,20606485318.4171,20106009573
"M2",2025-06-01,21222731191,21138173376.0475,20624031860
"M2",2025-07-01,21830111045,21746691271.3812,21222731191
"M2",2025-08-01,22188709107,22387232693.3995,21830111045
"M2",2025-09-01,22860968238,22723869565.918,22188709107
"M2",2025-10-01,23313861922,23418785984.5466,22860968238
"M2",2025-11-01,23618924923,23860692193.3246,23313861922
"M2",2025-12-01,24729036670,24126971442.9444,23618924923
"M2",2026-01-01,25273094090,25321863364.7651,24729036670
"M2",2026-02-01,25686545565,25858085407.9271,25273094090
"M2",2026-03-01,25729187059,26243840706.041,25686545565
"M2",2026-04-01,26518751183,26223714879.9641,25729187059
"M2",2026-05-01,27293420191,27054347428.996,26518751183
"M2",2026-06-01,27375153253,27834809222.3548,27293420191
"M2",2026-07-01,28148817213,27921321691.6193,27375153253
"REEL_KESIM_GUVEN",2010-03-01,110.4,103.245043956139,103.5
"REEL_KESIM_GUVEN",2010-04-01,119.2,112.700284535671,110.4
"REEL_KESIM_GUVEN",2010-05-01,114,121.600676150882,119.2
"REEL_KESIM_GUVEN",2010-06-01,111.1,108.77337979077,114
"REEL_KESIM_GUVEN",2010-07-01,109.9,107.094812625189,111.1
"REEL_KESIM_GUVEN",2010-08-01,109.1,107.16431436559,109.9
"REEL_KESIM_GUVEN",2010-09-01,109.4,106.707465531509,109.1
"REEL_KESIM_GUVEN",2010-10-01,105.4,107.915986177141,109.4
"REEL_KESIM_GUVEN",2010-11-01,106.8,101.658347609612,105.4
"REEL_KESIM_GUVEN",2010-12-01,106.5,106.307673386288,106.8
"REEL_KESIM_GUVEN",2011-01-01,113,104.953153117739,106.5
"REEL_KESIM_GUVEN",2011-02-01,111.2,115.078634681554,113
"REEL_KESIM_GUVEN",2011-03-01,114.5,108.182091083466,111.2
"REEL_KESIM_GUVEN",2011-04-01,117,114.470848917374,114.5
"REEL_KESIM_GUVEN",2011-05-01,117.9,116.345613953202,117
"REEL_KESIM_GUVEN",2011-06-01,115.3,116.24198271353,117.9
"REEL_KESIM_GUVEN",2011-07-01,112.6,111.825446382918,115.3
"REEL_KESIM_GUVEN",2011-08-01,109.3,109.473823037012,112.6
"REEL_KESIM_GUVEN",2011-09-01,111.6,106.111096514021,109.3
"REEL_KESIM_GUVEN",2011-10-01,101.6,111.983196421248,111.6
"REEL_KESIM_GUVEN",2011-11-01,102.4,96.890776705595,101.6
"REEL_KESIM_GUVEN",2011-12-01,99.3,103.315278346157,102.4
"REEL_KESIM_GUVEN",2012-01-01,102,99.9532803228092,99.3
"REEL_KESIM_GUVEN",2012-02-01,108.7,103.472564109291,102
"REEL_KESIM_GUVEN",2012-03-01,112.6,109.856382925262,108.7
"REEL_KESIM_GUVEN",2012-04-01,115.4,112.09087921174,112.6
"REEL_KESIM_GUVEN",2012-05-01,114.3,114.53400253874,115.4
"REEL_KESIM_GUVEN",2012-06-01,108.1,113.170831706093,114.3
"REEL_KESIM_GUVEN",2012-07-01,109.1,106.694046377444,108.1
"REEL_KESIM_GUVEN",2012-08-01,105.7,109.111641258797,109.1
"REEL_KESIM_GUVEN",2012-09-01,103,105.58288430534,105.7
"REEL_KESIM_GUVEN",2012-10-01,100.8,103.726388400804,103
"REEL_KESIM_GUVEN",2012-11-01,101.9,102.563365630385,100.8
"REEL_KESIM_GUVEN",2012-12-01,97.6,104.379958868125,101.9
"REEL_KESIM_GUVEN",2013-01-01,101.9,100.992609670658,97.6
"REEL_KESIM_GUVEN",2013-02-01,105.9,104.495948782064,101.9
"REEL_KESIM_GUVEN",2013-03-01,111.9,107.894532424869,105.9
"REEL_KESIM_GUVEN",2013-04-01,111.5,112.481352111787,111.9
"REEL_KESIM_GUVEN",2013-05-01,114.3,110.374380202061,111.5
"REEL_KESIM_GUVEN",2013-06-01,114.2,113.337420850347,114.3
"REEL_KESIM_GUVEN",2013-07-01,109,112.776598663561,114.2
"REEL_KESIM_GUVEN",2013-08-01,106.8,107.784078626323,109
"REEL_KESIM_GUVEN",2013-09-01,104.7,106.79494667423,106.8
"REEL_KESIM_GUVEN",2013-10-01,103.9,105.227747291068,104.7
"REEL_KESIM_GUVEN",2013-11-01,98.7,104.987040612574,103.9
"REEL_KESIM_GUVEN",2013-12-01,96.7,99.6963274245927,98.7
"REEL_KESIM_GUVEN",2014-01-01,95.8,98.6618733981535,96.7
"REEL_KESIM_GUVEN",2014-02-01,99.2,97.5827082168931,95.8
"REEL_KESIM_GUVEN",2014-03-01,106.4,101.727700223352,99.2
"REEL_KESIM_GUVEN",2014-04-01,110.6,109.133463009017,106.4
"REEL_KESIM_GUVEN",2014-05-01,113.5,111.006781486117,110.6
"REEL_KESIM_GUVEN",2014-06-01,110.4,112.483650798988,113.5
"REEL_KESIM_GUVEN",2014-07-01,107.3,107.885625982403,110.4
"REEL_KESIM_GUVEN",2014-08-01,103.9,105.678927541209,107.3
"REEL_KESIM_GUVEN",2014-09-01,104.5,103.231434296262,103.9
"REEL_KESIM_GUVEN",2014-10-01,105.3,105.230079475152,104.5
"REEL_KESIM_GUVEN",2014-11-01,99.2,106.069638313965,105.3
"REEL_KESIM_GUVEN",2014-12-01,98.5,97.9468470445794,99.2
"REEL_KESIM_GUVEN",2015-01-01,101.7,100.665659784488,98.5
"REEL_KESIM_GUVEN",2015-02-01,103.7,104.917990130304,101.7
"REEL_KESIM_GUVEN",2015-03-01,103,105.279894292608,103.7
"REEL_KESIM_GUVEN",2015-04-01,109.7,103.296605162359,103
"REEL_KESIM_GUVEN",2015-05-01,111.3,111.313898345321,109.7
"REEL_KESIM_GUVEN",2015-06-01,105.6,109.980823122853,111.3
"REEL_KESIM_GUVEN",2015-07-01,104.8,103.014825724702,105.6
"REEL_KESIM_GUVEN",2015-08-01,102.9,104.474329824672,104.8
"REEL_KESIM_GUVEN",2015-09-01,98.2,102.732228141955,102.9
"REEL_KESIM_GUVEN",2015-10-01,97.7,98.139236427537,98.2
"REEL_KESIM_GUVEN",2015-11-01,102.6,99.9080707698118,97.7
"REEL_KESIM_GUVEN",2015-12-01,100.4,105.912500257292,102.6
"REEL_KESIM_GUVEN",2016-01-01,103.2,101.046167510931,100.4
"REEL_KESIM_GUVEN",2016-02-01,104.6,105.100590402222,103.2
"REEL_KESIM_GUVEN",2016-03-01,107.2,105.292854897676,104.6
"REEL_KESIM_GUVEN",2016-04-01,110.5,107.398061308797,107.2
"REEL_KESIM_GUVEN",2016-05-01,110.2,110.114277120518,110.5
"REEL_KESIM_GUVEN",2016-06-01,107.7,107.920835618839,110.2
"REEL_KESIM_GUVEN",2016-07-01,108,105.174226876101,107.7
"REEL_KESIM_GUVEN",2016-08-01,102.2,106.881785876175,108
"REEL_KESIM_GUVEN",2016-09-01,106.1,100.220274237763,102.2
"REEL_KESIM_GUVEN",2016-10-01,101,106.985977400184,106.1
"REEL_KESIM_GUVEN",2016-11-01,103.5,100.507899578006,101
"REEL_KESIM_GUVEN",2016-12-01,97.6,104.696393199622,103.5
"REEL_KESIM_GUVEN",2017-01-01,97.1,98.9714535370705,97.6
"REEL_KESIM_GUVEN",2017-02-01,105.9,100.087374644737,97.1
"REEL_KESIM_GUVEN",2017-03-01,108.9,107.717959771732,105.9
"REEL_KESIM_GUVEN",2017-04-01,111.2,107.716584040034,108.9
"REEL_KESIM_GUVEN",2017-05-01,109.2,108.902700633104,111.2
"REEL_KESIM_GUVEN",2017-06-01,112.4,106.667639284364,109.2
"REEL_KESIM_GUVEN",2017-07-01,109.5,109.755029979039,112.4
"REEL_KESIM_GUVEN",2017-08-01,110.7,107.245742097247,109.5
"REEL_KESIM_GUVEN",2017-09-01,111.6,108.907534674951,110.7
"REEL_KESIM_GUVEN",2017-10-01,109.5,109.709489118101,111.6
"REEL_KESIM_GUVEN",2017-11-01,106.3,108.077437783585,109.5
"REEL_KESIM_GUVEN",2017-12-01,103.3,105.845875277985,106.3
"REEL_KESIM_GUVEN",2018-01-01,108.3,103.929097404147,103.3
"REEL_KESIM_GUVEN",2018-02-01,110.8,107.733371911656,108.3
"REEL_KESIM_GUVEN",2018-03-01,111.9,109.380083037257,110.8
"REEL_KESIM_GUVEN",2018-04-01,111.2,110.15568697038,111.9
"REEL_KESIM_GUVEN",2018-05-01,109.9,109.583227487987,111.2
"REEL_KESIM_GUVEN",2018-06-01,104.6,108.642996387603,109.9
"REEL_KESIM_GUVEN",2018-07-01,102.7,104.619789421379,104.6
"REEL_KESIM_GUVEN",2018-08-01,96.4,103.516466394011,102.7
"REEL_KESIM_GUVEN",2018-09-01,89.6,98.2525353128299,96.4
"REEL_KESIM_GUVEN",2018-10-01,87.6,91.8159262907323,89.6
"REEL_KESIM_GUVEN",2018-11-01,92.8,90.0126291478497,87.6
"REEL_KESIM_GUVEN",2018-12-01,91.5,95.887567848192,92.8
"REEL_KESIM_GUVEN",2019-01-01,93,93.0470924690576,91.5
"REEL_KESIM_GUVEN",2019-02-01,97.2,94.6125837228941,93
"REEL_KESIM_GUVEN",2019-03-01,102.1,98.9232665169522,97.2
"REEL_KESIM_GUVEN",2019-04-01,105.5,103.393232962571,102.1
"REEL_KESIM_GUVEN",2019-05-01,98.9,105.874927759959,105.5
"REEL_KESIM_GUVEN",2019-06-01,102.5,98.5003391694,98.9
"REEL_KESIM_GUVEN",2019-07-01,98.3,103.035442356265,102.5
"REEL_KESIM_GUVEN",2019-08-01,102.5,98.6365627013542,98.3
"REEL_KESIM_GUVEN",2019-09-01,98.8,102.930564560274,102.5
"REEL_KESIM_GUVEN",2019-10-01,100.9,99.1126140469262,98.8
"REEL_KESIM_GUVEN",2019-11-01,102,101.500493796286,100.9
"REEL_KESIM_GUVEN",2019-12-01,103.6,102.29262468498,102
"REEL_KESIM_GUVEN",2020-01-01,104.1,103.938463026355,103.6
"REEL_KESIM_GUVEN",2020-02-01,106.9,104.19831633777,104.1
"REEL_KESIM_GUVEN",2020-03-01,99.7,106.805611318026,106.9
"REEL_KESIM_GUVEN",2020-04-01,66.8,99.5865062534102,99.7
"REEL_KESIM_GUVEN",2020-05-01,76.9,54.0314768690413,66.8
"REEL_KESIM_GUVEN",2020-06-01,92.6,83.6496554326563,76.9
"REEL_KESIM_GUVEN",2020-07-01,100.7,99.8102490085995,92.6
"REEL_KESIM_GUVEN",2020-08-01,106.2,102.879705968176,100.7
"REEL_KESIM_GUVEN",2020-09-01,105.3,105.531892820141,106.2
"REEL_KESIM_GUVEN",2020-10-01,108.1,102.717965810079,105.3
"REEL_KESIM_GUVEN",2020-11-01,103.9,105.607636001699,108.1
"REEL_KESIM_GUVEN",2020-12-01,106.8,100.789283940433,103.9
"REEL_KESIM_GUVEN",2021-01-01,107,104.915618985662,106.8
"REEL_KESIM_GUVEN",2021-02-01,109.3,103.993711861588,107
"REEL_KESIM_GUVEN",2021-03-01,110.8,106.021019621836,109.3
"REEL_KESIM_GUVEN",2021-04-01,111,106.591324327899,110.8
"REEL_KESIM_GUVEN",2021-05-01,110.3,106.294879219839,111
"REEL_KESIM_GUVEN",2021-06-01,113,105.616814945849,110.3
"REEL_KESIM_GUVEN",2021-07-01,114.8,108.853620722444,113
"REEL_KESIM_GUVEN",2021-08-01,113.9,110.135855794462,114.8
"REEL_KESIM_GUVEN",2021-09-01,113.4,109.369486728966,113.9
"REEL_KESIM_GUVEN",2021-10-01,109.6,109.701237403443,113.4
"REEL_KESIM_GUVEN",2021-11-01,108.4,106.435051399886,109.6
"REEL_KESIM_GUVEN",2021-12-01,106.1,106.356091300131,108.4
"REEL_KESIM_GUVEN",2022-01-01,109.5,104.57710764927,106.1
"REEL_KESIM_GUVEN",2022-02-01,109.8,108.344433305577,109.5
"REEL_KESIM_GUVEN",2022-03-01,108.5,107.838557548304,109.8
"REEL_KESIM_GUVEN",2022-04-01,109.7,106.637017794674,108.5
"REEL_KESIM_GUVEN",2022-05-01,109.4,108.084997066438,109.7
"REEL_KESIM_GUVEN",2022-06-01,106.4,107.779913089287,109.4
"REEL_KESIM_GUVEN",2022-07-01,103.7,105.004937868958,106.4
"REEL_KESIM_GUVEN",2022-08-01,102.1,103.400444055111,103.7
"REEL_KESIM_GUVEN",2022-09-01,99.9,102.52803110244,102.1
"REEL_KESIM_GUVEN",2022-10-01,100.3,101.010709819931,99.9
"REEL_KESIM_GUVEN",2022-11-01,97.9,101.986308462552,100.3
"REEL_KESIM_GUVEN",2022-12-01,97.8,99.4795490061449,97.9
"REEL_KESIM_GUVEN",2023-01-01,101.7,100.016994102705,97.8
"REEL_KESIM_GUVEN",2023-02-01,102.4,103.829574884451,101.7
"REEL_KESIM_GUVEN",2023-03-01,105.2,103.198291486893,102.4
"REEL_KESIM_GUVEN",2023-04-01,108,105.929993131478,105.2
"REEL_KESIM_GUVEN",2023-05-01,108.3,108.3151881586,108
"REEL_KESIM_GUVEN",2023-06-01,108.2,108.093213206834,108.3
"REEL_KESIM_GUVEN",2023-07-01,106.8,108.034454104925,108.2
"REEL_KESIM_GUVEN",2023-08-01,105,106.606477808447,106.8
"REEL_KESIM_GUVEN",2023-09-01,104.4,105.063688074501,105
"REEL_KESIM_GUVEN",2023-10-01,103.3,104.648497258842,104.4
"REEL_KESIM_GUVEN",2023-11-01,100.2,103.4576597603,103.3
"REEL_KESIM_GUVEN",2023-12-01,99.1,100.069725657288,100.2
"REEL_KESIM_GUVEN",2024-01-01,100.9,99.2947512965626,99.1
"REEL_KESIM_GUVEN",2024-02-01,101.5,102.229474794455,100.9
"REEL_KESIM_GUVEN",2024-03-01,104.4,102.144457739669,101.5
"REEL_KESIM_GUVEN",2024-04-01,106.1,105.66076165478,104.4
"REEL_KESIM_GUVEN",2024-05-01,105.4,106.684939135968,106.1
"REEL_KESIM_GUVEN",2024-06-01,102.8,105.110837905923,105.4
"REEL_KESIM_GUVEN",2024-07-01,100.3,101.972497490847,102.8
"REEL_KESIM_GUVEN",2024-08-01,98.5,99.9224397107905,100.3
"REEL_KESIM_GUVEN",2024-09-01,98.8,98.6220782767233,98.5
"REEL_KESIM_GUVEN",2024-10-01,100.9,99.884908695151,98.8
"REEL_KESIM_GUVEN",2024-11-01,100.4,102.338847215448,100.9
"REEL_KESIM_GUVEN",2024-12-01,99.1,100.746268855659,100.4
"REEL_KESIM_GUVEN",2025-01-01,100.9,99.2438096466814,99.1
"REEL_KESIM_GUVEN",2025-02-01,102.4,102.284465955029,100.9
"REEL_KESIM_GUVEN",2025-03-01,104.1,103.297274810792,102.4
"REEL_KESIM_GUVEN",2025-04-01,103.2,104.754415762526,104.1
"REEL_KESIM_GUVEN",2025-05-01,101.4,102.515581466764,103.2
"REEL_KESIM_GUVEN",2025-06-01,100.3,100.687560964017,101.4
"REEL_KESIM_GUVEN",2025-07-01,100.2,100.28506629203,100.3
"REEL_KESIM_GUVEN",2025-08-01,100.6,100.771202851517,100.2
"REEL_KESIM_GUVEN",2025-09-01,100.2,101.331087559254,100.6
"REEL_KESIM_GUVEN",2025-10-01,100.8,100.584605819866,100.2
"REEL_KESIM_GUVEN",2025-11-01,100.8,101.545836520418,100.8
"REEL_KESIM_GUVEN",2025-12-01,100.8,101.307050045614,100.8
"REEL_KESIM_GUVEN",2026-01-01,101.6,101.292790260819,100.8
"REEL_KESIM_GUVEN",2026-02-01,104.1,102.205081877784,101.6
"REEL_KESIM_GUVEN",2026-03-01,101,105.342898235146,104.1
"REEL_KESIM_GUVEN",2026-04-01,100.6,99.6163509384443,101
"REEL_KESIM_GUVEN",2026-05-01,103.3,100.784289625432,100.6
"REEL_KESIM_GUVEN",2026-06-01,103.5,103.987775080243,103.3
"REEL_KESIM_GUVEN",2026-07-01,102.2,102.926438864559,103.5
"REEL_KESIM_GUVEN",2026-08-01,102.8,101.434687491692,102.2
"REEL_KESIM_GUVEN",2026-09-01,102,102.548720867303,102.8
"KAPASITE_KULLANIM",2012-03-01,74.6,73.5382353092078,74.1
"KAPASITE_KULLANIM",2012-04-01,77.6,74.8086034291711,74.6
"KAPASITE_KULLANIM",2012-05-01,76.7,78.6142511573937,77.6
"KAPASITE_KULLANIM",2012-06-01,76.4,76.1453713737199,76.7
"KAPASITE_KULLANIM",2012-07-01,77.1,76.080202849085,76.4
"KAPASITE_KULLANIM",2012-08-01,77,77.0894003528491,77.1
"KAPASITE_KULLANIM",2012-09-01,77,76.7308808024113,77
"KAPASITE_KULLANIM",2012-10-01,77.5,76.7065083601576,77
"KAPASITE_KULLANIM",2012-11-01,77.1,77.3564371245546,77.5
"KAPASITE_KULLANIM",2012-12-01,76.7,76.6150353825482,77.1
"KAPASITE_KULLANIM",2013-01-01,75,76.2806176467981,76.7
"KAPASITE_KULLANIM",2013-02-01,73.5,74.1880897795778,75
"KAPASITE_KULLANIM",2013-03-01,74.2,72.9140624033874,73.5
"KAPASITE_KULLANIM",2013-04-01,75,74.4792505535603,74.2
"KAPASITE_KULLANIM",2013-05-01,76.6,75.2003468245098,75
"KAPASITE_KULLANIM",2013-06-01,77.5,76.9577448452588,76.6
"KAPASITE_KULLANIM",2013-07-01,78.1,77.3931643449455,77.5
"KAPASITE_KULLANIM",2013-08-01,78.9,77.8072680585003,78.1
"KAPASITE_KULLANIM",2013-09-01,77.8,78.5587429330521,78.9
"KAPASITE_KULLANIM",2013-10-01,78.6,76.7991271395339,77.8
"KAPASITE_KULLANIM",2013-11-01,77.5,78.3810224945987,78.6
"KAPASITE_KULLANIM",2013-12-01,78,76.6875314649632,77.5
"KAPASITE_KULLANIM",2014-01-01,75.6,77.8980368006493,78
"KAPASITE_KULLANIM",2014-02-01,73.8,75.2480651019494,75.6
"KAPASITE_KULLANIM",2014-03-01,74.5,73.7925351343916,73.8
"KAPASITE_KULLANIM",2014-04-01,75.1,74.8025074993512,74.5
"KAPASITE_KULLANIM",2014-05-01,74.7,75.3023502858384,75.1
"KAPASITE_KULLANIM",2014-06-01,75.6,74.8543604480725,74.7
"KAPASITE_KULLANIM",2014-07-01,74.9,75.632844973324,75.6
"KAPASITE_KULLANIM",2014-08-01,74.9,74.9957818022106,74.9
"KAPASITE_KULLANIM",2014-09-01,75.1,75.019152900259,74.9
"KAPASITE_KULLANIM",2014-10-01,75.4,75.2687712787714,75.1
"KAPASITE_KULLANIM",2014-11-01,75.1,75.5413048069873,75.4
"KAPASITE_KULLANIM",2014-12-01,75.5,75.2268666805546,75.1
"KAPASITE_KULLANIM",2015-01-01,74.4,75.7081606670982,75.5
"KAPASITE_KULLANIM",2015-02-01,74.1,74.7182509189985,74.4
"KAPASITE_KULLANIM",2015-03-01,74,74.7773128135232,74.1
"KAPASITE_KULLANIM",2015-04-01,76.8,75.0082788419299,74
"KAPASITE_KULLANIM",2015-05-01,77.5,76.9597145634078,76.8
"KAPASITE_KULLANIM",2015-06-01,77.6,77.2454834569418,77.5
"KAPASITE_KULLANIM",2015-07-01,78.5,77.159256998683,77.6
"KAPASITE_KULLANIM",2015-08-01,76.8,78.0274498395524,78.5
"KAPASITE_KULLANIM",2015-09-01,78.1,76.1389165738369,76.8
"KAPASITE_KULLANIM",2015-10-01,77.6,77.8251265128923,78.1
"KAPASITE_KULLANIM",2015-11-01,78.4,77.0894746200487,77.6
"KAPASITE_KULLANIM",2015-12-01,78.1,77.9439451190225,78.4
"KAPASITE_KULLANIM",2016-01-01,77.2,77.5359327917745,78.1
"KAPASITE_KULLANIM",2016-02-01,76,76.8003581736701,77.2
"KAPASITE_KULLANIM",2016-03-01,76.2,75.9182664599686,76
"KAPASITE_KULLANIM",2016-04-01,77,76.3335800784209,76.2
"KAPASITE_KULLANIM",2016-05-01,77.7,76.9849827785146,77
"KAPASITE_KULLANIM",2016-06-01,78,77.4620112355953,77.7
"KAPASITE_KULLANIM",2016-07-01,77.8,77.5743257867706,78
"KAPASITE_KULLANIM",2016-08-01,76.3,77.3905850446924,77.8
"KAPASITE_KULLANIM",2016-09-01,78.1,75.9852179667231,76.3
"KAPASITE_KULLANIM",2016-10-01,77.9,77.9208980948907,78.1
"KAPASITE_KULLANIM",2016-11-01,78,77.4058439591893,77.9
"KAPASITE_KULLANIM",2016-12-01,78.1,77.5288382154248,78
"KAPASITE_KULLANIM",2017-01-01,77,77.6551888370802,78.1
"KAPASITE_KULLANIM",2017-02-01,76.8,76.6996005719456,77
"KAPASITE_KULLANIM",2017-03-01,76.7,76.7283673450189,76.8
"KAPASITE_KULLANIM",2017-04-01,78.4,76.670828491311,76.7
"KAPASITE_KULLANIM",2017-05-01,78.8,78.0844937483406,78.4
"KAPASITE_KULLANIM",2017-06-01,79,78.3457734315154,78.8
"KAPASITE_KULLANIM",2017-07-01,78.7,78.5118039188073,79
"KAPASITE_KULLANIM",2017-08-01,78.8,78.2145635385739,78.7
"KAPASITE_KULLANIM",2017-09-01,79,78.3800100384324,78.8
"KAPASITE_KULLANIM",2017-10-01,79.7,78.580803488237,79
"KAPASITE_KULLANIM",2017-11-01,79.9,79.2550886436152,79.7
"KAPASITE_KULLANIM",2017-12-01,79,79.4159898755372,79.9
"KAPASITE_KULLANIM",2018-01-01,78.2,78.5244887682109,79
"KAPASITE_KULLANIM",2018-02-01,77.8,77.9052689289604,78.2
"KAPASITE_KULLANIM",2018-03-01,77.8,77.6643601361714,77.8
"KAPASITE_KULLANIM",2018-04-01,77.3,77.695162984269,77.8
"KAPASITE_KULLANIM",2018-05-01,77.9,77.2538310432636,77.3
"KAPASITE_KULLANIM",2018-06-01,78.3,77.7991278239683,77.9
"KAPASITE_KULLANIM",2018-07-01,77.1,78.1197789601577,78.3
"KAPASITE_KULLANIM",2018-08-01,77.8,77.0963208081456,77.1
"KAPASITE_KULLANIM",2018-09-01,76.2,77.637753999981,77.8
"KAPASITE_KULLANIM",2018-10-01,75.4,76.3993985570616,76.2
"KAPASITE_KULLANIM",2018-11-01,74.1,75.6437699965556,75.4
"KAPASITE_KULLANIM",2018-12-01,74.1,74.4665269215363,74.1
"KAPASITE_KULLANIM",2019-01-01,74.4,74.4958895281673,74.1
"KAPASITE_KULLANIM",2019-02-01,74,74.770678335813,74.4
"KAPASITE_KULLANIM",2019-03-01,74.3,74.3935100918997,74
"KAPASITE_KULLANIM",2019-04-01,75,74.6144070930658,74.3
"KAPASITE_KULLANIM",2019-05-01,76.3,75.2182162063799,75
"KAPASITE_KULLANIM",2019-06-01,77.1,76.4305302662234,76.3
"KAPASITE_KULLANIM",2019-07-01,76.2,77.1242171621262,77.1
"KAPASITE_KULLANIM",2019-08-01,76.6,76.298442783408,76.2
"KAPASITE_KULLANIM",2019-09-01,76.3,76.6996198566931,76.6
"KAPASITE_KULLANIM",2019-10-01,76.4,76.4227052179451,76.3
"KAPASITE_KULLANIM",2019-11-01,77.2,76.5191681699776,76.4
"KAPASITE_KULLANIM",2019-12-01,77,77.2361445016214,77.2
"KAPASITE_KULLANIM",2020-01-01,75.5,77.0257724215968,77
"KAPASITE_KULLANIM",2020-02-01,76,75.7260928567556,75.5
"KAPASITE_KULLANIM",2020-03-01,75.3,76.2873604843221,76
"KAPASITE_KULLANIM",2020-04-01,61.6,75.6998842547843,75.3
"KAPASITE_KULLANIM",2020-05-01,62.6,58.6387668028215,61.6
"KAPASITE_KULLANIM",2020-06-01,66,62.0858949665755,62.6
"KAPASITE_KULLANIM",2020-07-01,70.7,67.8847638500651,66
"KAPASITE_KULLANIM",2020-08-01,73.3,72.8876776335678,70.7
"KAPASITE_KULLANIM",2020-09-01,74.6,74.5378169775253,73.3
"KAPASITE_KULLANIM",2020-10-01,75.4,75.2504622579884,74.6
"KAPASITE_KULLANIM",2020-11-01,75.8,75.7561869056161,75.4
"KAPASITE_KULLANIM",2020-12-01,75.6,75.9505171660175,75.8
"KAPASITE_KULLANIM",2021-01-01,75.4,75.6461658070784,75.6
"KAPASITE_KULLANIM",2021-02-01,74.9,75.4941687094578,75.4
"KAPASITE_KULLANIM",2021-03-01,74.7,75.0405974524391,74.9
"KAPASITE_KULLANIM",2021-04-01,75.9,74.9439274562938,74.7
"KAPASITE_KULLANIM",2021-05-01,75.3,76.2015132678693,75.9
"KAPASITE_KULLANIM",2021-06-01,76.6,75.2884502477364,75.3
"KAPASITE_KULLANIM",2021-07-01,76.7,76.7310262475857,76.6
"KAPASITE_KULLANIM",2021-08-01,77.1,76.5277430156759,76.7
"KAPASITE_KULLANIM",2021-09-01,78.1,76.9311247158732,77.1
"KAPASITE_KULLANIM",2021-10-01,78,77.8265748476686,78.1
"KAPASITE_KULLANIM",2021-11-01,78.1,77.4900659288358,78
"KAPASITE_KULLANIM",2021-12-01,78.7,77.6153134306728,78.1
"KAPASITE_KULLANIM",2022-01-01,77.6,78.209465555146,78.7
"KAPASITE_KULLANIM",2022-02-01,76.6,76.9543570095473,77.6
"KAPASITE_KULLANIM",2022-03-01,77.3,76.1958702337709,76.6
"KAPASITE_KULLANIM",2022-04-01,77.8,77.1631903596856,77.3
"KAPASITE_KULLANIM",2022-05-01,78,77.4762920500139,77.8
"KAPASITE_KULLANIM",2022-06-01,77.6,77.5544799585811,78
"KAPASITE_KULLANIM",2022-07-01,78.2,77.0861200817876,77.6
"KAPASITE_KULLANIM",2022-08-01,76.7,77.797896930739,78.2
"KAPASITE_KULLANIM",2022-09-01,77.4,76.1107054760224,76.7
"KAPASITE_KULLANIM",2022-10-01,76.9,77.1686126189561,77.4
"KAPASITE_KULLANIM",2022-11-01,75.9,76.4733633413543,76.9
"KAPASITE_KULLANIM",2022-12-01,76.5,75.5798327296935,75.9
"KAPASITE_KULLANIM",2023-01-01,75.3,76.4122657836043,76.5
"KAPASITE_KULLANIM",2023-02-01,75.2,75.0835878030202,75.3
"KAPASITE_KULLANIM",2023-03-01,73.5,75.2616243601976,75.2
"KAPASITE_KULLANIM",2023-04-01,75.4,73.5980522661554,73.5
"KAPASITE_KULLANIM",2023-05-01,76,75.8537401469559,75.4
"KAPASITE_KULLANIM",2023-06-01,76.8,75.9748909039547,76
"KAPASITE_KULLANIM",2023-07-01,77.1,76.5932191041454,76.8
"KAPASITE_KULLANIM",2023-08-01,76.1,76.7126755104582,77.1
"KAPASITE_KULLANIM",2023-09-01,77.3,75.6343714994996,76.1
"KAPASITE_KULLANIM",2023-10-01,77.4,77.0844059287896,77.3
"KAPASITE_KULLANIM",2023-11-01,78,76.9047916687057,77.4
"KAPASITE_KULLANIM",2023-12-01,77.5,77.5039657789671,78
"KAPASITE_KULLANIM",2024-01-01,76.2,76.8858596478711,77.5
"KAPASITE_KULLANIM",2024-02-01,76.4,75.7392366203221,76.2
"KAPASITE_KULLANIM",2024-03-01,76.2,76.2611614505383,76.4
"KAPASITE_KULLANIM",2024-04-01,76.7,76.0233763835874,76.2
"KAPASITE_KULLANIM",2024-05-01,76.3,76.5564089434922,76.7
"KAPASITE_KULLANIM",2024-06-01,76.3,76.0406256868331,76.3
"KAPASITE_KULLANIM",2024-07-01,75.9,76.1253184866263,76.3
"KAPASITE_KULLANIM",2024-08-01,75.4,75.7522686803946,75.9
"KAPASITE_KULLANIM",2024-09-01,74.9,75.3462106610614,75.4
"KAPASITE_KULLANIM",2024-10-01,74.9,74.9772747261543,74.9
"KAPASITE_KULLANIM",2024-11-01,76.1,75.0856780727659,74.9
"KAPASITE_KULLANIM",2024-12-01,75.8,76.2342881035673,76.1
"KAPASITE_KULLANIM",2025-01-01,74.6,75.6611047281047,75.8
"KAPASITE_KULLANIM",2025-02-01,74.5,74.5849070109968,74.6
"KAPASITE_KULLANIM",2025-03-01,74.4,74.7501834185371,74.5
"KAPASITE_KULLANIM",2025-04-01,74.3,74.6820923458303,74.4
"KAPASITE_KULLANIM",2025-05-01,75,74.8283127596836,74.3
"KAPASITE_KULLANIM",2025-06-01,74.6,75.4863468136342,75
"KAPASITE_KULLANIM",2025-07-01,74.2,75.1456073599124,74.6
"KAPASITE_KULLANIM",2025-08-01,73.5,74.7075657927885,74.2
"KAPASITE_KULLANIM",2025-09-01,74,74.0016885180107,73.5
"KAPASITE_KULLANIM",2025-10-01,74.2,74.2763218120147,74
"KAPASITE_KULLANIM",2025-11-01,74.4,74.4112964360863,74.2
"KAPASITE_KULLANIM",2025-12-01,74.4,74.5652023597953,74.4
"KAPASITE_KULLANIM",2026-01-01,74.1,74.5870476234083,74.4
"KAPASITE_KULLANIM",2026-02-01,73.5,74.345945971415,74.1
"KAPASITE_KULLANIM",2026-03-01,73.3,73.8223014840367,73.5
"KAPASITE_KULLANIM",2026-04-01,73.8,73.5634405892261,73.3
"KAPASITE_KULLANIM",2026-05-01,74.2,73.8914374531748,73.8
"KAPASITE_KULLANIM",2026-06-01,74.5,74.309619537957,74.2
"KAPASITE_KULLANIM",2026-07-01,73.9,74.5816984311665,74.5
"KAPASITE_KULLANIM",2026-08-01,73.5,74.0990603372591,73.9
"KAPASITE_KULLANIM",2026-09-01,74.2,73.6798844592089,73.5
"GENC_ISSIZLIK",2014-01-01,17.698,19.8105042758798,18.442
"GENC_ISSIZLIK",2015-01-01,18.299,18.925543091755,17.698
"GENC_ISSIZLIK",2016-01-01,19.369,19.4960591052057,18.299
"GENC_ISSIZLIK",2017-01-01,20.469,19.9213066104408,19.369
"GENC_ISSIZLIK",2018-01-01,20.011,20.2996443643421,20.469
"GENC_ISSIZLIK",2019-01-01,25.039,19.6354987548133,20.011
"GENC_ISSIZLIK",2020-01-01,24.919,23.3537923484965,25.039
"GENC_ISSIZLIK",2021-01-01,22.36,22.384461074308,24.919
"GENC_ISSIZLIK",2022-01-01,19.289,20.248409699858,22.36
"GENC_ISSIZLIK",2023-01-01,17.306,18.2352005413634,19.289
"GENC_ISSIZLIK",2024-01-01,16.287,17.7301106141608,17.306
"GENC_ISSIZLIK",2025-01-01,16.042,17.3753516081952,16.287
"PERAKENDE_SATIS",2015-04-01,7.1560480208,5.2707261334242,5.1763628069
"PERAKENDE_SATIS",2015-07-01,7.0358601856,6.5940256567806,7.1560480208
"PERAKENDE_SATIS",2015-10-01,4.210992901,6.31558914853504,7.0358601856
"PERAKENDE_SATIS",2016-01-01,2.7439024424,5.13828799961513,4.210992901
"PERAKENDE_SATIS",2016-04-01,2.5420077498,3.93288732286965,2.7439024424
"PERAKENDE_SATIS",2016-07-01,-0.0848176464,3.2633549572785,2.5420077498
"PERAKENDE_SATIS",2016-10-01,3.8706933269,0.0746294402937152,-0.0848176464
"PERAKENDE_SATIS",2017-01-01,2.8825773526,4.12305010608496,3.8706933269
"PERAKENDE_SATIS",2017-04-01,3.9075630246,3.32698940774831,2.8825773526
"PERAKENDE_SATIS",2017-07-01,8.3191850603,4.01641657822455,3.9075630246
"PERAKENDE_SATIS",2017-10-01,5.0778050703,6.58649823395327,8.3191850603
"PERAKENDE_SATIS",2018-01-01,6.9633292193,4.60482708816582,5.0778050703
"PERAKENDE_SATIS",2018-04-01,4.245855242,5.41474791158975,6.9633292193
"PERAKENDE_SATIS",2018-07-01,-1.1363636352,4.40768686407684,4.245855242
"PERAKENDE_SATIS",2018-10-01,-7.950116912,1.86566903359318,-1.1363636352
"PERAKENDE_SATIS",2019-01-01,-6.6255778099,-8.07494159881771,-7.950116912
"PERAKENDE_SATIS",2019-04-01,-3.878975959,-6.10985143001043,-6.6255778099
"PERAKENDE_SATIS",2019-07-01,-1.6646849011,-3.18043701327594,-3.878975959
"PERAKENDE_SATIS",2019-10-01,9.5681625806,-1.25299500496524,-1.6646849011
"PERAKENDE_SATIS",2020-01-01,8.5808580824,7.08262437924144,9.5681625806
"PERAKENDE_SATIS",2020-04-01,-8.9588377708,6.82955583041744,8.5808580824
"PERAKENDE_SATIS",2020-07-01,9.7944377355,-3.54753880907798,-8.9588377708
"PERAKENDE_SATIS",2020-10-01,8.6166924216,3.68602311876517,9.7944377355
"PERAKENDE_SATIS",2021-01-01,10.9802431608,4.09970880912754,8.6166924216
"PERAKENDE_SATIS",2021-04-01,25.7535461017,5.73583224768995,10.9802431608
"PERAKENDE_SATIS",2021-07-01,13.0690161455,17.1044749167395,25.7535461017
"PERAKENDE_SATIS",2021-10-01,12.4866595485,8.86770874253833,13.0690161455
"PERAKENDE_SATIS",2022-01-01,6.4361519971,9.12902949359526,12.4866595485
"PERAKENDE_SATIS",2022-04-01,14.5928798107,5.68688421352688,6.4361519971
"PERAKENDE_SATIS",2022-07-01,12.370129872,10.5871961280526,14.5928798107
"PERAKENDE_SATIS",2022-10-01,18.6274509801,9.98289405102626,12.370129872
"PERAKENDE_SATIS",2023-01-01,26.857510453522,14.1982586123728,18.6274509801
"PERAKENDE_SATIS",2023-04-01,30.0522916025832,19.7512424008918,26.857510453522
"PERAKENDE_SATIS",2023-07-01,23.6058942502168,23.3260680390697,30.0522916025832
"PERAKENDE_SATIS",2023-10-01,16.0757131434,19.4299217599297,23.6058942502168
"PERAKENDE_SATIS",2024-01-01,17.2667342799185,15.384263322211,16.0757131434
"PERAKENDE_SATIS",2024-04-01,9.27152317880855,16.2853217592743,17.2667342799185
"PERAKENDE_SATIS",2024-07-01,12.8798503973822,13.9135411867506,9.27152317880855
"PERAKENDE_SATIS",2024-10-01,14.9058337161233,14.727717497267,12.8798503973822
"PERAKENDE_SATIS",2025-01-01,11.1783783783786,16.0313963270028,14.9058337161233
"PERAKENDE_SATIS",2025-04-01,16.8181818181815,14.3699510893338,11.1783783783786
"PERAKENDE_SATIS",2025-07-01,14.723545247463,16.1421890280634,16.8181818181815
"PERAKENDE_SATIS",2025-10-01,14.9510293823702,15.3408949358663,14.723545247463
"PERAKENDE_SATIS",2026-01-01,17.3278879813305,15.5806266744988,14.9510293823702
"PERAKENDE_SATIS",2026-04-01,13.6557346674078,17.5333420859106,17.3278879813305
"KONUT_FIYAT",2014-01-01,6.67,6.69827683575541,6.64
"KONUT_FIYAT",2014-02-01,6.73,6.73478553064751,6.67
"KONUT_FIYAT",2014-03-01,6.84,6.79743860537063,6.73
"KONUT_FIYAT",2014-04-01,6.88,6.88831962391275,6.84
"KONUT_FIYAT",2014-05-01,6.99,6.94830909728211,6.88
"KONUT_FIYAT",2014-06-01,7.06,7.05077322018859,6.99
"KONUT_FIYAT",2014-07-01,7.16,7.12449142080406,7.06
"KONUT_FIYAT",2014-08-01,7.23,7.23389181072099,7.16
"KONUT_FIYAT",2014-09-01,7.33,7.30695717434173,7.23
"KONUT_FIYAT",2014-10-01,7.37,7.4105979520416,7.33
"KONUT_FIYAT",2014-11-01,7.44,7.46166953586047,7.37
"KONUT_FIYAT",2014-12-01,7.53,7.52765261498141,7.44
"KONUT_FIYAT",2015-01-01,7.65,7.60839230992692,7.53
"KONUT_FIYAT",2015-02-01,7.78,7.72463134899252,7.65
"KONUT_FIYAT",2015-03-01,7.91,7.85789978057095,7.78
"KONUT_FIYAT",2015-04-01,8.02,7.9996796012299,7.91
"KONUT_FIYAT",2015-05-01,8.12,8.12792707550979,8.02
"KONUT_FIYAT",2015-06-01,8.26,8.22691920161421,8.12
"KONUT_FIYAT",2015-07-01,8.31,8.35512034175193,8.26
"KONUT_FIYAT",2015-08-01,8.32,8.4231541889408,8.31
"KONUT_FIYAT",2015-09-01,8.45,8.41217206934171,8.32
"KONUT_FIYAT",2015-10-01,8.5,8.52499845485916,8.45
"KONUT_FIYAT",2015-11-01,8.67,8.61321992988989,8.5
"KONUT_FIYAT",2015-12-01,8.67,8.80950689154796,8.67
"KONUT_FIYAT",2016-01-01,8.82,8.81726094855629,8.67
"KONUT_FIYAT",2016-02-01,8.89,8.87943535298621,8.82
"KONUT_FIYAT",2016-03-01,8.97,9.0161545819868,8.89
"KONUT_FIYAT",2016-04-01,9.06,9.09447528257477,8.97
"KONUT_FIYAT",2016-05-01,9.19,9.13648941657549,9.06
"KONUT_FIYAT",2016-06-01,9.27,9.28721295737942,9.19
"KONUT_FIYAT",2016-07-01,9.3,9.39369262505713,9.27
"KONUT_FIYAT",2016-08-01,9.42,9.40926422528167,9.3
"KONUT_FIYAT",2016-09-01,9.5,9.49021225104485,9.42
"KONUT_FIYAT",2016-10-01,9.53,9.61378728397559,9.5
"KONUT_FIYAT",2016-11-01,9.62,9.63816390671185,9.53
"KONUT_FIYAT",2016-12-01,9.7,9.69452642367333,9.62
"KONUT_FIYAT",2017-01-01,9.83,9.78805534734004,9.7
"KONUT_FIYAT",2017-02-01,9.96,9.91261504112568,9.83
"KONUT_FIYAT",2017-03-01,10.07,10.0593844722187,9.96
"KONUT_FIYAT",2017-04-01,10.18,10.1766387528126,10.07
"KONUT_FIYAT",2017-05-01,10.24,10.2812308745596,10.18
"KONUT_FIYAT",2017-06-01,10.33,10.3450051437243,10.24
"KONUT_FIYAT",2017-07-01,10.34,10.4185263750277,10.33
"KONUT_FIYAT",2017-08-01,10.24,10.4417011645247,10.34
"KONUT_FIYAT",2017-09-01,10.47,10.2911275222212,10.24
"KONUT_FIYAT",2017-10-01,10.5,10.4856963163822,10.47
"KONUT_FIYAT",2017-11-01,10.53,10.6214477416288,10.5
"KONUT_FIYAT",2017-12-01,10.61,10.6799501599191,10.53
"KONUT_FIYAT",2018-01-01,10.68,10.7119706800114,10.61
"KONUT_FIYAT",2018-02-01,10.75,10.7227163069435,10.68
"KONUT_FIYAT",2018-03-01,10.86,10.8275078408059,10.75
"KONUT_FIYAT",2018-04-01,10.93,10.9230530337052,10.86
"KONUT_FIYAT",2018-05-01,11.13,10.99248766413,10.93
"KONUT_FIYAT",2018-06-01,11.27,11.1607566509211,11.13
"KONUT_FIYAT",2018-07-01,11.19,11.3281123570789,11.27
"KONUT_FIYAT",2018-08-01,11.14,11.2904173248897,11.19
"KONUT_FIYAT",2018-09-01,11.2,11.2214132796934,11.14
"KONUT_FIYAT",2018-10-01,11.3,11.2654593022106,11.2
"KONUT_FIYAT",2018-11-01,11.32,11.3978958832003,11.3
"KONUT_FIYAT",2018-12-01,11.19,11.4209249012291,11.32
"KONUT_FIYAT",2019-01-01,11.18,11.2593065706169,11.19
"KONUT_FIYAT",2019-02-01,11.19,11.2616263726598,11.18
"KONUT_FIYAT",2019-03-01,11.24,11.2354786233974,11.19
"KONUT_FIYAT",2019-04-01,11.31,11.2536632290884,11.24
"KONUT_FIYAT",2019-05-01,11.46,11.3132961865918,11.31
"KONUT_FIYAT",2019-06-01,11.4,11.4949996710633,11.46
"KONUT_FIYAT",2019-07-01,11.47,11.4084439370347,11.4
"KONUT_FIYAT",2019-08-01,11.78,11.5177470075535,11.47
"KONUT_FIYAT",2019-09-01,11.88,11.8157529645504,11.78
"KONUT_FIYAT",2019-10-01,12.01,11.8553010375372,11.88
"KONUT_FIYAT",2019-11-01,12.14,12.0984268699977,12.01
"KONUT_FIYAT",2019-12-01,12.29,12.1950048646837,12.14
"KONUT_FIYAT",2020-01-01,12.61,12.4271276524127,12.29
"KONUT_FIYAT",2020-02-01,12.89,12.7798906406809,12.61
"KONUT_FIYAT",2020-03-01,13.13,13.0764263684865,12.89
"KONUT_FIYAT",2020-04-01,13.15,13.3893113995317,13.13
"KONUT_FIYAT",2020-05-01,13.4,13.2858278623327,13.15
"KONUT_FIYAT",2020-06-01,14.32,13.7117483703673,13.4
"KONUT_FIYAT",2020-07-01,14.85,14.8938279733381,14.32
"KONUT_FIYAT",2020-08-01,15.06,15.0198573053938,14.85
"KONUT_FIYAT",2020-09-01,15.23,15.4957221289667,15.06
"KONUT_FIYAT",2020-10-01,15.57,15.8440195787691,15.23
"KONUT_FIYAT",2020-11-01,16.06,16.5668953568494,15.57
"KONUT_FIYAT",2020-12-01,16.23,16.6120692623207,16.06
"KONUT_FIYAT",2021-01-01,16.49,16.4319372636637,16.23
"KONUT_FIYAT",2021-02-01,16.98,16.8906605632688,16.49
"KONUT_FIYAT",2021-03-01,17.32,17.4356839057516,16.98
"KONUT_FIYAT",2021-04-01,17.86,17.6738802769761,17.32
"KONUT_FIYAT",2021-05-01,18.27,18.3659416122457,17.86
"KONUT_FIYAT",2021-06-01,18.76,18.6262578571946,18.27
"KONUT_FIYAT",2021-07-01,19.41,19.3552155707421,18.76
"KONUT_FIYAT",2021-08-01,19.99,19.9898626552134,19.41
"KONUT_FIYAT",2021-09-01,20.77,20.5832183484237,19.99
"KONUT_FIYAT",2021-10-01,21.65,21.5136957972009,20.77
"KONUT_FIYAT",2021-11-01,23.22,22.4169446029916,21.65
"KONUT_FIYAT",2021-12-01,26.54,24.5633707623183,23.22
"KONUT_FIYAT",2022-01-01,29.95,30.9860937633012,26.54
"KONUT_FIYAT",2022-02-01,32.3,33.280847126274,29.95
"KONUT_FIYAT",2022-03-01,35.39,34.6348298015876,32.3
"KONUT_FIYAT",2022-04-01,39.44,40.2102501849287,35.39
"KONUT_FIYAT",2022-05-01,44.56,43.9036602692878,39.44
"KONUT_FIYAT",2022-06-01,49.53,51.1791914983149,44.56
"KONUT_FIYAT",2022-07-01,53.04,54.8950587187988,49.53
"KONUT_FIYAT",2022-08-01,56.26,57.0813261709981,53.04
"KONUT_FIYAT",2022-09-01,59.48,61.0053867893517,56.26
"KONUT_FIYAT",2022-10-01,62.09,62.8976013358676,59.48
"KONUT_FIYAT",2022-11-01,64.2,63.9962259715438,62.09
"KONUT_FIYAT",2022-12-01,66.85,65.8288245988271,64.2
"KONUT_FIYAT",2023-01-01,73.88,69.8954166643595,66.85
"KONUT_FIYAT",2023-02-01,78.4,85.4480174002673,73.88
"KONUT_FIYAT",2023-03-01,84.68,82.9093045881917,78.4
"KONUT_FIYAT",2023-04-01,87.55,90.4990201951899,84.68
"KONUT_FIYAT",2023-05-01,91.12,96.6677276442356,87.55
"KONUT_FIYAT",2023-06-01,95.66,94.4210848112691,91.12
"KONUT_FIYAT",2023-07-01,101.87,101.367534733667,95.66
"KONUT_FIYAT",2023-08-01,108.97,108.509177957804,101.87
"KONUT_FIYAT",2023-09-01,116.18,115.704561313197,108.97
"KONUT_FIYAT",2023-10-01,119.18,123.056334548661,116.18
"KONUT_FIYAT",2023-11-01,120.07,122.989005716,119.18
"KONUT_FIYAT",2023-12-01,122.43,121.339648692956,120.07
"KONUT_FIYAT",2024-01-01,125.71,127.650827832262,122.43
"KONUT_FIYAT",2024-02-01,129.87,131.151180922542,125.71
"KONUT_FIYAT",2024-03-01,131.49,133.000687657209,129.87
"KONUT_FIYAT",2024-04-01,132.7,131.501409812554,131.49
"KONUT_FIYAT",2024-05-01,137.9,132.876914365859,132.7
"KONUT_FIYAT",2024-06-01,140.03,143.521926083301,137.9
"KONUT_FIYAT",2024-07-01,141.33,143.073356719058,140.03
"KONUT_FIYAT",2024-08-01,146.5,141.844378335118,141.33
"KONUT_FIYAT",2024-09-01,148.01,150.667169214168,146.5
"KONUT_FIYAT",2024-10-01,151.08,150.772952546129,148.01
"KONUT_FIYAT",2024-11-01,155.38,154.103800324775,151.08
"KONUT_FIYAT",2024-12-01,158.46,157.945577652036,155.38
"KONUT_FIYAT",2025-01-01,165.88,162.307845641063,158.46
"KONUT_FIYAT",2025-02-01,170.55,170.625714328803,165.88
"KONUT_FIYAT",2025-03-01,173.88,174.170801011075,170.55
"KONUT_FIYAT",2025-04-01,176.41,178.073674087788,173.88
"KONUT_FIYAT",2025-05-01,182.33,178.519559470863,176.41
"KONUT_FIYAT",2025-06-01,185.96,187.421256793683,182.33
"KONUT_FIYAT",2025-07-01,187.78,189.679651722626,185.96
"KONUT_FIYAT",2025-08-01,192.44,190.92614241708,187.78
"KONUT_FIYAT",2025-09-01,195.66,195.896014024726,192.44
"KONUT_FIYAT",2025-10-01,198.87,199.109386794376,195.66
"KONUT_FIYAT",2025-11-01,204.04,202.597456813844,198.87
"KONUT_FIYAT",2025-12-01,204.36,207.565057160592,204.04
"KONUT_FIYAT",2026-01-01,211.73,207.190395341105,204.36
"KONUT_FIYAT",2026-02-01,215.4,215.78280966314,211.73
"KONUT_FIYAT",2026-03-01,219.52,218.361257547278,215.4
"KONUT_FIYAT",2026-04-01,223.32,224.2295243411,219.52
"KONUT_FIYAT",2026-05-01,226.99,225.669069736156,223.32
"KONUT_FIYAT",2026-06-01,231.34,230.962315090304,226.99
"KONUT_FIYAT",2026-07-01,234.55,234.65502169834,231.34
"KONUT_FIYAT",2026-08-01,236.76,238.134339795512,234.55
"TURIZM_GELIRI",2016-01-01,1495423,1883388.91637098,1500384
"TURIZM_GELIRI",2016-02-01,1265484,1408930.32193801,1495423
"TURIZM_GELIRI",2016-03-01,1478317,2322178.67295344,1265484
"TURIZM_GELIRI",2016-04-01,1469034,1892731.16086316,1478317
"TURIZM_GELIRI",2016-05-01,1999778,2448869.3834632,1469034
"TURIZM_GELIRI",2016-06-01,1950192,3104596.4492678,1999778
"TURIZM_GELIRI",2016-07-01,3358851,4298905.01178853,1950192
"TURIZM_GELIRI",2016-08-01,4410374,5074749.42042526,3358851
"TURIZM_GELIRI",2016-09-01,3883212,3180408.41582157,4410374
"TURIZM_GELIRI",2016-10-01,2464967,1841472.6453835,3883212
"TURIZM_GELIRI",2016-11-01,1474998,114242.267626113,2464967
"TURIZM_GELIRI",2016-12-01,1288379,740536.666301738,1474998
"TURIZM_GELIRI",2017-01-01,1166029,390035.139143726,1288379
"TURIZM_GELIRI",2017-02-01,1023804,726106.107151214,1166029
"TURIZM_GELIRI",2017-03-01,1239735,707728.34899055,1023804
"TURIZM_GELIRI",2017-04-01,1452930,1119709.94430215,1239735
"TURIZM_GELIRI",2017-05-01,2039536,1081435.30973973,1452930
"TURIZM_GELIRI",2017-06-01,2327395,2193998.18479814,2039536
"TURIZM_GELIRI",2017-07-01,4669576,3022176.65365496,2327395
"TURIZM_GELIRI",2017-08-01,5820363,5055368.48182956,4669576
"TURIZM_GELIRI",2017-09-01,4853034,4667966.34048345,5820363
"TURIZM_GELIRI",2017-10-01,3236700,3187141.33226552,4853034
"TURIZM_GELIRI",2017-11-01,1822961,1778219.38131884,3236700
"TURIZM_GELIRI",2017-12-01,1601773,1766083.49695179,1822961
"TURIZM_GELIRI",2018-01-01,1553267,1035616.69561606,1601773
"TURIZM_GELIRI",2018-02-01,1338146,1651650.17905777,1553267
"TURIZM_GELIRI",2018-03-01,1653954,1307913.30240502,1338146
"TURIZM_GELIRI",2018-04-01,2021025,1734258.07427353,1653954
"TURIZM_GELIRI",2018-05-01,2695917,1830754.66774551,2021025
"TURIZM_GELIRI",2018-06-01,3155250,3608926.40930292,2695917
"TURIZM_GELIRI",2018-07-01,4970096,4218941.94256585,3155250
"TURIZM_GELIRI",2018-08-01,6086512,5730692.8971736,4970096
"TURIZM_GELIRI",2018-09-01,5218529,5133941.67772959,6086512
"TURIZM_GELIRI",2018-10-01,3632143,3433892.99592437,5218529
"TURIZM_GELIRI",2018-11-01,2002927,2150962.43859044,3632143
"TURIZM_GELIRI",2018-12-01,1593143,1581963.92678793,2002927
"TURIZM_GELIRI",2019-01-01,1667924,1166415.18836266,1593143
"TURIZM_GELIRI",2019-02-01,1423331,1664743.16862835,1667924
"TURIZM_GELIRI",2019-03-01,1753166,1498355.53383926,1423331
"TURIZM_GELIRI",2019-04-01,2291805,1984311.46880265,1753166
"TURIZM_GELIRI",2019-05-01,3026039,2618651.8441482,2291805
"TURIZM_GELIRI",2019-06-01,3845610,3845536.49488692,3026039
"TURIZM_GELIRI",2019-07-01,6166530,4954637.03173008,3845610
"TURIZM_GELIRI",2019-08-01,7472056,7026109.12788891,6166530
"TURIZM_GELIRI",2019-09-01,6192897,6322622.08986995,7472056
"TURIZM_GELIRI",2019-10-01,4708693,3784045.08361578,6192897
"TURIZM_GELIRI",2019-11-01,2436143,2645023.05766037,4708693
"TURIZM_GELIRI",2019-12-01,1867585,1625324.65743024,2436143
"TURIZM_GELIRI",2020-01-01,2159471,1715723.01332692,1867585
"TURIZM_GELIRI",2020-02-01,1760913,1598228.57021166,2159471
"TURIZM_GELIRI",2020-03-01,922242,2059696.87233015,1760913
"TURIZM_GELIRI",2020-04-01,176696,1980023.83684991,922242
"TURIZM_GELIRI",2020-05-01,197522,2198688.98097886,176696
"TURIZM_GELIRI",2020-06-01,277177,2835686.20970225,197522
"TURIZM_GELIRI",2020-07-01,735797,3304951.20491068,277177
"TURIZM_GELIRI",2020-08-01,2182195,1071457.98832838,735797
"TURIZM_GELIRI",2020-09-01,2613927,3620738.48689596,2182195
"TURIZM_GELIRI",2020-10-01,2231222,2199117.68357976,2613927
"TURIZM_GELIRI",2020-11-01,1153266,2080573.43249655,2231222
"TURIZM_GELIRI",2020-12-01,877380,742398.741867683,1153266
"TURIZM_GELIRI",2021-01-01,853809,1607943.88215516,877380
"TURIZM_GELIRI",2021-02-01,738868,315120.740776537,853809
"TURIZM_GELIRI",2021-03-01,1076937,902928.616913602,738868
"TURIZM_GELIRI",2021-04-01,1014665,882732.970183082,1076937
"TURIZM_GELIRI",2021-05-01,883337,1115193.86713691,1014665
"TURIZM_GELIRI",2021-06-01,1594258,514957.704733874,883337
"TURIZM_GELIRI",2021-07-01,4274124,2874265.40495171,1594258
"TURIZM_GELIRI",2021-08-01,6292848,6585878.4183734,4274124
"TURIZM_GELIRI",2021-09-01,5029437,6558453.91929615,6292848
"TURIZM_GELIRI",2021-10-01,4392951,3031480.01141891,5029437
"TURIZM_GELIRI",2021-11-01,2351477,4307885.63325407,4392951
"TURIZM_GELIRI",2021-12-01,2025630,680893.923920834,2351477
"TURIZM_GELIRI",2022-01-01,2115594,2630072.66806717,2025630
"TURIZM_GELIRI",2022-02-01,1802400,1660179.1435356,2115594
"TURIZM_GELIRI",2022-03-01,2450564,2345851.52785024,1802400
"TURIZM_GELIRI",2022-04-01,2562925,869154.258294411,2450564
"TURIZM_GELIRI",2022-05-01,3611773,3340025.50082006,2562925
"TURIZM_GELIRI",2022-06-01,4449306,4003011.97558736,3611773
"TURIZM_GELIRI",2022-07-01,6559263,5721739.18256991,4449306
"TURIZM_GELIRI",2022-08-01,8166195,6806530.61277624,6559263
"TURIZM_GELIRI",2022-09-01,6782835,7561846.91218416,8166195
"TURIZM_GELIRI",2022-10-01,5791119,5125309.16891306,6782835
"TURIZM_GELIRI",2022-11-01,3371943,4015256.36528808,5791119
"TURIZM_GELIRI",2022-12-01,2585018,2288563.70569173,3371943
"TURIZM_GELIRI",2023-01-01,3220522,2137629.4806603,2585018
"TURIZM_GELIRI",2023-02-01,2468867,3265785.27302337,3220522
"TURIZM_GELIRI",2023-03-01,2761391,2496686.06671682,2468867
"TURIZM_GELIRI",2023-04-01,3389156,2045026.44167148,2761391
"TURIZM_GELIRI",2023-05-01,4388926,4399808.62098558,3389156
"TURIZM_GELIRI",2023-06-01,5662093,5417089.06876521,4388926
"TURIZM_GELIRI",2023-07-01,6959059,6510703.00952011,5662093
"TURIZM_GELIRI",2023-08-01,8510427,7315664.92972771,6959059
"TURIZM_GELIRI",2023-09-01,7032645,7810280.82453119,8510427
"TURIZM_GELIRI",2023-10-01,5958631,5143478.29100826,7032645
"TURIZM_GELIRI",2023-11-01,3372698,4744598.09507118,5958631
"TURIZM_GELIRI",2023-12-01,2715196,1852928.08646614,3372698
"TURIZM_GELIRI",2024-01-01,3248301,3059407.30556963,2715196
"TURIZM_GELIRI",2024-02-01,2691946,2572110.23792063,3248301
"TURIZM_GELIRI",2024-03-01,3007642,3689565.2495817,2691946
"TURIZM_GELIRI",2024-04-01,3766507,3207488.36969951,3007642
"TURIZM_GELIRI",2024-05-01,5273468,5444373.49002727,3766507
"TURIZM_GELIRI",2024-06-01,5978968,6818537.1252468,5273468
"TURIZM_GELIRI",2024-07-01,7478639,7625446.32504153,5978968
"TURIZM_GELIRI",2024-08-01,8758815,8647035.45013133,7478639
"TURIZM_GELIRI",2024-09-01,7111097,7367515.76556194,8758815
"TURIZM_GELIRI",2024-10-01,6708147,6069810.65836418,7111097
"TURIZM_GELIRI",2024-11-01,3985176,3744178.56570486,6708147
"TURIZM_GELIRI",2024-12-01,3094712,2402934.7980819,3985176
"TURIZM_GELIRI",2025-01-01,3512648,2914265.1065146,3094712
"TURIZM_GELIRI",2025-02-01,2910621,2431472.45244071,3512648
"TURIZM_GELIRI",2025-03-01,3070447,3023144.305531,2910621
"TURIZM_GELIRI",2025-04-01,4257568,3531028.88472553,3070447
"TURIZM_GELIRI",2025-05-01,5554400,5417483.35114551,4257568
"TURIZM_GELIRI",2025-06-01,6472354,6282228.3954237,5554400
"TURIZM_GELIRI",2025-07-01,7625284,7794366.28918175,6472354
"TURIZM_GELIRI",2025-08-01,9099846,8648292.72049037,7625284
"TURIZM_GELIRI",2025-09-01,7575738,7178028.17532798,9099846
"TURIZM_GELIRI",2025-10-01,7361004,6942143.1862022,7575738
"TURIZM_GELIRI",2025-11-01,4365859,4274099.37548746,7361004
"TURIZM_GELIRI",2025-12-01,3424979,3142474.05653161,4365859
"TURIZM_GELIRI",2026-01-01,3843817,3668156.83762023,3424979
"TURIZM_GELIRI",2026-02-01,2942136,3215277.93229995,3843817
"TURIZM_GELIRI",2026-03-01,3110504,3296402.78223315,2942136
"GINI",2012-01-01,40.2,39.7222697676723,40
"GINI",2013-01-01,40.2,39.8629373103143,40.2
"GINI",2014-01-01,41.2,39.4491918533978,40.2
"GINI",2015-01-01,42.9,41.2854852611619,41.2
"GINI",2016-01-01,41.9,44.5773707947343,42.9
"GINI",2017-01-01,43.5,43.2000251126354,41.9
"GINI",2018-01-01,42.4,43.425549098208,43.5
"GINI",2019-01-01,43.8,43.7568848336182,42.4
"GINI",2020-01-01,43,43.1121175040818,43.8
"GINI",2021-01-01,44.4,43.9854034070184,43
"GINI",2022-01-01,44.5,43.317832362806,44.4
"GINI",2023-01-01,43.7,44.3782373293248,44.5
