"gosterge","tarih","deger","gercek"
"ENFLASYON",2006-01-01,7.93499122925192,TRUE
"ENFLASYON",2006-02-01,8.14485877706474,TRUE
"ENFLASYON",2006-03-01,8.16130993975326,TRUE
"ENFLASYON",2006-04-01,8.82988845335111,TRUE
"ENFLASYON",2006-05-01,9.86374175126543,TRUE
"ENFLASYON",2006-06-01,10.1189966330859,TRUE
"ENFLASYON",2006-07-01,11.6927846179701,TRUE
"ENFLASYON",2006-08-01,10.2621016756224,TRUE
"ENFLASYON",2006-09-01,10.5467761430282,TRUE
"ENFLASYON",2006-10-01,9.97924452656034,TRUE
"ENFLASYON",2006-11-01,9.85754074738576,TRUE
"ENFLASYON",2006-12-01,9.65348568940334,TRUE
"ENFLASYON",2007-01-01,9.92959458048652,TRUE
"ENFLASYON",2007-02-01,10.1582687971148,TRUE
"ENFLASYON",2007-03-01,10.8632629889246,TRUE
"ENFLASYON",2007-04-01,10.719962101967,TRUE
"ENFLASYON",2007-05-01,9.22776891599666,TRUE
"ENFLASYON",2007-06-01,8.59830536144015,TRUE
"ENFLASYON",2007-07-01,6.89947572593532,TRUE
"ENFLASYON",2007-08-01,7.39450259698999,TRUE
"ENFLASYON",2007-09-01,7.12483755304578,TRUE
"ENFLASYON",2007-10-01,7.69985649132074,TRUE
"ENFLASYON",2007-11-01,8.39916532210743,TRUE
"ENFLASYON",2007-12-01,8.38724055430828,TRUE
"ENFLASYON",2008-01-01,8.17137809383939,TRUE
"ENFLASYON",2008-02-01,9.10423702549321,TRUE
"ENFLASYON",2008-03-01,9.15232075511014,TRUE
"ENFLASYON",2008-04-01,9.66051814823647,TRUE
"ENFLASYON",2008-05-01,10.7405557497124,TRUE
"ENFLASYON",2008-06-01,10.609206028176,TRUE
"ENFLASYON",2008-07-01,12.0646139280405,TRUE
"ENFLASYON",2008-08-01,11.7664024615528,TRUE
"ENFLASYON",2008-09-01,11.1253834328217,TRUE
"ENFLASYON",2008-10-01,11.9857014352461,TRUE
"ENFLASYON",2008-11-01,10.7597111354239,TRUE
"ENFLASYON",2008-12-01,10.063799210543,TRUE
"ENFLASYON",2009-01-01,9.50047634487683,TRUE
"ENFLASYON",2009-02-01,7.73313619440847,TRUE
"ENFLASYON",2009-03-01,7.88580554814919,TRUE
"ENFLASYON",2009-04-01,6.12605525406225,TRUE
"ENFLASYON",2009-05-01,5.23634485061446,TRUE
"ENFLASYON",2009-06-01,5.73425657541144,TRUE
"ENFLASYON",2009-07-01,5.39253543903984,TRUE
"ENFLASYON",2009-08-01,5.33479535723624,TRUE
"ENFLASYON",2009-09-01,5.27228361504006,TRUE
"ENFLASYON",2009-10-01,5.07604672114126,TRUE
"ENFLASYON",2009-11-01,5.5307263131704,TRUE
"ENFLASYON",2009-12-01,6.52580390856377,TRUE
"ENFLASYON",2010-01-01,8.18520828940732,TRUE
"ENFLASYON",2010-02-01,10.1278452924659,TRUE
"ENFLASYON",2010-03-01,9.5608191864728,TRUE
"ENFLASYON",2010-04-01,10.1942646137546,TRUE
"ENFLASYON",2010-05-01,9.09982225315709,TRUE
"ENFLASYON",2010-06-01,8.3675094172202,TRUE
"ENFLASYON",2010-07-01,7.57723777195938,TRUE
"ENFLASYON",2010-08-01,8.33486440177706,TRUE
"ENFLASYON",2010-09-01,9.23564941240207,TRUE
"ENFLASYON",2010-10-01,8.61925187914192,TRUE
"ENFLASYON",2010-11-01,7.28780647937919,TRUE
"ENFLASYON",2010-12-01,6.40102983377098,TRUE
"ENFLASYON",2011-01-01,4.90032738379078,TRUE
"ENFLASYON",2011-02-01,4.15652072832073,TRUE
"ENFLASYON",2011-03-01,3.98603769950885,TRUE
"ENFLASYON",2011-04-01,4.26460710385619,TRUE
"ENFLASYON",2011-05-01,7.17254550306661,TRUE
"ENFLASYON",2011-06-01,6.23587887069357,TRUE
"ENFLASYON",2011-07-01,6.31136835471506,TRUE
"ENFLASYON",2011-08-01,6.65347655743629,TRUE
"ENFLASYON",2011-09-01,6.1540180056397,TRUE
"ENFLASYON",2011-10-01,7.65560731796715,TRUE
"ENFLASYON",2011-11-01,9.48464910682856,TRUE
"ENFLASYON",2011-12-01,10.4481715694458,TRUE
"ENFLASYON",2012-01-01,10.6133624819966,TRUE
"ENFLASYON",2012-02-01,10.4333169969798,TRUE
"ENFLASYON",2012-03-01,10.4277205067781,TRUE
"ENFLASYON",2012-04-01,11.1379495281092,TRUE
"ENFLASYON",2012-05-01,8.28048843711233,TRUE
"ENFLASYON",2012-06-01,8.86856666960805,TRUE
"ENFLASYON",2012-07-01,9.06518594626433,TRUE
"ENFLASYON",2012-08-01,8.88323518759169,TRUE
"ENFLASYON",2012-09-01,9.18512277282346,TRUE
"ENFLASYON",2012-10-01,7.79888957109978,TRUE
"ENFLASYON",2012-11-01,6.36955437458409,TRUE
"ENFLASYON",2012-12-01,6.16380383792836,TRUE
"ENFLASYON",2013-01-01,7.30765431913378,TRUE
"ENFLASYON",2013-02-01,7.02540385817467,TRUE
"ENFLASYON",2013-03-01,7.29064531040986,TRUE
"ENFLASYON",2013-04-01,6.13378419276256,TRUE
"ENFLASYON",2013-05-01,6.51468948791205,TRUE
"ENFLASYON",2013-06-01,8.29751899964646,TRUE
"ENFLASYON",2013-07-01,8.88442907161222,TRUE
"ENFLASYON",2013-08-01,8.16823252265713,TRUE
"ENFLASYON",2013-09-01,7.88243798342598,TRUE
"ENFLASYON",2013-10-01,7.71193643683716,TRUE
"ENFLASYON",2013-11-01,7.31569541447492,TRUE
"ENFLASYON",2013-12-01,7.40045963422677,TRUE
"ENFLASYON",2014-01-01,7.75122264808246,TRUE
"ENFLASYON",2014-02-01,7.88904725377106,TRUE
"ENFLASYON",2014-03-01,8.38550467206558,TRUE
"ENFLASYON",2014-04-01,9.38339009939913,TRUE
"ENFLASYON",2014-05-01,9.65601852330122,TRUE
"ENFLASYON",2014-06-01,9.16347229560077,TRUE
"ENFLASYON",2014-07-01,9.31936704559058,TRUE
"ENFLASYON",2014-08-01,9.53602458701512,TRUE
"ENFLASYON",2014-09-01,8.85623685793084,TRUE
"ENFLASYON",2014-10-01,8.96288502821438,TRUE
"ENFLASYON",2014-11-01,9.15072817149125,TRUE
"ENFLASYON",2014-12-01,8.16994884800513,TRUE
"ENFLASYON",2015-01-01,7.24072962027793,TRUE
"ENFLASYON",2015-02-01,7.54668716770848,TRUE
"ENFLASYON",2015-03-01,7.61025379556795,TRUE
"ENFLASYON",2015-04-01,7.91280119698634,TRUE
"ENFLASYON",2015-05-01,8.09298857170999,TRUE
"ENFLASYON",2015-06-01,7.20452760782493,TRUE
"ENFLASYON",2015-07-01,6.8141628823216,TRUE
"ENFLASYON",2015-08-01,7.14050941326179,TRUE
"ENFLASYON",2015-09-01,7.94699273834041,TRUE
"ENFLASYON",2015-10-01,7.58143091301964,TRUE
"ENFLASYON",2015-11-01,8.10224254208951,TRUE
"ENFLASYON",2015-12-01,8.8083320368108,TRUE
"ENFLASYON",2016-01-01,9.57875828291608,TRUE
"ENFLASYON",2016-02-01,8.7773548802528,TRUE
"ENFLASYON",2016-03-01,7.45993815109076,TRUE
"ENFLASYON",2016-04-01,6.56540346596406,TRUE
"ENFLASYON",2016-05-01,6.58232703529236,TRUE
"ENFLASYON",2016-06-01,7.63747067898921,TRUE
"ENFLASYON",2016-07-01,8.79340879838195,TRUE
"ENFLASYON",2016-08-01,8.04509550075667,TRUE
"ENFLASYON",2016-09-01,7.28212531577028,TRUE
"ENFLASYON",2016-10-01,7.15943109761976,TRUE
"ENFLASYON",2016-11-01,7.00052047063162,TRUE
"ENFLASYON",2016-12-01,8.53305629075238,TRUE
"ENFLASYON",2017-01-01,9.2187727077582,TRUE
"ENFLASYON",2017-02-01,10.1282892284759,TRUE
"ENFLASYON",2017-03-01,11.2917927888865,TRUE
"ENFLASYON",2017-04-01,11.869618623097,TRUE
"ENFLASYON",2017-05-01,11.7221783194647,TRUE
"ENFLASYON",2017-06-01,10.9010846903812,TRUE
"ENFLASYON",2017-07-01,9.78837854646741,TRUE
"ENFLASYON",2017-08-01,10.6793014879906,TRUE
"ENFLASYON",2017-09-01,11.1984979272269,TRUE
"ENFLASYON",2017-10-01,11.8988580444128,TRUE
"ENFLASYON",2017-11-01,12.9842604884882,TRUE
"ENFLASYON",2017-12-01,11.9197375239848,TRUE
"ENFLASYON",2018-01-01,10.345632960625,TRUE
"ENFLASYON",2018-02-01,10.259125694216,TRUE
"ENFLASYON",2018-03-01,10.2345695124936,TRUE
"ENFLASYON",2018-04-01,10.8495294799102,TRUE
"ENFLASYON",2018-05-01,12.1470653719014,TRUE
"ENFLASYON",2018-06-01,15.3851120443747,TRUE
"ENFLASYON",2018-07-01,15.8490200603852,TRUE
"ENFLASYON",2018-08-01,17.8964245824033,TRUE
"ENFLASYON",2018-09-01,24.5189244774083,TRUE
"ENFLASYON",2018-10-01,25.2403245871221,TRUE
"ENFLASYON",2018-11-01,21.6187957459548,TRUE
"ENFLASYON",2018-12-01,20.3017622497053,TRUE
"ENFLASYON",2019-01-01,20.3537414827711,TRUE
"ENFLASYON",2019-02-01,19.6716390912653,TRUE
"ENFLASYON",2019-03-01,19.7129100599403,TRUE
"ENFLASYON",2019-04-01,19.5023046920913,TRUE
"ENFLASYON",2019-05-01,18.7116036117956,TRUE
"ENFLASYON",2019-06-01,15.7201208486094,TRUE
"ENFLASYON",2019-07-01,16.6467266467249,TRUE
"ENFLASYON",2019-08-01,15.0084316611547,TRUE
"ENFLASYON",2019-09-01,9.26210207649172,TRUE
"ENFLASYON",2019-10-01,8.55284469123267,TRUE
"ENFLASYON",2019-11-01,10.5618488500215,TRUE
"ENFLASYON",2019-12-01,11.8360922005049,TRUE
"ENFLASYON",2020-01-01,12.1536413245267,TRUE
"ENFLASYON",2020-02-01,12.367384775601,TRUE
"ENFLASYON",2020-03-01,11.8591892125412,TRUE
"ENFLASYON",2020-04-01,10.9366990055748,TRUE
"ENFLASYON",2020-05-01,11.3900174211977,TRUE
"ENFLASYON",2020-06-01,12.6223920562164,TRUE
"ENFLASYON",2020-07-01,11.7641446317984,TRUE
"ENFLASYON",2020-08-01,11.7704096188989,TRUE
"ENFLASYON",2020-09-01,11.7483140113259,TRUE
"ENFLASYON",2020-10-01,11.8896209502364,TRUE
"ENFLASYON",2020-11-01,14.0263007908902,TRUE
"ENFLASYON",2020-12-01,14.5993190136992,TRUE
"ENFLASYON",2021-01-01,14.9736811903135,TRUE
"ENFLASYON",2021-02-01,15.6109102369625,TRUE
"ENFLASYON",2021-03-01,16.1902437094959,TRUE
"ENFLASYON",2021-04-01,17.1401535880929,TRUE
"ENFLASYON",2021-05-01,16.5928531417507,TRUE
"ENFLASYON",2021-06-01,17.5253305594103,TRUE
"ENFLASYON",2021-07-01,18.9516817504928,TRUE
"ENFLASYON",2021-08-01,19.2526607450813,TRUE
"ENFLASYON",2021-09-01,19.5825737226746,TRUE
"ENFLASYON",2021-10-01,19.8900242589128,TRUE
"ENFLASYON",2021-11-01,21.3125275547756,TRUE
"ENFLASYON",2021-12-01,36.0809016775045,TRUE
"ENFLASYON",2022-01-01,48.6908241062054,TRUE
"ENFLASYON",2022-02-01,54.4385666795686,TRUE
"ENFLASYON",2022-03-01,61.1445380271135,TRUE
"ENFLASYON",2022-04-01,69.971070030925,TRUE
"ENFLASYON",2022-05-01,73.4959500617877,TRUE
"ENFLASYON",2022-06-01,78.6183970249145,TRUE
"ENFLASYON",2022-07-01,79.6020524917494,TRUE
"ENFLASYON",2022-08-01,80.2075940981124,TRUE
"ENFLASYON",2022-09-01,83.4524935821432,TRUE
"ENFLASYON",2022-10-01,85.5147863925643,TRUE
"ENFLASYON",2022-11-01,84.3892599649949,TRUE
"ENFLASYON",2022-12-01,64.2695975302101,TRUE
"ENFLASYON",2023-01-01,57.6824810664774,TRUE
"ENFLASYON",2023-02-01,55.1798282333632,TRUE
"ENFLASYON",2023-03-01,50.508510709406,TRUE
"ENFLASYON",2023-04-01,43.684169801708,TRUE
"ENFLASYON",2023-05-01,39.5853009598016,TRUE
"ENFLASYON",2023-06-01,38.2135187587141,TRUE
"ENFLASYON",2023-07-01,47.8317333074011,TRUE
"ENFLASYON",2023-08-01,58.943533688064,TRUE
"ENFLASYON",2023-09-01,61.5298646138358,TRUE
"ENFLASYON",2023-10-01,61.3570110516966,TRUE
"ENFLASYON",2023-11-01,61.9801660556101,TRUE
"ENFLASYON",2023-12-01,64.7729185906869,TRUE
"ENFLASYON",2024-01-01,64.8569149400415,TRUE
"ENFLASYON",2024-02-01,67.0691919308894,TRUE
"ENFLASYON",2024-03-01,68.4953731307161,TRUE
"ENFLASYON",2024-04-01,69.8024675940787,TRUE
"ENFLASYON",2024-05-01,75.4459480114973,TRUE
"ENFLASYON",2024-06-01,71.5971559299716,TRUE
"ENFLASYON",2024-07-01,61.7810033737093,TRUE
"ENFLASYON",2024-08-01,51.9745278030103,TRUE
"ENFLASYON",2024-09-01,49.3849938527632,TRUE
"ENFLASYON",2024-10-01,48.5847087881277,TRUE
"ENFLASYON",2024-11-01,47.0927207319456,TRUE
"ENFLASYON",2024-12-01,44.3787714240285,TRUE
"ENFLASYON",2025-01-01,42.118022990208,TRUE
"ENFLASYON",2025-02-01,39.0509576114819,TRUE
"ENFLASYON",2025-03-01,38.1038294458298,TRUE
"ENFLASYON",2025-04-01,37.858663646448,TRUE
"ENFLASYON",2025-05-01,35.4050441525959,TRUE
"ENFLASYON",2025-06-01,35.0486571241233,TRUE
"ENFLASYON",2025-07-01,33.5224092479161,TRUE
"ENFLASYON",2025-08-01,32.9501821975516,TRUE
"ENFLASYON",2025-09-01,33.2940114719277,TRUE
"ENFLASYON",2025-10-01,32.8668557227645,TRUE
"ENFLASYON",2025-11-01,31.074841098443,TRUE
"ENFLASYON",2025-12-01,30.8923283161364,TRUE
"ENFLASYON",2026-01-01,30.6527801240716,TRUE
"ENFLASYON",2026-02-01,31.5348374548858,TRUE
"ENFLASYON",2026-03-01,30.8654535272926,TRUE
"ENFLASYON",2026-04-01,32.3717402432574,TRUE
"ENFLASYON",2026-05-01,32.6148019945659,TRUE
"ENFLASYON",2026-06-01,32.1090360322119,TRUE
"ENFLASYON",2026-07-01,31.7540967906244,TRUE
"ENFLASYON",2026-08-01,31.5073428209129,TRUE
"BUYUME",2001-01-01,3.00467521994991,TRUE
"BUYUME",2001-04-01,-6.70096603630781,TRUE
"BUYUME",2001-07-01,-7.479533451684,TRUE
"BUYUME",2001-10-01,-10.3877363379202,TRUE
"BUYUME",2002-01-01,-2.05413923601858,TRUE
"BUYUME",2002-04-01,7.84690163477582,TRUE
"BUYUME",2002-07-01,8.19564286431578,TRUE
"BUYUME",2002-10-01,12.147565731403,TRUE
"BUYUME",2003-01-01,6.76878548885789,TRUE
"BUYUME",2003-04-01,4.14249023861728,TRUE
"BUYUME",2003-07-01,6.31888252276145,TRUE
"BUYUME",2003-10-01,7.02747703002788,TRUE
"BUYUME",2004-01-01,8.50578649873199,TRUE
"BUYUME",2004-04-01,11.968511418071,TRUE
"BUYUME",2004-07-01,9.57176336408732,TRUE
"BUYUME",2004-10-01,8.62669818414325,TRUE
"BUYUME",2005-01-01,9.40312729730845,TRUE
"BUYUME",2005-04-01,6.97732931935604,TRUE
"BUYUME",2005-07-01,9.1840470694583,TRUE
"BUYUME",2005-10-01,10.5216099758707,TRUE
"BUYUME",2006-01-01,6.97191535570836,TRUE
"BUYUME",2006-04-01,10.4030979294118,TRUE
"BUYUME",2006-07-01,6.2206577525282,TRUE
"BUYUME",2006-10-01,5.54862079048364,TRUE
"BUYUME",2007-01-01,6.96592407171766,TRUE
"BUYUME",2007-04-01,2.61278628611115,TRUE
"BUYUME",2007-07-01,4.37493572186254,TRUE
"BUYUME",2007-10-01,6.46593392217645,TRUE
"BUYUME",2008-01-01,6.4695155898921,TRUE
"BUYUME",2008-04-01,2.85479352964235,TRUE
"BUYUME",2008-07-01,0.408456784790845,TRUE
"BUYUME",2008-10-01,-5.37544894558131,TRUE
"BUYUME",2009-01-01,-12.8532930360872,TRUE
"BUYUME",2009-04-01,-5.54421721722779,TRUE
"BUYUME",2009-07-01,-2.17009666968496,TRUE
"BUYUME",2009-10-01,0.976266555849037,TRUE
"BUYUME",2010-01-01,8.87154631390841,TRUE
"BUYUME",2010-04-01,7.5212497465494,TRUE
"BUYUME",2010-07-01,8.25142457895249,TRUE
"BUYUME",2010-10-01,9.85872354788897,TRUE
"BUYUME",2011-01-01,12.3061060924101,TRUE
"BUYUME",2011-04-01,10.8787258087931,TRUE
"BUYUME",2011-07-01,10.7622526738685,TRUE
"BUYUME",2011-10-01,9.26236318908289,TRUE
"BUYUME",2012-01-01,5.9464873463583,TRUE
"BUYUME",2012-04-01,5.07887240831739,TRUE
"BUYUME",2012-07-01,4.08776822969008,TRUE
"BUYUME",2012-10-01,4.19852598926189,TRUE
"BUYUME",2013-01-01,8.00187571769395,TRUE
"BUYUME",2013-04-01,9.93252388030215,TRUE
"BUYUME",2013-07-01,9.16124492929051,TRUE
"BUYUME",2013-10-01,7.65482928130339,TRUE
"BUYUME",2014-01-01,6.98589686333346,TRUE
"BUYUME",2014-04-01,3.07711003193971,TRUE
"BUYUME",2014-07-01,3.7753806244059,TRUE
"BUYUME",2014-10-01,4.4416951074999,TRUE
"BUYUME",2015-01-01,3.5563437201616,TRUE
"BUYUME",2015-04-01,6.84030081692644,TRUE
"BUYUME",2015-07-01,5.91244170068808,TRUE
"BUYUME",2015-10-01,6.68253726153463,TRUE
"BUYUME",2016-01-01,4.70866157243759,TRUE
"BUYUME",2016-04-01,3.94184823940606,TRUE
"BUYUME",2016-07-01,0.229881379864083,TRUE
"BUYUME",2016-10-01,4.20419241926318,TRUE
"BUYUME",2017-01-01,5.26157915056047,TRUE
"BUYUME",2017-04-01,6.18521968093697,TRUE
"BUYUME",2017-07-01,11.9988825820871,TRUE
"BUYUME",2017-10-01,7.6173092052521,TRUE
"BUYUME",2018-01-01,8.33973914417274,TRUE
"BUYUME",2018-04-01,5.95684088987418,TRUE
"BUYUME",2018-07-01,2.56253888238043,TRUE
"BUYUME",2018-10-01,-2.1404844375316,TRUE
"BUYUME",2019-01-01,-1.58734142861607,TRUE
"BUYUME",2019-04-01,0.382790304317826,TRUE
"BUYUME",2019-07-01,1.11560736431542,TRUE
"BUYUME",2019-10-01,5.92223468274564,TRUE
"BUYUME",2020-01-01,4.17510624469895,TRUE
"BUYUME",2020-04-01,-8.63647584997501,TRUE
"BUYUME",2020-07-01,5.65876453326424,TRUE
"BUYUME",2020-10-01,5.35297483899451,TRUE
"BUYUME",2021-01-01,7.79669745373655,TRUE
"BUYUME",2021-04-01,22.2102826902901,TRUE
"BUYUME",2021-07-01,9.35793485379557,TRUE
"BUYUME",2021-10-01,9.96919662146294,TRUE
"BUYUME",2022-01-01,6.78306023050255,TRUE
"BUYUME",2022-04-01,6.86476547725061,TRUE
"BUYUME",2022-07-01,4.17231777806053,TRUE
"BUYUME",2022-10-01,3.2896138017297,TRUE
"BUYUME",2023-01-01,2.78729222344523,TRUE
"BUYUME",2023-04-01,5.88888090537429,TRUE
"BUYUME",2023-07-01,5.75978207470436,TRUE
"BUYUME",2023-10-01,5.44384715186259,TRUE
"BUYUME",2024-01-01,7.17577808941687,TRUE
"BUYUME",2024-04-01,2.19071315627621,TRUE
"BUYUME",2024-07-01,2.04038177504862,TRUE
"BUYUME",2024-10-01,2.69378834114498,TRUE
"BUYUME",2025-01-01,2.57868589530759,TRUE
"BUYUME",2025-04-01,4.03335419246085,TRUE
"BUYUME",2025-07-01,4.41415744858213,TRUE
"BUYUME",2025-10-01,3.4548098183508,TRUE
"BUYUME",2026-01-01,2.83233619789518,TRUE
"ISSIZLIK",2005-01-01,10.6,TRUE
"ISSIZLIK",2005-02-01,10.4,TRUE
"ISSIZLIK",2005-03-01,10,TRUE
"ISSIZLIK",2005-04-01,9.3,TRUE
"ISSIZLIK",2005-05-01,8.4,TRUE
"ISSIZLIK",2005-06-01,8.1,TRUE
"ISSIZLIK",2005-07-01,8.8,TRUE
"ISSIZLIK",2005-08-01,8.2,TRUE
"ISSIZLIK",2005-09-01,8.4,TRUE
"ISSIZLIK",2005-10-01,9.4,TRUE
"ISSIZLIK",2005-11-01,9.1,TRUE
"ISSIZLIK",2005-12-01,9.9,TRUE
"ISSIZLIK",2006-01-01,11.2,TRUE
"ISSIZLIK",2006-02-01,10.6,TRUE
"ISSIZLIK",2006-03-01,10,TRUE
"ISSIZLIK",2006-04-01,8.6,TRUE
"ISSIZLIK",2006-05-01,7.6,TRUE
"ISSIZLIK",2006-06-01,7,TRUE
"ISSIZLIK",2006-07-01,8.8,TRUE
"ISSIZLIK",2006-08-01,8,TRUE
"ISSIZLIK",2006-09-01,8,TRUE
"ISSIZLIK",2006-10-01,8.6,TRUE
"ISSIZLIK",2006-11-01,7.9,TRUE
"ISSIZLIK",2006-12-01,8.8,TRUE
"ISSIZLIK",2007-01-01,10.5,TRUE
"ISSIZLIK",2007-02-01,9.5,TRUE
"ISSIZLIK",2007-03-01,9.4,TRUE
"ISSIZLIK",2007-04-01,9.2,TRUE
"ISSIZLIK",2007-05-01,7.6,TRUE
"ISSIZLIK",2007-06-01,7.4,TRUE
"ISSIZLIK",2007-07-01,8.9,TRUE
"ISSIZLIK",2007-08-01,7.9,TRUE
"ISSIZLIK",2007-09-01,8.6,TRUE
"ISSIZLIK",2007-10-01,9.3,TRUE
"ISSIZLIK",2007-11-01,9.1,TRUE
"ISSIZLIK",2007-12-01,9.7,TRUE
"ISSIZLIK",2008-01-01,10.8,TRUE
"ISSIZLIK",2008-02-01,10.7,TRUE
"ISSIZLIK",2008-03-01,10.4,TRUE
"ISSIZLIK",2008-04-01,8.6,TRUE
"ISSIZLIK",2008-05-01,7.9,TRUE
"ISSIZLIK",2008-06-01,8.4,TRUE
"ISSIZLIK",2008-07-01,8.9,TRUE
"ISSIZLIK",2008-08-01,9,TRUE
"ISSIZLIK",2008-09-01,9.6,TRUE
"ISSIZLIK",2008-10-01,10.2,TRUE
"ISSIZLIK",2008-11-01,10.7,TRUE
"ISSIZLIK",2008-12-01,13.2,TRUE
"ISSIZLIK",2009-01-01,14.1,TRUE
"ISSIZLIK",2009-02-01,15,TRUE
"ISSIZLIK",2009-03-01,14.7,TRUE
"ISSIZLIK",2009-04-01,13.4,TRUE
"ISSIZLIK",2009-05-01,12.6,TRUE
"ISSIZLIK",2009-06-01,11.9,TRUE
"ISSIZLIK",2009-07-01,12,TRUE
"ISSIZLIK",2009-08-01,12.3,TRUE
"ISSIZLIK",2009-09-01,13.1,TRUE
"ISSIZLIK",2009-10-01,11.7,TRUE
"ISSIZLIK",2009-11-01,12,TRUE
"ISSIZLIK",2009-12-01,13,TRUE
"ISSIZLIK",2010-01-01,13.3,TRUE
"ISSIZLIK",2010-02-01,14.1,TRUE
"ISSIZLIK",2010-03-01,12.6,TRUE
"ISSIZLIK",2010-04-01,11,TRUE
"ISSIZLIK",2010-05-01,10.1,TRUE
"ISSIZLIK",2010-06-01,9.8,TRUE
"ISSIZLIK",2010-07-01,10.1,TRUE
"ISSIZLIK",2010-08-01,10.1,TRUE
"ISSIZLIK",2010-09-01,11.2,TRUE
"ISSIZLIK",2010-10-01,10,TRUE
"ISSIZLIK",2010-11-01,9.7,TRUE
"ISSIZLIK",2010-12-01,10.6,TRUE
"ISSIZLIK",2011-01-01,11,TRUE
"ISSIZLIK",2011-02-01,10.9,TRUE
"ISSIZLIK",2011-03-01,9.9,TRUE
"ISSIZLIK",2011-04-01,9.3,TRUE
"ISSIZLIK",2011-05-01,8.5,TRUE
"ISSIZLIK",2011-06-01,8.4,TRUE
"ISSIZLIK",2011-07-01,8.4,TRUE
"ISSIZLIK",2011-08-01,8.2,TRUE
"ISSIZLIK",2011-09-01,8.6,TRUE
"ISSIZLIK",2011-10-01,7.6,TRUE
"ISSIZLIK",2011-11-01,8.7,TRUE
"ISSIZLIK",2011-12-01,8.7,TRUE
"ISSIZLIK",2012-01-01,9.3,TRUE
"ISSIZLIK",2012-02-01,10.2,TRUE
"ISSIZLIK",2012-03-01,9.1,TRUE
"ISSIZLIK",2012-04-01,7.9,TRUE
"ISSIZLIK",2012-05-01,7.5,TRUE
"ISSIZLIK",2012-06-01,7.1,TRUE
"ISSIZLIK",2012-07-01,7.1,TRUE
"ISSIZLIK",2012-08-01,8,TRUE
"ISSIZLIK",2012-09-01,8.3,TRUE
"ISSIZLIK",2012-10-01,7.8,TRUE
"ISSIZLIK",2012-11-01,8.5,TRUE
"ISSIZLIK",2012-12-01,9.2,TRUE
"ISSIZLIK",2013-01-01,9.6,TRUE
"ISSIZLIK",2013-02-01,10,TRUE
"ISSIZLIK",2013-03-01,9.2,TRUE
"ISSIZLIK",2013-04-01,8.7,TRUE
"ISSIZLIK",2013-05-01,8,TRUE
"ISSIZLIK",2013-06-01,7.7,TRUE
"ISSIZLIK",2013-07-01,8.5,TRUE
"ISSIZLIK",2013-08-01,9.1,TRUE
"ISSIZLIK",2013-09-01,8.8,TRUE
"ISSIZLIK",2013-10-01,8.8,TRUE
"ISSIZLIK",2013-11-01,9.1,TRUE
"ISSIZLIK",2013-12-01,9.2,TRUE
"ISSIZLIK",2014-01-01,10.5,TRUE
"ISSIZLIK",2014-02-01,10.5,TRUE
"ISSIZLIK",2014-03-01,9.4,TRUE
"ISSIZLIK",2014-04-01,8.8,TRUE
"ISSIZLIK",2014-05-01,8.4,TRUE
"ISSIZLIK",2014-06-01,9,TRUE
"ISSIZLIK",2014-07-01,9.7,TRUE
"ISSIZLIK",2014-08-01,10.1,TRUE
"ISSIZLIK",2014-09-01,10.1,TRUE
"ISSIZLIK",2014-10-01,10.9,TRUE
"ISSIZLIK",2014-11-01,10.4,TRUE
"ISSIZLIK",2014-12-01,10.8,TRUE
"ISSIZLIK",2015-01-01,11.9,TRUE
"ISSIZLIK",2015-02-01,11.7,TRUE
"ISSIZLIK",2015-03-01,10.4,TRUE
"ISSIZLIK",2015-04-01,9.6,TRUE
"ISSIZLIK",2015-05-01,8.9,TRUE
"ISSIZLIK",2015-06-01,9.6,TRUE
"ISSIZLIK",2015-07-01,10,TRUE
"ISSIZLIK",2015-08-01,10,TRUE
"ISSIZLIK",2015-09-01,10.3,TRUE
"ISSIZLIK",2015-10-01,10.5,TRUE
"ISSIZLIK",2015-11-01,10.2,TRUE
"ISSIZLIK",2015-12-01,10.9,TRUE
"ISSIZLIK",2016-01-01,11.5,TRUE
"ISSIZLIK",2016-02-01,11,TRUE
"ISSIZLIK",2016-03-01,10.1,TRUE
"ISSIZLIK",2016-04-01,9.1,TRUE
"ISSIZLIK",2016-05-01,9,TRUE
"ISSIZLIK",2016-06-01,10.1,TRUE
"ISSIZLIK",2016-07-01,11,TRUE
"ISSIZLIK",2016-08-01,11,TRUE
"ISSIZLIK",2016-09-01,11.8,TRUE
"ISSIZLIK",2016-10-01,11.9,TRUE
"ISSIZLIK",2016-11-01,11.6,TRUE
"ISSIZLIK",2016-12-01,12.8,TRUE
"ISSIZLIK",2017-01-01,13.5,TRUE
"ISSIZLIK",2017-02-01,12.9,TRUE
"ISSIZLIK",2017-03-01,11.7,TRUE
"ISSIZLIK",2017-04-01,10.5,TRUE
"ISSIZLIK",2017-05-01,9.7,TRUE
"ISSIZLIK",2017-06-01,10.4,TRUE
"ISSIZLIK",2017-07-01,10.6,TRUE
"ISSIZLIK",2017-08-01,10.6,TRUE
"ISSIZLIK",2017-09-01,10.4,TRUE
"ISSIZLIK",2017-10-01,10.5,TRUE
"ISSIZLIK",2017-11-01,10,TRUE
"ISSIZLIK",2017-12-01,10.3,TRUE
"ISSIZLIK",2018-01-01,11,TRUE
"ISSIZLIK",2018-02-01,10.8,TRUE
"ISSIZLIK",2018-03-01,9.8,TRUE
"ISSIZLIK",2018-04-01,9.3,TRUE
"ISSIZLIK",2018-05-01,9.4,TRUE
"ISSIZLIK",2018-06-01,10.2,TRUE
"ISSIZLIK",2018-07-01,10.7,TRUE
"ISSIZLIK",2018-08-01,11.1,TRUE
"ISSIZLIK",2018-09-01,11.4,TRUE
"ISSIZLIK",2018-10-01,11.7,TRUE
"ISSIZLIK",2018-11-01,12,TRUE
"ISSIZLIK",2018-12-01,13.3,TRUE
"ISSIZLIK",2019-01-01,15.1,TRUE
"ISSIZLIK",2019-02-01,15,TRUE
"ISSIZLIK",2019-03-01,13.9,TRUE
"ISSIZLIK",2019-04-01,12.9,TRUE
"ISSIZLIK",2019-05-01,12.5,TRUE
"ISSIZLIK",2019-06-01,13.4,TRUE
"ISSIZLIK",2019-07-01,14.1,TRUE
"ISSIZLIK",2019-08-01,14.2,TRUE
"ISSIZLIK",2019-09-01,14,TRUE
"ISSIZLIK",2019-10-01,13.3,TRUE
"ISSIZLIK",2019-11-01,12.9,TRUE
"ISSIZLIK",2019-12-01,13.6,TRUE
"ISSIZLIK",2020-01-01,14.1,TRUE
"ISSIZLIK",2020-02-01,13.5,TRUE
"ISSIZLIK",2020-03-01,13,TRUE
"ISSIZLIK",2020-04-01,12.8,TRUE
"ISSIZLIK",2020-05-01,12.6,TRUE
"ISSIZLIK",2020-06-01,13,TRUE
"ISSIZLIK",2020-07-01,14.6,TRUE
"ISSIZLIK",2020-08-01,13,TRUE
"ISSIZLIK",2020-09-01,12.4,TRUE
"ISSIZLIK",2020-10-01,12.8,TRUE
"ISSIZLIK",2020-11-01,12.9,TRUE
"ISSIZLIK",2020-12-01,13,TRUE
"ISSIZLIK",2021-01-01,13.4,TRUE
"ISSIZLIK",2021-02-01,14.1,TRUE
"ISSIZLIK",2021-03-01,13.1,TRUE
"ISSIZLIK",2021-04-01,12.9,TRUE
"ISSIZLIK",2021-05-01,12.4,TRUE
"ISSIZLIK",2021-06-01,10.4,TRUE
"ISSIZLIK",2021-07-01,12.1,TRUE
"ISSIZLIK",2021-08-01,12,TRUE
"ISSIZLIK",2021-09-01,11.1,TRUE
"ISSIZLIK",2021-10-01,10.7,TRUE
"ISSIZLIK",2021-11-01,10.9,TRUE
"ISSIZLIK",2021-12-01,11.3,TRUE
"ISSIZLIK",2022-01-01,12.1,TRUE
"ISSIZLIK",2022-02-01,11.4,TRUE
"ISSIZLIK",2022-03-01,11.4,TRUE
"ISSIZLIK",2022-04-01,10.6,TRUE
"ISSIZLIK",2022-05-01,10.1,TRUE
"ISSIZLIK",2022-06-01,9.7,TRUE
"ISSIZLIK",2022-07-01,10.6,TRUE
"ISSIZLIK",2022-08-01,9.8,TRUE
"ISSIZLIK",2022-09-01,9.9,TRUE
"ISSIZLIK",2022-10-01,9.9,TRUE
"ISSIZLIK",2022-11-01,9.9,TRUE
"ISSIZLIK",2022-12-01,10.4,TRUE
"ISSIZLIK",2023-01-01,10.3,TRUE
"ISSIZLIK",2023-02-01,10.6,TRUE
"ISSIZLIK",2023-03-01,10.3,TRUE
"ISSIZLIK",2023-04-01,10,TRUE
"ISSIZLIK",2023-05-01,8.8,TRUE
"ISSIZLIK",2023-06-01,9,TRUE
"ISSIZLIK",2023-07-01,9.7,TRUE
"ISSIZLIK",2023-08-01,9.2,TRUE
"ISSIZLIK",2023-09-01,8.9,TRUE
"ISSIZLIK",2023-10-01,8.2,TRUE
"ISSIZLIK",2023-11-01,8.8,TRUE
"ISSIZLIK",2023-12-01,8.9,TRUE
"ISSIZLIK",2024-01-01,9.8,TRUE
"ISSIZLIK",2024-02-01,9.2,TRUE
"ISSIZLIK",2024-03-01,8.8,TRUE
"ISSIZLIK",2024-04-01,8.5,TRUE
"ISSIZLIK",2024-05-01,7.7,TRUE
"ISSIZLIK",2024-06-01,8.9,TRUE
"ISSIZLIK",2024-07-01,9.3,TRUE
"ISSIZLIK",2024-08-01,8.5,TRUE
"ISSIZLIK",2024-09-01,8.6,TRUE
"ISSIZLIK",2024-10-01,8.5,TRUE
"ISSIZLIK",2024-11-01,8.4,TRUE
"ISSIZLIK",2024-12-01,8.7,TRUE
"ISSIZLIK",2025-01-01,9,TRUE
"ISSIZLIK",2025-02-01,8.7,TRUE
"ISSIZLIK",2025-03-01,8,TRUE
"ISSIZLIK",2025-04-01,8.5,TRUE
"ISSIZLIK",2025-05-01,7.6,TRUE
"ISSIZLIK",2025-06-01,8.5,TRUE
"ISSIZLIK",2025-07-01,8.3,TRUE
"ISSIZLIK",2025-08-01,8.5,TRUE
"ISSIZLIK",2025-09-01,8.6,TRUE
"ISSIZLIK",2025-10-01,8.2,TRUE
"ISSIZLIK",2025-11-01,8.6,TRUE
"ISSIZLIK",2025-12-01,7.8,TRUE
"ISSIZLIK",2026-01-01,8.6,TRUE
"ISSIZLIK",2026-02-01,9,TRUE
"ISSIZLIK",2026-03-01,8.1,TRUE
"ISSIZLIK",2026-04-01,8,TRUE
"ISSIZLIK",2026-05-01,7.4,TRUE
"ISSIZLIK",2026-06-01,7.4,TRUE
"ISSIZLIK",2026-07-01,8.3,TRUE
"USDTRY",2000-01-01,0.5448025,TRUE
"USDTRY",2000-02-01,0.563039523809524,TRUE
"USDTRY",2000-03-01,0.580068695652174,TRUE
"USDTRY",2000-04-01,0.59540625,TRUE
"USDTRY",2000-05-01,0.617365217391304,TRUE
"USDTRY",2000-06-01,0.615869772727273,TRUE
"USDTRY",2000-07-01,0.627277142857143,TRUE
"USDTRY",2000-08-01,0.645087608695652,TRUE
"USDTRY",2000-09-01,0.66452025,TRUE
"USDTRY",2000-10-01,0.676761136363636,TRUE
"USDTRY",2000-11-01,0.684057272727273,TRUE
"USDTRY",2000-12-01,0.67764825,TRUE
"USDTRY",2001-01-01,0.670961272727273,TRUE
"USDTRY",2001-02-01,0.75282375,TRUE
"USDTRY",2001-03-01,0.959027272727273,TRUE
"USDTRY",2001-04-01,1.214425,TRUE
"USDTRY",2001-05-01,1.1392152173913,TRUE
"USDTRY",2001-06-01,1.21883333333333,TRUE
"USDTRY",2001-07-01,1.32375,TRUE
"USDTRY",2001-08-01,1.39980434782609,TRUE
"USDTRY",2001-09-01,1.473325,TRUE
"USDTRY",2001-10-01,1.6065,TRUE
"USDTRY",2001-11-01,1.52536363636364,TRUE
"USDTRY",2001-12-01,1.45519444444444,TRUE
"USDTRY",2002-01-01,1.37477272727273,TRUE
"USDTRY",2002-02-01,1.360225,TRUE
"USDTRY",2002-03-01,1.3612380952381,TRUE
"USDTRY",2002-04-01,1.32420454545455,TRUE
"USDTRY",2002-05-01,1.39789130434783,TRUE
"USDTRY",2002-06-01,1.5293,TRUE
"USDTRY",2002-07-01,1.65790217391304,TRUE
"USDTRY",2002-08-01,1.6435,TRUE
"USDTRY",2002-09-01,1.65434128571429,TRUE
"USDTRY",2002-10-01,1.65605582608696,TRUE
"USDTRY",2002-11-01,1.60952257142857,TRUE
"USDTRY",2002-12-01,1.57915294736842,TRUE
"USDTRY",2003-01-01,1.66327431818182,TRUE
"USDTRY",2003-02-01,1.63141175,TRUE
"USDTRY",2003-03-01,1.6631600952381,TRUE
"USDTRY",2003-04-01,1.62936781818182,TRUE
"USDTRY",2003-05-01,1.49221659090909,TRUE
"USDTRY",2003-06-01,1.42671042857143,TRUE
"USDTRY",2003-07-01,1.4035157826087,TRUE
"USDTRY",2003-08-01,1.40480461904762,TRUE
"USDTRY",2003-09-01,1.37690036363636,TRUE
"USDTRY",2003-10-01,1.43204926086957,TRUE
"USDTRY",2003-11-01,1.47251695,TRUE
"USDTRY",2003-12-01,1.43457104761905,TRUE
"USDTRY",2004-01-01,1.34825223809524,TRUE
"USDTRY",2004-02-01,1.3298716,TRUE
"USDTRY",2004-03-01,1.31987295652174,TRUE
"USDTRY",2004-04-01,1.35984136363636,TRUE
"USDTRY",2004-05-01,1.51092338095238,TRUE
"USDTRY",2004-06-01,1.4936255,TRUE
"USDTRY",2004-07-01,1.45633813636364,TRUE
"USDTRY",2004-08-01,1.4798355,TRUE
"USDTRY",2004-09-01,1.49765909090909,TRUE
"USDTRY",2004-10-01,1.48278095238095,TRUE
"USDTRY",2004-11-01,1.44351363636364,TRUE
"USDTRY",2004-12-01,1.38943043478261,TRUE
"USDTRY",2005-01-01,1.34841904761905,TRUE
"USDTRY",2005-02-01,1.307605,TRUE
"USDTRY",2005-03-01,1.3079,TRUE
"USDTRY",2005-04-01,1.35485714285714,TRUE
"USDTRY",2005-05-01,1.36401818181818,TRUE
"USDTRY",2005-06-01,1.35371363636364,TRUE
"USDTRY",2005-07-01,1.335425,TRUE
"USDTRY",2005-08-01,1.3397347826087,TRUE
"USDTRY",2005-09-01,1.33426818181818,TRUE
"USDTRY",2005-10-01,1.35117619047619,TRUE
"USDTRY",2005-11-01,1.35311818181818,TRUE
"USDTRY",2005-12-01,1.34533636363636,TRUE
"USDTRY",2006-01-01,1.32686363636364,TRUE
"USDTRY",2006-02-01,1.319445,TRUE
"USDTRY",2006-03-01,1.33027826086957,TRUE
"USDTRY",2006-04-01,1.32961,TRUE
"USDTRY",2006-05-01,1.42769130434783,TRUE
"USDTRY",2006-06-01,1.59737272727273,TRUE
"USDTRY",2006-07-01,1.5465619047619,TRUE
"USDTRY",2006-08-01,1.46011739130435,TRUE
"USDTRY",2006-09-01,1.47449047619048,TRUE
"USDTRY",2006-10-01,1.46998181818182,TRUE
"USDTRY",2006-11-01,1.45065,TRUE
"USDTRY",2006-12-01,1.42639047619048,TRUE
"USDTRY",2007-01-01,1.41868260869565,TRUE
"USDTRY",2007-02-01,1.39022,TRUE
"USDTRY",2007-03-01,1.40137272727273,TRUE
"USDTRY",2007-04-01,1.35342857142857,TRUE
"USDTRY",2007-05-01,1.33083913043478,TRUE
"USDTRY",2007-06-01,1.31460476190476,TRUE
"USDTRY",2007-07-01,1.27460909090909,TRUE
"USDTRY",2007-08-01,1.30600869565217,TRUE
"USDTRY",2007-09-01,1.256975,TRUE
"USDTRY",2007-10-01,1.1938347826087,TRUE
"USDTRY",2007-11-01,1.18474090909091,TRUE
"USDTRY",2007-12-01,1.17330952380952,TRUE
"USDTRY",2008-01-01,1.17047391304348,TRUE
"USDTRY",2008-02-01,1.18924761904762,TRUE
"USDTRY",2008-03-01,1.23789047619048,TRUE
"USDTRY",2008-04-01,1.29549545454545,TRUE
"USDTRY",2008-05-01,1.24273636363636,TRUE
"USDTRY",2008-06-01,1.22836666666667,TRUE
"USDTRY",2008-07-01,1.20724782608696,TRUE
"USDTRY",2008-08-01,1.17353333333333,TRUE
"USDTRY",2008-09-01,1.23231818181818,TRUE
"USDTRY",2008-10-01,1.47882173913043,TRUE
"USDTRY",2008-11-01,1.587955,TRUE
"USDTRY",2008-12-01,1.54125217391304,TRUE
"USDTRY",2009-01-01,1.59463571428571,TRUE
"USDTRY",2009-02-01,1.655005,TRUE
"USDTRY",2009-03-01,1.70411818181818,TRUE
"USDTRY",2009-04-01,1.60034090909091,TRUE
"USDTRY",2009-05-01,1.55112380952381,TRUE
"USDTRY",2009-06-01,1.53935,TRUE
"USDTRY",2009-07-01,1.51127391304348,TRUE
"USDTRY",2009-08-01,1.48048571428571,TRUE
"USDTRY",2009-09-01,1.48283636363636,TRUE
"USDTRY",2009-10-01,1.46330909090909,TRUE
"USDTRY",2009-11-01,1.48025238095238,TRUE
"USDTRY",2009-12-01,1.4997,TRUE
"USDTRY",2010-01-01,1.46711904761905,TRUE
"USDTRY",2010-02-01,1.50821,TRUE
"USDTRY",2010-03-01,1.52742608695652,TRUE
"USDTRY",2010-04-01,1.48538636363636,TRUE
"USDTRY",2010-05-01,1.54101904761905,TRUE
"USDTRY",2010-06-01,1.5697,TRUE
"USDTRY",2010-07-01,1.53316818181818,TRUE
"USDTRY",2010-08-01,1.50325,TRUE
"USDTRY",2010-09-01,1.4867,TRUE
"USDTRY",2010-10-01,1.41838095238095,TRUE
"USDTRY",2010-11-01,1.43238636363636,TRUE
"USDTRY",2010-12-01,1.51482173913043,TRUE
"USDTRY",2011-01-01,1.55674761904762,TRUE
"USDTRY",2011-02-01,1.582515,TRUE
"USDTRY",2011-03-01,1.57221304347826,TRUE
"USDTRY",2011-04-01,1.5145619047619,TRUE
"USDTRY",2011-05-01,1.56785,TRUE
"USDTRY",2011-06-01,1.59536818181818,TRUE
"USDTRY",2011-07-01,1.64945714285714,TRUE
"USDTRY",2011-08-01,1.74747391304348,TRUE
"USDTRY",2011-09-01,1.78592409090909,TRUE
"USDTRY",2011-10-01,1.8220619047619,TRUE
"USDTRY",2011-11-01,1.80468636363636,TRUE
"USDTRY",2011-12-01,1.86103181818182,TRUE
"USDTRY",2012-01-01,1.83325909090909,TRUE
"USDTRY",2012-02-01,1.74982857142857,TRUE
"USDTRY",2012-03-01,1.78090454545455,TRUE
"USDTRY",2012-04-01,1.77869523809524,TRUE
"USDTRY",2012-05-01,1.79895652173913,TRUE
"USDTRY",2012-06-01,1.81445714285714,TRUE
"USDTRY",2012-07-01,1.80397272727273,TRUE
"USDTRY",2012-08-01,1.78679130434783,TRUE
"USDTRY",2012-09-01,1.79431,TRUE
"USDTRY",2012-10-01,1.79387826086957,TRUE
"USDTRY",2012-11-01,1.78509090909091,TRUE
"USDTRY",2012-12-01,1.7791,TRUE
"USDTRY",2013-01-01,1.76316956521739,TRUE
"USDTRY",2013-02-01,1.77196,TRUE
"USDTRY",2013-03-01,1.80782380952381,TRUE
"USDTRY",2013-04-01,1.79614090909091,TRUE
"USDTRY",2013-05-01,1.82677272727273,TRUE
"USDTRY",2013-06-01,1.89823,TRUE
"USDTRY",2013-07-01,1.93185217391304,TRUE
"USDTRY",2013-08-01,1.96214545454545,TRUE
"USDTRY",2013-09-01,2.0192,TRUE
"USDTRY",2013-10-01,1.98737826086957,TRUE
"USDTRY",2013-11-01,2.02487619047619,TRUE
"USDTRY",2013-12-01,2.0648,TRUE
"USDTRY",2014-01-01,2.22111739130435,TRUE
"USDTRY",2014-02-01,2.211885,TRUE
"USDTRY",2014-03-01,2.21705714285714,TRUE
"USDTRY",2014-04-01,2.12797727272727,TRUE
"USDTRY",2014-05-01,2.09303181818182,TRUE
"USDTRY",2014-06-01,2.11909523809524,TRUE
"USDTRY",2014-07-01,2.11754347826087,TRUE
"USDTRY",2014-08-01,2.16136666666667,TRUE
"USDTRY",2014-09-01,2.21094090909091,TRUE
"USDTRY",2014-10-01,2.25736956521739,TRUE
"USDTRY",2014-11-01,2.235945,TRUE
"USDTRY",2014-12-01,2.29478695652174,TRUE
"USDTRY",2015-01-01,2.33448181818182,TRUE
"USDTRY",2015-02-01,2.46193,TRUE
"USDTRY",2015-03-01,2.59094545454545,TRUE
"USDTRY",2015-04-01,2.65425,TRUE
"USDTRY",2015-05-01,2.64584761904762,TRUE
"USDTRY",2015-06-01,2.70475909090909,TRUE
"USDTRY",2015-07-01,2.6988347826087,TRUE
"USDTRY",2015-08-01,2.85448095238095,TRUE
"USDTRY",2015-09-01,3.01065909090909,TRUE
"USDTRY",2015-10-01,2.92557727272727,TRUE
"USDTRY",2015-11-01,2.87367142857143,TRUE
"USDTRY",2015-12-01,2.92015217391304,TRUE
"USDTRY",2016-01-01,3.0074380952381,TRUE
"USDTRY",2016-02-01,2.94328571428571,TRUE
"USDTRY",2016-03-01,2.88839130434783,TRUE
"USDTRY",2016-04-01,2.83614285714286,TRUE
"USDTRY",2016-05-01,2.93834545454545,TRUE
"USDTRY",2016-06-01,2.91655909090909,TRUE
"USDTRY",2016-07-01,2.95586666666667,TRUE
"USDTRY",2016-08-01,2.96260434782609,TRUE
"USDTRY",2016-09-01,2.96392272727273,TRUE
"USDTRY",2016-10-01,3.0755619047619,TRUE
"USDTRY",2016-11-01,3.28469090909091,TRUE
"USDTRY",2016-12-01,3.49667272727273,TRUE
"USDTRY",2017-01-01,3.75043181818182,TRUE
"USDTRY",2017-02-01,3.66667,TRUE
"USDTRY",2017-03-01,3.67044782608696,TRUE
"USDTRY",2017-04-01,3.652805,TRUE
"USDTRY",2017-05-01,3.56785217391304,TRUE
"USDTRY",2017-06-01,3.51965454545455,TRUE
"USDTRY",2017-07-01,3.5633380952381,TRUE
"USDTRY",2017-08-01,3.50895217391304,TRUE
"USDTRY",2017-09-01,3.47387619047619,TRUE
"USDTRY",2017-10-01,3.6757,TRUE
"USDTRY",2017-11-01,3.88995454545455,TRUE
"USDTRY",2017-12-01,3.8431619047619,TRUE
"USDTRY",2018-01-01,3.77490434782609,TRUE
"USDTRY",2018-02-01,3.7837,TRUE
"USDTRY",2018-03-01,3.89113181818182,TRUE
"USDTRY",2018-04-01,4.06100952380952,TRUE
"USDTRY",2018-05-01,4.42099130434783,TRUE
"USDTRY",2018-06-01,4.63712380952381,TRUE
"USDTRY",2018-07-01,4.76768636363636,TRUE
"USDTRY",2018-08-01,5.88254347826087,TRUE
"USDTRY",2018-09-01,6.344575,TRUE
"USDTRY",2018-10-01,5.8327347826087,TRUE
"USDTRY",2018-11-01,5.36279090909091,TRUE
"USDTRY",2018-12-01,5.31678571428571,TRUE
"USDTRY",2019-01-01,5.36731304347826,TRUE
"USDTRY",2019-02-01,5.27211,TRUE
"USDTRY",2019-03-01,5.46162857142857,TRUE
"USDTRY",2019-04-01,5.75990454545455,TRUE
"USDTRY",2019-05-01,6.04668260869565,TRUE
"USDTRY",2019-06-01,5.819235,TRUE
"USDTRY",2019-07-01,5.66798695652174,TRUE
"USDTRY",2019-08-01,5.63204545454545,TRUE
"USDTRY",2019-09-01,5.70980476190476,TRUE
"USDTRY",2019-10-01,5.7914,TRUE
"USDTRY",2019-11-01,5.73789523809524,TRUE
"USDTRY",2019-12-01,5.85193181818182,TRUE
"USDTRY",2020-01-01,5.92583913043478,TRUE
"USDTRY",2020-02-01,6.06259,TRUE
"USDTRY",2020-03-01,6.33575454545455,TRUE
"USDTRY",2020-04-01,6.85031363636364,TRUE
"USDTRY",2020-05-01,6.93194285714286,TRUE
"USDTRY",2020-06-01,6.81627727272727,TRUE
"USDTRY",2020-07-01,6.86516086956522,TRUE
"USDTRY",2020-08-01,7.26222857142857,TRUE
"USDTRY",2020-09-01,7.53394090909091,TRUE
"USDTRY",2020-10-01,7.91751363636364,TRUE
"USDTRY",2020-11-01,7.98580476190476,TRUE
"USDTRY",2020-12-01,7.71192173913043,TRUE
"USDTRY",2021-01-01,7.39720476190476,TRUE
"USDTRY",2021-02-01,7.08122,TRUE
"USDTRY",2021-03-01,7.67666956521739,TRUE
"USDTRY",2021-04-01,8.16326363636364,TRUE
"USDTRY",2021-05-01,8.35656666666667,TRUE
"USDTRY",2021-06-01,8.61266363636364,TRUE
"USDTRY",2021-07-01,8.58980454545454,TRUE
"USDTRY",2021-08-01,8.47377727272727,TRUE
"USDTRY",2021-09-01,8.54566818181818,TRUE
"USDTRY",2021-10-01,9.19318095238095,TRUE
"USDTRY",2021-11-01,10.6900272727273,TRUE
"USDTRY",2021-12-01,13.5576652173913,TRUE
"USDTRY",2022-01-01,13.5348857142857,TRUE
"USDTRY",2022-02-01,13.654775,TRUE
"USDTRY",2022-03-01,14.6139260869565,TRUE
"USDTRY",2022-04-01,14.7038571428571,TRUE
"USDTRY",2022-05-01,15.6099045454545,TRUE
"USDTRY",2022-06-01,16.9924409090909,TRUE
"USDTRY",2022-07-01,17.4530476190476,TRUE
"USDTRY",2022-08-01,18.0305869565217,TRUE
"USDTRY",2022-09-01,18.3137818181818,TRUE
"USDTRY",2022-10-01,18.5848095238095,TRUE
"USDTRY",2022-11-01,18.6089363636364,TRUE
"USDTRY",2022-12-01,18.6573409090909,TRUE
"USDTRY",2023-01-01,18.7785545454545,TRUE
"USDTRY",2023-02-01,18.84412,TRUE
"USDTRY",2023-03-01,18.998947826087,TRUE
"USDTRY",2023-04-01,19.33725,TRUE
"USDTRY",2023-05-01,19.7477434782609,TRUE
"USDTRY",2023-06-01,23.6965045454545,TRUE
"USDTRY",2023-07-01,26.4994,TRUE
"USDTRY",2023-08-01,26.9430782608696,TRUE
"USDTRY",2023-09-01,26.999080952381,TRUE
"USDTRY",2023-10-01,27.8602,TRUE
"USDTRY",2023-11-01,28.6379136363636,TRUE
"USDTRY",2023-12-01,29.0781333333333,TRUE
"USDTRY",2024-01-01,30.0395826086957,TRUE
"USDTRY",2024-02-01,30.773019047619,TRUE
"USDTRY",2024-03-01,32.0116380952381,TRUE
"USDTRY",2024-04-01,32.2756590909091,TRUE
"USDTRY",2024-05-01,32.216452173913,TRUE
"USDTRY",2024-06-01,32.52592,TRUE
"USDTRY",2024-07-01,32.8792304347826,TRUE
"USDTRY",2024-08-01,33.6457181818182,TRUE
"USDTRY",2024-09-01,34.009280952381,TRUE
"USDTRY",2024-10-01,34.2050956521739,TRUE
"USDTRY",2024-11-01,34.4147523809524,TRUE
"USDTRY",2024-12-01,34.9671636363636,TRUE
"USDTRY",2025-01-01,35.5012695652174,TRUE
"USDTRY",2025-02-01,36.157475,TRUE
"USDTRY",2025-03-01,37.1078619047619,TRUE
"USDTRY",2025-04-01,38.0767772727273,TRUE
"USDTRY",2025-05-01,38.7332181818182,TRUE
"USDTRY",2025-06-01,39.3801380952381,TRUE
"USDTRY",2025-07-01,40.175047826087,TRUE
"USDTRY",2025-08-01,40.7855619047619,TRUE
"USDTRY",2025-09-01,41.2819454545455,TRUE
"USDTRY",2025-10-01,41.7906913043478,TRUE
"USDTRY",2025-11-01,42.240315,TRUE
"USDTRY",2025-12-01,42.6458260869565,TRUE
"USDTRY",2026-01-01,43.1617136363636,TRUE
"USDTRY",2026-02-01,43.64791,TRUE
"USDTRY",2026-03-01,44.1432318181818,TRUE
"USDTRY",2026-04-01,44.7234772727273,TRUE
"USDTRY",2026-05-01,45.4224714285714,TRUE
"USDTRY",2026-06-01,46.2197954545455,TRUE
"USDTRY",2026-07-01,47.0242086956522,TRUE
"USDTRY",2026-08-01,47.8213571428571,TRUE
"BIST100",2000-01-01,167.149993896484,TRUE
"BIST100",2000-02-01,159.458999633789,TRUE
"BIST100",2000-03-01,159.20100402832,TRUE
"BIST100",2000-04-01,192.057006835938,TRUE
"BIST100",2000-05-01,162.063995361328,TRUE
"BIST100",2000-06-01,144.660995483398,TRUE
"BIST100",2000-07-01,138.701995849609,TRUE
"BIST100",2000-08-01,131.320999145508,TRUE
"BIST100",2000-09-01,113.502998352051,TRUE
"BIST100",2000-10-01,135.384002685547,TRUE
"BIST100",2000-11-01,87.4769973754883,TRUE
"BIST100",2000-12-01,94.3720016479492,TRUE
"BIST100",2001-01-01,106.850997924805,TRUE
"BIST100",2001-02-01,87.9160003662109,TRUE
"BIST100",2001-03-01,80.2269973754883,TRUE
"BIST100",2001-04-01,123.674003601074,TRUE
"BIST100",2001-05-01,108.797996520996,TRUE
"BIST100",2001-06-01,112.041999816895,TRUE
"BIST100",2001-07-01,99.1460037231445,TRUE
"BIST100",2001-08-01,98.7890014648438,TRUE
"BIST100",2001-09-01,76.2590026855469,TRUE
"BIST100",2001-10-01,98.4879989624023,TRUE
"BIST100",2001-11-01,116.338996887207,TRUE
"BIST100",2001-12-01,137.828002929688,TRUE
"BIST100",2002-01-01,132.522994995117,TRUE
"BIST100",2002-02-01,110.556999206543,TRUE
"BIST100",2002-03-01,116.793998718262,TRUE
"BIST100",2002-04-01,114.415000915527,TRUE
"BIST100",2002-05-01,104.137001037598,TRUE
"BIST100",2002-06-01,93.7990036010742,TRUE
"BIST100",2002-07-01,102.36499786377,TRUE
"BIST100",2002-08-01,95.4729995727539,TRUE
"BIST100",2002-09-01,88.4219970703125,TRUE
"BIST100",2002-10-01,102.518997192383,TRUE
"BIST100",2002-11-01,133.003997802734,TRUE
"BIST100",2002-12-01,103.698997497559,TRUE
"BIST100",2003-01-01,110.319999694824,TRUE
"BIST100",2003-02-01,115.744003295898,TRUE
"BIST100",2003-03-01,94.7509994506836,TRUE
"BIST100",2003-04-01,115.099998474121,TRUE
"BIST100",2003-05-01,113.814002990723,TRUE
"BIST100",2003-06-01,108.84400177002,TRUE
"BIST100",2003-07-01,105.720001220703,TRUE
"BIST100",2003-08-01,116.11799621582,TRUE
"BIST100",2003-09-01,130.559005737305,TRUE
"BIST100",2003-10-01,157.542999267578,TRUE
"BIST100",2003-11-01,146.175003051758,TRUE
"BIST100",2003-12-01,186.25,TRUE
"BIST100",2004-01-01,172.593002319336,TRUE
"BIST100",2004-02-01,188.891998291016,TRUE
"BIST100",2004-03-01,201.908004760742,TRUE
"BIST100",2004-04-01,180.227005004883,TRUE
"BIST100",2004-05-01,170.811004638672,TRUE
"BIST100",2004-06-01,179.675994873047,TRUE
"BIST100",2004-07-01,193.809005737305,TRUE
"BIST100",2004-08-01,202.184005737305,TRUE
"BIST100",2004-09-01,219.535003662109,TRUE
"BIST100",2004-10-01,228.998992919922,TRUE
"BIST100",2004-11-01,224.861999511719,TRUE
"BIST100",2004-12-01,249.716995239258,TRUE
"BIST100",2005-01-01,273.303985595703,TRUE
"BIST100",2005-02-01,283.962005615234,TRUE
"BIST100",2005-03-01,255.578002929688,TRUE
"BIST100",2005-04-01,235.916000366211,TRUE
"BIST100",2005-05-01,252.365005493164,TRUE
"BIST100",2005-06-01,269.572998046875,TRUE
"BIST100",2005-07-01,296.153015136719,TRUE
"BIST100",2005-08-01,309.079986572266,TRUE
"BIST100",2005-09-01,333.332000732422,TRUE
"BIST100",2005-10-01,319.640014648438,TRUE
"BIST100",2005-11-01,380.886993408203,TRUE
"BIST100",2005-12-01,397.777008056641,TRUE
"BIST100",2006-01-01,445.902008056641,TRUE
"BIST100",2006-02-01,470.158996582031,TRUE
"BIST100",2006-03-01,429.113006591797,TRUE
"BIST100",2006-04-01,438.803985595703,TRUE
"BIST100",2006-05-01,381.321990966797,TRUE
"BIST100",2006-06-01,354.532989501953,TRUE
"BIST100",2006-07-01,360.678985595703,TRUE
"BIST100",2006-08-01,372.859008789062,TRUE
"BIST100",2006-09-01,369.248992919922,TRUE
"BIST100",2006-10-01,405.822998046875,TRUE
"BIST100",2006-11-01,381.684997558594,TRUE
"BIST100",2006-12-01,391.174987792969,TRUE
"BIST100",2007-01-01,411.825988769531,TRUE
"BIST100",2007-02-01,414.309997558594,TRUE
"BIST100",2007-03-01,436.610992431641,TRUE
"BIST100",2007-04-01,449.845001220703,TRUE
"BIST100",2007-05-01,470.815002441406,TRUE
"BIST100",2007-06-01,470.93701171875,TRUE
"BIST100",2007-07-01,528.2490234375,TRUE
"BIST100",2007-08-01,501.985992431641,TRUE
"BIST100",2007-09-01,540.442016601562,TRUE
"BIST100",2007-10-01,576.156982421875,TRUE
"BIST100",2007-11-01,542.138000488281,TRUE
"BIST100",2007-12-01,555.380981445312,TRUE
"BIST100",2008-01-01,426.976013183594,TRUE
"BIST100",2008-02-01,447.769012451172,TRUE
"BIST100",2008-03-01,390.153991699219,TRUE
"BIST100",2008-04-01,434.680999755859,TRUE
"BIST100",2008-05-01,399.696014404297,TRUE
"BIST100",2008-06-01,350.894989013672,TRUE
"BIST100",2008-07-01,422.007995605469,TRUE
"BIST100",2008-08-01,398.445007324219,TRUE
"BIST100",2008-09-01,360.513000488281,TRUE
"BIST100",2008-10-01,278.329010009766,TRUE
"BIST100",2008-11-01,257.149993896484,TRUE
"BIST100",2008-12-01,268.640991210938,TRUE
"BIST100",2009-01-01,259.343994140625,TRUE
"BIST100",2009-02-01,240.266006469727,TRUE
"BIST100",2009-03-01,257.648010253906,TRUE
"BIST100",2009-04-01,316.518005371094,TRUE
"BIST100",2009-05-01,350.029998779297,TRUE
"BIST100",2009-06-01,369.492004394531,TRUE
"BIST100",2009-07-01,426.412994384766,TRUE
"BIST100",2009-08-01,465.511993408203,TRUE
"BIST100",2009-09-01,479.102996826172,TRUE
"BIST100",2009-10-01,471.846984863281,TRUE
"BIST100",2009-11-01,453.502014160156,TRUE
"BIST100",2009-12-01,528.25,TRUE
"BIST100",2010-01-01,546.505981445312,TRUE
"BIST100",2010-02-01,497.054992675781,TRUE
"BIST100",2010-03-01,565.383972167969,TRUE
"BIST100",2010-04-01,589.591003417969,TRUE
"BIST100",2010-05-01,543.848999023438,TRUE
"BIST100",2010-06-01,548.39501953125,TRUE
"BIST100",2010-07-01,598.668029785156,TRUE
"BIST100",2010-08-01,599.726013183594,TRUE
"BIST100",2010-09-01,657.744018554688,TRUE
"BIST100",2010-10-01,687.60498046875,TRUE
"BIST100",2010-11-01,653.508972167969,TRUE
"BIST100",2010-12-01,660.044982910156,TRUE
"BIST100",2011-01-01,632.781005859375,TRUE
"BIST100",2011-02-01,612.838989257812,TRUE
"BIST100",2011-03-01,644.344970703125,TRUE
"BIST100",2011-04-01,692.5009765625,TRUE
"BIST100",2011-05-01,630.460021972656,TRUE
"BIST100",2011-06-01,632.693969726562,TRUE
"BIST100",2011-07-01,622.956970214844,TRUE
"BIST100",2011-08-01,539.460998535156,TRUE
"BIST100",2011-09-01,596.934020996094,TRUE
"BIST100",2011-10-01,560.614990234375,TRUE
"BIST100",2011-11-01,545.177978515625,TRUE
"BIST100",2011-12-01,512.666015625,TRUE
"BIST100",2012-01-01,571.713012695312,TRUE
"BIST100",2012-02-01,607.211975097656,TRUE
"BIST100",2012-03-01,624.22998046875,TRUE
"BIST100",2012-04-01,600.10400390625,TRUE
"BIST100",2012-05-01,550.992980957031,TRUE
"BIST100",2012-06-01,625.434997558594,TRUE
"BIST100",2012-07-01,642.594970703125,TRUE
"BIST100",2012-08-01,673.679992675781,TRUE
"BIST100",2012-09-01,663.966979980469,TRUE
"BIST100",2012-10-01,725.289978027344,TRUE
"BIST100",2012-11-01,730.585021972656,TRUE
"BIST100",2012-12-01,782.083984375,TRUE
"BIST100",2013-01-01,787.835021972656,TRUE
"BIST100",2013-02-01,793.336975097656,TRUE
"BIST100",2013-03-01,858.989990234375,TRUE
"BIST100",2013-04-01,860.460021972656,TRUE
"BIST100",2013-05-01,859.900024414062,TRUE
"BIST100",2013-06-01,762.945007324219,TRUE
"BIST100",2013-07-01,733.775024414062,TRUE
"BIST100",2013-08-01,663.943969726562,TRUE
"BIST100",2013-09-01,744.866027832031,TRUE
"BIST100",2013-10-01,776.203979492188,TRUE
"BIST100",2013-11-01,757.482971191406,TRUE
"BIST100",2013-12-01,678.017028808594,TRUE
"BIST100",2014-01-01,618.581970214844,TRUE
"BIST100",2014-02-01,625.533020019531,TRUE
"BIST100",2014-03-01,697.362976074219,TRUE
"BIST100",2014-04-01,738.715026855469,TRUE
"BIST100",2014-05-01,792.898010253906,TRUE
"BIST100",2014-06-01,784.890014648438,TRUE
"BIST100",2014-07-01,821.568969726562,TRUE
"BIST100",2014-08-01,803.129028320312,TRUE
"BIST100",2014-09-01,749.377990722656,TRUE
"BIST100",2014-10-01,805.796997070312,TRUE
"BIST100",2014-11-01,861.68701171875,TRUE
"BIST100",2014-12-01,857.210998535156,TRUE
"BIST100",2015-01-01,889.4580078125,TRUE
"BIST100",2015-02-01,841.474975585938,TRUE
"BIST100",2015-03-01,808.460021972656,TRUE
"BIST100",2015-04-01,839.469970703125,TRUE
"BIST100",2015-05-01,829.81201171875,TRUE
"BIST100",2015-06-01,822.494995117188,TRUE
"BIST100",2015-07-01,799.096984863281,TRUE
"BIST100",2015-08-01,752.10400390625,TRUE
"BIST100",2015-09-01,742.054992675781,TRUE
"BIST100",2015-10-01,794.090026855469,TRUE
"BIST100",2015-11-01,752.328002929688,TRUE
"BIST100",2015-12-01,717.27001953125,TRUE
"BIST100",2016-01-01,734.810974121094,TRUE
"BIST100",2016-02-01,758.143981933594,TRUE
"BIST100",2016-03-01,832.679992675781,TRUE
"BIST100",2016-04-01,853.278015136719,TRUE
"BIST100",2016-05-01,778.033996582031,TRUE
"BIST100",2016-06-01,768.171997070312,TRUE
"BIST100",2016-07-01,754.054992675781,TRUE
"BIST100",2016-08-01,759.676025390625,TRUE
"BIST100",2016-09-01,764.883972167969,TRUE
"BIST100",2016-10-01,785.361999511719,TRUE
"BIST100",2016-11-01,739.952026367188,TRUE
"BIST100",2016-12-01,781.387023925781,TRUE
"BIST100",2017-01-01,862.956970214844,TRUE
"BIST100",2017-02-01,874.783020019531,TRUE
"BIST100",2017-03-01,889.473999023438,TRUE
"BIST100",2017-04-01,946.552978515625,TRUE
"BIST100",2017-05-01,975.416015625,TRUE
"BIST100",2017-06-01,1004.40399169922,TRUE
"BIST100",2017-07-01,1075.31396484375,TRUE
"BIST100",2017-08-01,1100.10498046875,TRUE
"BIST100",2017-09-01,1029.07702636719,TRUE
"BIST100",2017-10-01,1101.42602539062,TRUE
"BIST100",2017-11-01,1039.84399414062,TRUE
"BIST100",2017-12-01,1153.32995605469,TRUE
"BIST100",2018-01-01,1195.28796386719,TRUE
"BIST100",2018-02-01,1189.50805664062,TRUE
"BIST100",2018-03-01,1149.30200195312,TRUE
"BIST100",2018-04-01,1042.82800292969,TRUE
"BIST100",2018-05-01,1006.52301025391,TRUE
"BIST100",2018-06-01,965.200988769531,TRUE
"BIST100",2018-07-01,969.52197265625,TRUE
"BIST100",2018-08-01,927.234008789062,TRUE
"BIST100",2018-09-01,999.568969726562,TRUE
"BIST100",2018-10-01,902.007019042969,TRUE
"BIST100",2018-11-01,954.159973144531,TRUE
"BIST100",2018-12-01,912.705017089844,TRUE
"BIST100",2019-01-01,1040.74194335938,TRUE
"BIST100",2019-02-01,1045.29895019531,TRUE
"BIST100",2019-03-01,937.841979980469,TRUE
"BIST100",2019-04-01,954.156005859375,TRUE
"BIST100",2019-05-01,905.89697265625,TRUE
"BIST100",2019-06-01,964.85302734375,TRUE
"BIST100",2019-07-01,1020.82501220703,TRUE
"BIST100",2019-08-01,967.184997558594,TRUE
"BIST100",2019-09-01,1050.32995605469,TRUE
"BIST100",2019-10-01,984.684997558594,TRUE
"BIST100",2019-11-01,1069.03698730469,TRUE
"BIST100",2019-12-01,1144.25,TRUE
"BIST100",2020-01-01,1191.40100097656,TRUE
"BIST100",2020-02-01,1059.93701171875,TRUE
"BIST100",2020-03-01,896.43701171875,TRUE
"BIST100",2020-04-01,1011.10101318359,TRUE
"BIST100",2020-05-01,1055.20495605469,TRUE
"BIST100",2020-06-01,1165.248046875,TRUE
"BIST100",2020-07-01,1126.90002441406,TRUE
"BIST100",2020-08-01,1078.59997558594,TRUE
"BIST100",2020-09-01,1145.19995117188,TRUE
"BIST100",2020-10-01,1112.40002441406,TRUE
"BIST100",2020-11-01,1283.59997558594,TRUE
"BIST100",2020-12-01,1476.69995117188,TRUE
"BIST100",2021-01-01,1473.5,TRUE
"BIST100",2021-02-01,1471.40002441406,TRUE
"BIST100",2021-03-01,1391.69995117188,TRUE
"BIST100",2021-04-01,1397.80004882812,TRUE
"BIST100",2021-05-01,1420.5,TRUE
"BIST100",2021-06-01,1356.30004882812,TRUE
"BIST100",2021-07-01,1392.90002441406,TRUE
"BIST100",2021-08-01,1472.09997558594,TRUE
"BIST100",2021-09-01,1406.40002441406,TRUE
"BIST100",2021-10-01,1522,TRUE
"BIST100",2021-11-01,1809.69995117188,TRUE
"BIST100",2021-12-01,1857.69995117188,TRUE
"BIST100",2022-01-01,2003.19995117188,TRUE
"BIST100",2022-02-01,1946.19995117188,TRUE
"BIST100",2022-03-01,2233.30004882812,TRUE
"BIST100",2022-04-01,2430.60009765625,TRUE
"BIST100",2022-05-01,2547.10009765625,TRUE
"BIST100",2022-06-01,2405.39990234375,TRUE
"BIST100",2022-07-01,2592.39990234375,TRUE
"BIST100",2022-08-01,3171.19995117188,TRUE
"BIST100",2022-09-01,3180,TRUE
"BIST100",2022-10-01,3979,TRUE
"BIST100",2022-11-01,4977.60009765625,TRUE
"BIST100",2022-12-01,5509.2001953125,TRUE
"BIST100",2023-01-01,4976.60009765625,TRUE
"BIST100",2023-02-01,5237.2998046875,TRUE
"BIST100",2023-03-01,4812.89990234375,TRUE
"BIST100",2023-04-01,4617.89990234375,TRUE
"BIST100",2023-05-01,4886.89990234375,TRUE
"BIST100",2023-06-01,5759.10009765625,TRUE
"BIST100",2023-07-01,7217,TRUE
"BIST100",2023-08-01,7917.89990234375,TRUE
"BIST100",2023-09-01,8334.900390625,TRUE
"BIST100",2023-10-01,7514.10009765625,TRUE
"BIST100",2023-11-01,7948.60009765625,TRUE
"BIST100",2023-12-01,7470.2001953125,TRUE
"BIST100",2024-01-01,8496.7001953125,TRUE
"BIST100",2024-02-01,9193.7001953125,TRUE
"BIST100",2024-03-01,9142.400390625,TRUE
"BIST100",2024-04-01,10045.7001953125,TRUE
"BIST100",2024-05-01,10400.5,TRUE
"BIST100",2024-06-01,10647.900390625,TRUE
"BIST100",2024-07-01,10638.599609375,TRUE
"BIST100",2024-08-01,9833.2001953125,TRUE
"BIST100",2024-09-01,9665.7998046875,TRUE
"BIST100",2024-10-01,8863.900390625,TRUE
"BIST100",2024-11-01,9652,TRUE
"BIST100",2024-12-01,9830.599609375,TRUE
"BIST100",2025-01-01,10004.400390625,TRUE
"BIST100",2025-02-01,9658.7001953125,TRUE
"BIST100",2025-03-01,9659.5,TRUE
"BIST100",2025-04-01,9078.400390625,TRUE
"BIST100",2025-05-01,9019.599609375,TRUE
"BIST100",2025-06-01,9948.5,TRUE
"BIST100",2025-07-01,10743.2001953125,TRUE
"BIST100",2025-08-01,11288.099609375,TRUE
"BIST100",2025-09-01,11012.099609375,TRUE
"BIST100",2025-10-01,10971.5,TRUE
"BIST100",2025-11-01,10898.7001953125,TRUE
"BIST100",2025-12-01,11261.5,TRUE
"BIST100",2026-01-01,13838.2998046875,TRUE
"BIST100",2026-02-01,13717.7998046875,TRUE
"BIST100",2026-03-01,12791,TRUE
"BIST100",2026-04-01,14442.599609375,TRUE
"BIST100",2026-05-01,13662.7998046875,TRUE
"BIST100",2026-06-01,14121.7998046875,TRUE
"BIST100",2026-07-01,13458.099609375,TRUE
"BIST100",2026-08-01,14334.099609375,TRUE
"BIST100",2026-09-01,13074.400390625,TRUE
"FAIZ",2002-02-01,57,TRUE
"FAIZ",2002-03-01,54,TRUE
"FAIZ",2002-04-01,48,TRUE
"FAIZ",2002-05-01,48,TRUE
"FAIZ",2002-06-01,48,TRUE
"FAIZ",2002-07-01,48,TRUE
"FAIZ",2002-08-01,46,TRUE
"FAIZ",2002-09-01,46,TRUE
"FAIZ",2002-10-01,46,TRUE
"FAIZ",2002-11-01,44,TRUE
"FAIZ",2002-12-01,44,TRUE
"FAIZ",2003-01-01,44,TRUE
"FAIZ",2003-02-01,44,TRUE
"FAIZ",2003-03-01,44,TRUE
"FAIZ",2003-04-01,41,TRUE
"FAIZ",2003-05-01,41,TRUE
"FAIZ",2003-06-01,38,TRUE
"FAIZ",2003-07-01,35,TRUE
"FAIZ",2003-08-01,32,TRUE
"FAIZ",2003-09-01,29,TRUE
"FAIZ",2003-10-01,26,TRUE
"FAIZ",2003-11-01,26,TRUE
"FAIZ",2003-12-01,26,TRUE
"FAIZ",2004-01-01,26,TRUE
"FAIZ",2004-02-01,24,TRUE
"FAIZ",2004-03-01,22,TRUE
"FAIZ",2004-04-01,22,TRUE
"FAIZ",2004-05-01,22,TRUE
"FAIZ",2004-06-01,22,TRUE
"FAIZ",2004-07-01,22,TRUE
"FAIZ",2004-08-01,22,TRUE
"FAIZ",2004-09-01,20,TRUE
"FAIZ",2004-10-01,20,TRUE
"FAIZ",2004-11-01,20,TRUE
"FAIZ",2004-12-01,18,TRUE
"FAIZ",2005-01-01,17,TRUE
"FAIZ",2005-02-01,16.5,TRUE
"FAIZ",2005-03-01,15.5,TRUE
"FAIZ",2005-04-01,15,TRUE
"FAIZ",2005-05-01,14.5,TRUE
"FAIZ",2005-06-01,14.25,TRUE
"FAIZ",2005-07-01,14.25,TRUE
"FAIZ",2005-08-01,14.25,TRUE
"FAIZ",2005-09-01,14.25,TRUE
"FAIZ",2005-10-01,14,TRUE
"FAIZ",2005-11-01,13.75,TRUE
"FAIZ",2005-12-01,13.5,TRUE
"FAIZ",2006-01-01,13.5,TRUE
"FAIZ",2006-02-01,13.5,TRUE
"FAIZ",2006-03-01,13.5,TRUE
"FAIZ",2006-04-01,13.25,TRUE
"FAIZ",2006-05-01,13.25,TRUE
"FAIZ",2006-06-01,17.25,TRUE
"FAIZ",2006-07-01,17.5,TRUE
"FAIZ",2006-08-01,17.5,TRUE
"FAIZ",2006-09-01,17.5,TRUE
"FAIZ",2006-10-01,17.5,TRUE
"FAIZ",2006-11-01,17.5,TRUE
"FAIZ",2006-12-01,17.5,TRUE
"FAIZ",2007-01-01,17.5,TRUE
"FAIZ",2007-02-01,17.5,TRUE
"FAIZ",2007-03-01,17.5,TRUE
"FAIZ",2007-04-01,17.5,TRUE
"FAIZ",2007-05-01,17.5,TRUE
"FAIZ",2007-06-01,17.5,TRUE
"FAIZ",2007-07-01,17.5,TRUE
"FAIZ",2007-08-01,17.5,TRUE
"FAIZ",2007-09-01,17.25,TRUE
"FAIZ",2007-10-01,16.75,TRUE
"FAIZ",2007-11-01,16.25,TRUE
"FAIZ",2007-12-01,15.75,TRUE
"FAIZ",2008-01-01,15.5,TRUE
"FAIZ",2008-02-01,15.25,TRUE
"FAIZ",2008-03-01,15.25,TRUE
"FAIZ",2008-04-01,15.25,TRUE
"FAIZ",2008-05-01,15.75,TRUE
"FAIZ",2008-06-01,16.25,TRUE
"FAIZ",2008-07-01,16.75,TRUE
"FAIZ",2008-08-01,16.75,TRUE
"FAIZ",2008-09-01,16.75,TRUE
"FAIZ",2008-10-01,16.75,TRUE
"FAIZ",2008-11-01,16.25,TRUE
"FAIZ",2008-12-01,15,TRUE
"FAIZ",2009-01-01,13,TRUE
"FAIZ",2009-02-01,11.5,TRUE
"FAIZ",2009-03-01,10.5,TRUE
"FAIZ",2009-04-01,9.75,TRUE
"FAIZ",2009-05-01,9.25,TRUE
"FAIZ",2009-06-01,8.75,TRUE
"FAIZ",2009-07-01,8.25,TRUE
"FAIZ",2009-08-01,7.75,TRUE
"FAIZ",2009-09-01,7.25,TRUE
"FAIZ",2009-10-01,6.75,TRUE
"FAIZ",2009-11-01,6.5,TRUE
"FAIZ",2009-12-01,6.5,TRUE
"FAIZ",2010-01-01,6.5,TRUE
"FAIZ",2010-02-01,6.5,TRUE
"FAIZ",2010-03-01,6.5,TRUE
"FAIZ",2010-04-01,6.5,TRUE
"FAIZ",2010-05-01,7,TRUE
"FAIZ",2010-06-01,7,TRUE
"FAIZ",2010-07-01,7,TRUE
"FAIZ",2010-08-01,7,TRUE
"FAIZ",2010-09-01,7,TRUE
"FAIZ",2010-10-01,7,TRUE
"FAIZ",2010-11-01,7,TRUE
"FAIZ",2010-12-01,6.5,TRUE
"FAIZ",2011-01-01,6.25,TRUE
"FAIZ",2011-02-01,6.25,TRUE
"FAIZ",2011-03-01,6.25,TRUE
"FAIZ",2011-04-01,6.25,TRUE
"FAIZ",2011-05-01,6.25,TRUE
"FAIZ",2011-06-01,6.25,TRUE
"FAIZ",2011-07-01,6.25,TRUE
"FAIZ",2011-08-01,5.75,TRUE
"FAIZ",2011-09-01,5.75,TRUE
"FAIZ",2011-10-01,5.75,TRUE
"FAIZ",2011-11-01,5.75,TRUE
"FAIZ",2011-12-01,5.75,TRUE
"FAIZ",2012-01-01,5.75,TRUE
"FAIZ",2012-02-01,5.75,TRUE
"FAIZ",2012-03-01,5.75,TRUE
"FAIZ",2012-04-01,5.75,TRUE
"FAIZ",2012-05-01,5.75,TRUE
"FAIZ",2012-06-01,5.75,TRUE
"FAIZ",2012-07-01,5.75,TRUE
"FAIZ",2012-08-01,5.75,TRUE
"FAIZ",2012-09-01,5.75,TRUE
"FAIZ",2012-10-01,5.75,TRUE
"FAIZ",2012-11-01,5.75,TRUE
"FAIZ",2012-12-01,5.5,TRUE
"FAIZ",2013-01-01,5.5,TRUE
"FAIZ",2013-02-01,5.5,TRUE
"FAIZ",2013-03-01,5.5,TRUE
"FAIZ",2013-04-01,5,TRUE
"FAIZ",2013-05-01,4.5,TRUE
"FAIZ",2013-06-01,4.5,TRUE
"FAIZ",2013-07-01,4.5,TRUE
"FAIZ",2013-08-01,4.5,TRUE
"FAIZ",2013-09-01,4.5,TRUE
"FAIZ",2013-10-01,4.5,TRUE
"FAIZ",2013-11-01,4.5,TRUE
"FAIZ",2013-12-01,4.5,TRUE
"FAIZ",2014-01-01,10,TRUE
"FAIZ",2014-02-01,10,TRUE
"FAIZ",2014-03-01,10,TRUE
"FAIZ",2014-04-01,10,TRUE
"FAIZ",2014-05-01,9.5,TRUE
"FAIZ",2014-06-01,8.75,TRUE
"FAIZ",2014-07-01,8.25,TRUE
"FAIZ",2014-08-01,8.25,TRUE
"FAIZ",2014-09-01,8.25,TRUE
"FAIZ",2014-10-01,8.25,TRUE
"FAIZ",2014-11-01,8.25,TRUE
"FAIZ",2014-12-01,8.25,TRUE
"FAIZ",2015-01-01,7.75,TRUE
"FAIZ",2015-02-01,7.5,TRUE
"FAIZ",2015-03-01,7.5,TRUE
"FAIZ",2015-04-01,7.5,TRUE
"FAIZ",2015-05-01,7.5,TRUE
"FAIZ",2015-06-01,7.5,TRUE
"FAIZ",2015-07-01,7.5,TRUE
"FAIZ",2015-08-01,7.5,TRUE
"FAIZ",2015-09-01,7.5,TRUE
"FAIZ",2015-10-01,7.5,TRUE
"FAIZ",2015-11-01,7.5,TRUE
"FAIZ",2015-12-01,7.5,TRUE
"FAIZ",2016-01-01,7.5,TRUE
"FAIZ",2016-02-01,7.5,TRUE
"FAIZ",2016-03-01,7.5,TRUE
"FAIZ",2016-04-01,7.5,TRUE
"FAIZ",2016-05-01,7.5,TRUE
"FAIZ",2016-06-01,7.5,TRUE
"FAIZ",2016-07-01,7.5,TRUE
"FAIZ",2016-08-01,7.5,TRUE
"FAIZ",2016-09-01,7.5,TRUE
"FAIZ",2016-10-01,7.5,TRUE
"FAIZ",2016-11-01,8,TRUE
"FAIZ",2016-12-01,8,TRUE
"FAIZ",2017-01-01,8,TRUE
"FAIZ",2017-02-01,8,TRUE
"FAIZ",2017-03-01,8,TRUE
"FAIZ",2017-04-01,8,TRUE
"FAIZ",2017-05-01,8,TRUE
"FAIZ",2017-06-01,8,TRUE
"FAIZ",2017-07-01,8,TRUE
"FAIZ",2017-08-01,8,TRUE
"FAIZ",2017-09-01,8,TRUE
"FAIZ",2017-10-01,8,TRUE
"FAIZ",2017-11-01,8,TRUE
"FAIZ",2017-12-01,8,TRUE
"FAIZ",2018-01-01,8,TRUE
"FAIZ",2018-02-01,8,TRUE
"FAIZ",2018-03-01,8,TRUE
"FAIZ",2018-04-01,8,TRUE
"FAIZ",2018-05-01,8,TRUE
"FAIZ",2018-06-01,17.75,TRUE
"FAIZ",2018-07-01,17.75,TRUE
"FAIZ",2018-08-01,17.75,TRUE
"FAIZ",2018-09-01,24,TRUE
"FAIZ",2018-10-01,24,TRUE
"FAIZ",2018-11-01,24,TRUE
"FAIZ",2018-12-01,24,TRUE
"FAIZ",2019-01-01,24,TRUE
"FAIZ",2019-02-01,24,TRUE
"FAIZ",2019-03-01,24,TRUE
"FAIZ",2019-04-01,24,TRUE
"FAIZ",2019-05-01,24,TRUE
"FAIZ",2019-06-01,24,TRUE
"FAIZ",2019-07-01,19.75,TRUE
"FAIZ",2019-08-01,19.75,TRUE
"FAIZ",2019-09-01,16.5,TRUE
"FAIZ",2019-10-01,14,TRUE
"FAIZ",2019-11-01,14,TRUE
"FAIZ",2019-12-01,12,TRUE
"FAIZ",2020-01-01,11.25,TRUE
"FAIZ",2020-02-01,10.75,TRUE
"FAIZ",2020-03-01,9.75,TRUE
"FAIZ",2020-04-01,8.75,TRUE
"FAIZ",2020-05-01,8.25,TRUE
"FAIZ",2020-06-01,8.25,TRUE
"FAIZ",2020-07-01,8.25,TRUE
"FAIZ",2020-08-01,8.25,TRUE
"FAIZ",2020-09-01,10.25,TRUE
"FAIZ",2020-10-01,10.25,TRUE
"FAIZ",2020-11-01,15,TRUE
"FAIZ",2020-12-01,17,TRUE
"FAIZ",2021-01-01,17,TRUE
"FAIZ",2021-02-01,17,TRUE
"FAIZ",2021-03-01,19,TRUE
"FAIZ",2021-04-01,19,TRUE
"FAIZ",2021-05-01,19,TRUE
"FAIZ",2021-06-01,19,TRUE
"FAIZ",2021-07-01,19,TRUE
"FAIZ",2021-08-01,19,TRUE
"FAIZ",2021-09-01,18,TRUE
"FAIZ",2021-10-01,16,TRUE
"FAIZ",2021-11-01,15,TRUE
"FAIZ",2021-12-01,14,TRUE
"FAIZ",2022-01-01,14,TRUE
"FAIZ",2022-02-01,14,TRUE
"FAIZ",2022-03-01,14,TRUE
"FAIZ",2022-04-01,14,TRUE
"FAIZ",2022-05-01,14,TRUE
"FAIZ",2022-06-01,14,TRUE
"FAIZ",2022-07-01,14,TRUE
"FAIZ",2022-08-01,13,TRUE
"FAIZ",2022-09-01,12,TRUE
"FAIZ",2022-10-01,10.5,TRUE
"FAIZ",2022-11-01,9,TRUE
"FAIZ",2022-12-01,9,TRUE
"FAIZ",2023-01-01,9,TRUE
"FAIZ",2023-02-01,8.5,TRUE
"FAIZ",2023-03-01,8.5,TRUE
"FAIZ",2023-04-01,8.5,TRUE
"FAIZ",2023-05-01,8.5,TRUE
"FAIZ",2023-06-01,15,TRUE
"FAIZ",2023-07-01,17.5,TRUE
"FAIZ",2023-08-01,25,TRUE
"FAIZ",2023-09-01,30,TRUE
"FAIZ",2023-10-01,35,TRUE
"FAIZ",2023-11-01,40,TRUE
"FAIZ",2023-12-01,42.5,TRUE
"FAIZ",2024-01-01,45,TRUE
"FAIZ",2024-02-01,45,TRUE
"FAIZ",2024-03-01,50,TRUE
"FAIZ",2024-04-01,50,TRUE
"FAIZ",2024-05-01,50,TRUE
"FAIZ",2024-06-01,50,TRUE
"FAIZ",2024-07-01,50,TRUE
"FAIZ",2024-08-01,50,TRUE
"FAIZ",2024-09-01,50,TRUE
"FAIZ",2024-10-01,50,TRUE
"FAIZ",2024-11-01,50,TRUE
"FAIZ",2024-12-01,47.5,TRUE
"FAIZ",2025-01-01,45,TRUE
"FAIZ",2025-02-01,45,TRUE
"FAIZ",2025-03-01,42.5,TRUE
"FAIZ",2025-04-01,46,TRUE
"FAIZ",2025-05-01,46,TRUE
"FAIZ",2025-06-01,46,TRUE
"FAIZ",2025-07-01,43,TRUE
"FAIZ",2025-08-01,43,TRUE
"FAIZ",2025-09-01,40.5,TRUE
"FAIZ",2025-10-01,39.5,TRUE
"FAIZ",2025-11-01,39.5,TRUE
"FAIZ",2025-12-01,38,TRUE
"FAIZ",2026-01-01,37,TRUE
"FAIZ",2026-02-01,37,TRUE
"FAIZ",2026-03-01,37,TRUE
"FAIZ",2026-04-01,37,TRUE
"FAIZ",2026-05-01,37,TRUE
"FAIZ",2026-06-01,37,TRUE
"FAIZ",2026-07-01,37,TRUE
"DIS_TICARET",2000-01-01,-826,TRUE
"DIS_TICARET",2000-02-01,-1354,TRUE
"DIS_TICARET",2000-03-01,-1554,TRUE
"DIS_TICARET",2000-04-01,-1597,TRUE
"DIS_TICARET",2000-05-01,-1940,TRUE
"DIS_TICARET",2000-06-01,-2269,TRUE
"DIS_TICARET",2000-07-01,-2040,TRUE
"DIS_TICARET",2000-08-01,-2462,TRUE
"DIS_TICARET",2000-09-01,-1766,TRUE
"DIS_TICARET",2000-10-01,-2271,TRUE
"DIS_TICARET",2000-11-01,-2398,TRUE
"DIS_TICARET",2000-12-01,-1482,TRUE
"DIS_TICARET",2001-01-01,-1412,TRUE
"DIS_TICARET",2001-02-01,-504,TRUE
"DIS_TICARET",2001-03-01,-27,TRUE
"DIS_TICARET",2001-04-01,147,TRUE
"DIS_TICARET",2001-05-01,-100,TRUE
"DIS_TICARET",2001-06-01,-195,TRUE
"DIS_TICARET",2001-07-01,-431,TRUE
"DIS_TICARET",2001-08-01,-327,TRUE
"DIS_TICARET",2001-09-01,-208,TRUE
"DIS_TICARET",2001-10-01,59,TRUE
"DIS_TICARET",2001-11-01,-101,TRUE
"DIS_TICARET",2001-12-01,-183,TRUE
"DIS_TICARET",2002-01-01,-308,TRUE
"DIS_TICARET",2002-02-01,-77,TRUE
"DIS_TICARET",2002-03-01,-218,TRUE
"DIS_TICARET",2002-04-01,-681,TRUE
"DIS_TICARET",2002-05-01,-620,TRUE
"DIS_TICARET",2002-06-01,-564,TRUE
"DIS_TICARET",2002-07-01,-851,TRUE
"DIS_TICARET",2002-08-01,-567,TRUE
"DIS_TICARET",2002-09-01,-409,TRUE
"DIS_TICARET",2002-10-01,-369,TRUE
"DIS_TICARET",2002-11-01,-448,TRUE
"DIS_TICARET",2002-12-01,-1292,TRUE
"DIS_TICARET",2003-01-01,-400,TRUE
"DIS_TICARET",2003-02-01,-733,TRUE
"DIS_TICARET",2003-03-01,-1186,TRUE
"DIS_TICARET",2003-04-01,-898,TRUE
"DIS_TICARET",2003-05-01,-873,TRUE
"DIS_TICARET",2003-06-01,-1256,TRUE
"DIS_TICARET",2003-07-01,-1358,TRUE
"DIS_TICARET",2003-08-01,-1309,TRUE
"DIS_TICARET",2003-09-01,-1199,TRUE
"DIS_TICARET",2003-10-01,-837,TRUE
"DIS_TICARET",2003-11-01,-538,TRUE
"DIS_TICARET",2003-12-01,-2824,TRUE
"DIS_TICARET",2004-01-01,-914,TRUE
"DIS_TICARET",2004-02-01,-1783,TRUE
"DIS_TICARET",2004-03-01,-2198,TRUE
"DIS_TICARET",2004-04-01,-1871,TRUE
"DIS_TICARET",2004-05-01,-1712,TRUE
"DIS_TICARET",2004-06-01,-2094,TRUE
"DIS_TICARET",2004-07-01,-2028,TRUE
"DIS_TICARET",2004-08-01,-2137,TRUE
"DIS_TICARET",2004-09-01,-1765,TRUE
"DIS_TICARET",2004-10-01,-1186,TRUE
"DIS_TICARET",2004-11-01,-1934,TRUE
"DIS_TICARET",2004-12-01,-2816,TRUE
"DIS_TICARET",2005-01-01,-1570,TRUE
"DIS_TICARET",2005-02-01,-1852,TRUE
"DIS_TICARET",2005-03-01,-2562,TRUE
"DIS_TICARET",2005-04-01,-2534,TRUE
"DIS_TICARET",2005-05-01,-2945,TRUE
"DIS_TICARET",2005-06-01,-2991,TRUE
"DIS_TICARET",2005-07-01,-3137,TRUE
"DIS_TICARET",2005-08-01,-3851,TRUE
"DIS_TICARET",2005-09-01,-2570,TRUE
"DIS_TICARET",2005-10-01,-2435,TRUE
"DIS_TICARET",2005-11-01,-2919,TRUE
"DIS_TICARET",2005-12-01,-3570,TRUE
"DIS_TICARET",2006-01-01,-2504,TRUE
"DIS_TICARET",2006-02-01,-2905,TRUE
"DIS_TICARET",2006-03-01,-3190,TRUE
"DIS_TICARET",2006-04-01,-4111,TRUE
"DIS_TICARET",2006-05-01,-4690,TRUE
"DIS_TICARET",2006-06-01,-3642,TRUE
"DIS_TICARET",2006-07-01,-3651,TRUE
"DIS_TICARET",2006-08-01,-4200,TRUE
"DIS_TICARET",2006-09-01,-3272,TRUE
"DIS_TICARET",2006-10-01,-3117,TRUE
"DIS_TICARET",2006-11-01,-2750,TRUE
"DIS_TICARET",2006-12-01,-2862,TRUE
"DIS_TICARET",2007-01-01,-3174,TRUE
"DIS_TICARET",2007-02-01,-2697,TRUE
"DIS_TICARET",2007-03-01,-3084,TRUE
"DIS_TICARET",2007-04-01,-3409,TRUE
"DIS_TICARET",2007-05-01,-4158,TRUE
"DIS_TICARET",2007-06-01,-3882,TRUE
"DIS_TICARET",2007-07-01,-4902,TRUE
"DIS_TICARET",2007-08-01,-4599,TRUE
"DIS_TICARET",2007-09-01,-4022,TRUE
"DIS_TICARET",2007-10-01,-4262,TRUE
"DIS_TICARET",2007-11-01,-3795,TRUE
"DIS_TICARET",2007-12-01,-4847,TRUE
"DIS_TICARET",2008-01-01,-4589,TRUE
"DIS_TICARET",2008-02-01,-3425,TRUE
"DIS_TICARET",2008-03-01,-4099,TRUE
"DIS_TICARET",2008-04-01,-5044,TRUE
"DIS_TICARET",2008-05-01,-5381,TRUE
"DIS_TICARET",2008-06-01,-6299,TRUE
"DIS_TICARET",2008-07-01,-6368,TRUE
"DIS_TICARET",2008-08-01,-6358,TRUE
"DIS_TICARET",2008-09-01,-3432,TRUE
"DIS_TICARET",2008-10-01,-4032,TRUE
"DIS_TICARET",2008-11-01,-1263,TRUE
"DIS_TICARET",2008-12-01,-2627,TRUE
"DIS_TICARET",2009-01-01,-366,TRUE
"DIS_TICARET",2009-02-01,352,TRUE
"DIS_TICARET",2009-03-01,-1217,TRUE
"DIS_TICARET",2009-04-01,-1462,TRUE
"DIS_TICARET",2009-05-01,-2435,TRUE
"DIS_TICARET",2009-06-01,-2897,TRUE
"DIS_TICARET",2009-07-01,-2758,TRUE
"DIS_TICARET",2009-08-01,-3861,TRUE
"DIS_TICARET",2009-09-01,-2760,TRUE
"DIS_TICARET",2009-10-01,-1300,TRUE
"DIS_TICARET",2009-11-01,-2594,TRUE
"DIS_TICARET",2009-12-01,-3464,TRUE
"DIS_TICARET",2010-01-01,-2807,TRUE
"DIS_TICARET",2010-02-01,-2361,TRUE
"DIS_TICARET",2010-03-01,-3667,TRUE
"DIS_TICARET",2010-04-01,-4089,TRUE
"DIS_TICARET",2010-05-01,-3627,TRUE
"DIS_TICARET",2010-06-01,-4389,TRUE
"DIS_TICARET",2010-07-01,-5335,TRUE
"DIS_TICARET",2010-08-01,-5652,TRUE
"DIS_TICARET",2010-09-01,-5635,TRUE
"DIS_TICARET",2010-10-01,-5012,TRUE
"DIS_TICARET",2010-11-01,-6505,TRUE
"DIS_TICARET",2010-12-01,-7246,TRUE
"DIS_TICARET",2011-01-01,-6040,TRUE
"DIS_TICARET",2011-02-01,-6195,TRUE
"DIS_TICARET",2011-03-01,-8302,TRUE
"DIS_TICARET",2011-04-01,-7852,TRUE
"DIS_TICARET",2011-05-01,-8909,TRUE
"DIS_TICARET",2011-06-01,-9187,TRUE
"DIS_TICARET",2011-07-01,-7983,TRUE
"DIS_TICARET",2011-08-01,-6911,TRUE
"DIS_TICARET",2011-09-01,-8411,TRUE
"DIS_TICARET",2011-10-01,-6399,TRUE
"DIS_TICARET",2011-11-01,-6239,TRUE
"DIS_TICARET",2011-12-01,-6732,TRUE
"DIS_TICARET",2012-01-01,-5876,TRUE
"DIS_TICARET",2012-02-01,-4750,TRUE
"DIS_TICARET",2012-03-01,-6076,TRUE
"DIS_TICARET",2012-04-01,-5234,TRUE
"DIS_TICARET",2012-05-01,-6935,TRUE
"DIS_TICARET",2012-06-01,-5731,TRUE
"DIS_TICARET",2012-07-01,-6374,TRUE
"DIS_TICARET",2012-08-01,-4471,TRUE
"DIS_TICARET",2012-09-01,-5413,TRUE
"DIS_TICARET",2012-10-01,-3851,TRUE
"DIS_TICARET",2012-11-01,-5276,TRUE
"DIS_TICARET",2012-12-01,-5380,TRUE
"DIS_TICARET",2013-01-01,-5990,TRUE
"DIS_TICARET",2013-02-01,-5832,TRUE
"DIS_TICARET",2013-03-01,-5780,TRUE
"DIS_TICARET",2013-04-01,-8555,TRUE
"DIS_TICARET",2013-05-01,-7926,TRUE
"DIS_TICARET",2013-06-01,-7222,TRUE
"DIS_TICARET",2013-07-01,-8781,TRUE
"DIS_TICARET",2013-08-01,-5994,TRUE
"DIS_TICARET",2013-09-01,-6130,TRUE
"DIS_TICARET",2013-10-01,-6185,TRUE
"DIS_TICARET",2013-11-01,-5278,TRUE
"DIS_TICARET",2013-12-01,-8211,TRUE
"DIS_TICARET",2014-01-01,-5585,TRUE
"DIS_TICARET",2014-02-01,-3728,TRUE
"DIS_TICARET",2014-03-01,-4209,TRUE
"DIS_TICARET",2014-04-01,-5817,TRUE
"DIS_TICARET",2014-05-01,-5548,TRUE
"DIS_TICARET",2014-06-01,-6589,TRUE
"DIS_TICARET",2014-07-01,-5159,TRUE
"DIS_TICARET",2014-08-01,-6447,TRUE
"DIS_TICARET",2014-09-01,-5402,TRUE
"DIS_TICARET",2014-10-01,-5029,TRUE
"DIS_TICARET",2014-11-01,-6457,TRUE
"DIS_TICARET",2014-12-01,-6604,TRUE
"DIS_TICARET",2015-01-01,-3119,TRUE
"DIS_TICARET",2015-02-01,-3901,TRUE
"DIS_TICARET",2015-03-01,-5117,TRUE
"DIS_TICARET",2015-04-01,-3605,TRUE
"DIS_TICARET",2015-05-01,-5472,TRUE
"DIS_TICARET",2015-06-01,-4866,TRUE
"DIS_TICARET",2015-07-01,-6001,TRUE
"DIS_TICARET",2015-08-01,-3664,TRUE
"DIS_TICARET",2015-09-01,-2739,TRUE
"DIS_TICARET",2015-10-01,-2430,TRUE
"DIS_TICARET",2015-11-01,-2940,TRUE
"DIS_TICARET",2015-12-01,-5153,TRUE
"DIS_TICARET",2016-01-01,-2752,TRUE
"DIS_TICARET",2016-02-01,-2131,TRUE
"DIS_TICARET",2016-03-01,-3671,TRUE
"DIS_TICARET",2016-04-01,-2821,TRUE
"DIS_TICARET",2016-05-01,-3924,TRUE
"DIS_TICARET",2016-06-01,-5185,TRUE
"DIS_TICARET",2016-07-01,-3889,TRUE
"DIS_TICARET",2016-08-01,-3386,TRUE
"DIS_TICARET",2016-09-01,-3198,TRUE
"DIS_TICARET",2016-10-01,-2398,TRUE
"DIS_TICARET",2016-11-01,-2530,TRUE
"DIS_TICARET",2016-12-01,-4038,TRUE
"DIS_TICARET",2017-01-01,-3235,TRUE
"DIS_TICARET",2017-02-01,-2520,TRUE
"DIS_TICARET",2017-03-01,-2948,TRUE
"DIS_TICARET",2017-04-01,-3330,TRUE
"DIS_TICARET",2017-05-01,-5807,TRUE
"DIS_TICARET",2017-06-01,-4684,TRUE
"DIS_TICARET",2017-07-01,-7353,TRUE
"DIS_TICARET",2017-08-01,-4209,TRUE
"DIS_TICARET",2017-09-01,-7080,TRUE
"DIS_TICARET",2017-10-01,-5479,TRUE
"DIS_TICARET",2017-11-01,-4652,TRUE
"DIS_TICARET",2017-12-01,-7278,TRUE
"DIS_TICARET",2018-01-01,-7802,TRUE
"DIS_TICARET",2018-02-01,-4902,TRUE
"DIS_TICARET",2018-03-01,-4622,TRUE
"DIS_TICARET",2018-04-01,-5376,TRUE
"DIS_TICARET",2018-05-01,-6654,TRUE
"DIS_TICARET",2018-06-01,-4671,TRUE
"DIS_TICARET",2018-07-01,-5118,TRUE
"DIS_TICARET",2018-08-01,-1725,TRUE
"DIS_TICARET",2018-09-01,-742,TRUE
"DIS_TICARET",2018-10-01,1116,TRUE
"DIS_TICARET",2018-11-01,1022,TRUE
"DIS_TICARET",2018-12-01,-1257,TRUE
"DIS_TICARET",2019-01-01,-1260,TRUE
"DIS_TICARET",2019-02-01,-737,TRUE
"DIS_TICARET",2019-03-01,-750,TRUE
"DIS_TICARET",2019-04-01,-1546,TRUE
"DIS_TICARET",2019-05-01,-354,TRUE
"DIS_TICARET",2019-06-01,-2388,TRUE
"DIS_TICARET",2019-07-01,-2291,TRUE
"DIS_TICARET",2019-08-01,-1404,TRUE
"DIS_TICARET",2019-09-01,-674,TRUE
"DIS_TICARET",2019-10-01,-754,TRUE
"DIS_TICARET",2019-11-01,-948,TRUE
"DIS_TICARET",2019-12-01,-3676,TRUE
"DIS_TICARET",2020-01-01,-3318,TRUE
"DIS_TICARET",2020-02-01,-1943,TRUE
"DIS_TICARET",2020-03-01,-4355,TRUE
"DIS_TICARET",2020-04-01,-3845,TRUE
"DIS_TICARET",2020-05-01,-2745,TRUE
"DIS_TICARET",2020-06-01,-2062,TRUE
"DIS_TICARET",2020-07-01,-1963,TRUE
"DIS_TICARET",2020-08-01,-5376,TRUE
"DIS_TICARET",2020-09-01,-3753,TRUE
"DIS_TICARET",2020-10-01,-1291,TRUE
"DIS_TICARET",2020-11-01,-3860,TRUE
"DIS_TICARET",2020-12-01,-3365,TRUE
"DIS_TICARET",2021-01-01,-1906,TRUE
"DIS_TICARET",2021-02-01,-2103,TRUE
"DIS_TICARET",2021-03-01,-2989,TRUE
"DIS_TICARET",2021-04-01,-1745,TRUE
"DIS_TICARET",2021-05-01,-3056,TRUE
"DIS_TICARET",2021-06-01,-1635,TRUE
"DIS_TICARET",2021-07-01,-3148,TRUE
"DIS_TICARET",2021-08-01,-2885,TRUE
"DIS_TICARET",2021-09-01,-1126,TRUE
"DIS_TICARET",2021-10-01,-50,TRUE
"DIS_TICARET",2021-11-01,-3630,TRUE
"DIS_TICARET",2021-12-01,-5046,TRUE
"DIS_TICARET",2022-01-01,-8552,TRUE
"DIS_TICARET",2022-02-01,-6296,TRUE
"DIS_TICARET",2022-03-01,-6476,TRUE
"DIS_TICARET",2022-04-01,-4344,TRUE
"DIS_TICARET",2022-05-01,-8829,TRUE
"DIS_TICARET",2022-06-01,-6436,TRUE
"DIS_TICARET",2022-07-01,-9264,TRUE
"DIS_TICARET",2022-08-01,-9656,TRUE
"DIS_TICARET",2022-09-01,-8035,TRUE
"DIS_TICARET",2022-10-01,-6449,TRUE
"DIS_TICARET",2022-11-01,-7173,TRUE
"DIS_TICARET",2022-12-01,-8075,TRUE
"DIS_TICARET",2023-01-01,-12581,TRUE
"DIS_TICARET",2023-02-01,-10513,TRUE
"DIS_TICARET",2023-03-01,-6331,TRUE
"DIS_TICARET",2023-04-01,-7058,TRUE
"DIS_TICARET",2023-05-01,-10455,TRUE
"DIS_TICARET",2023-06-01,-3770,TRUE
"DIS_TICARET",2023-07-01,-10737,TRUE
"DIS_TICARET",2023-08-01,-7141,TRUE
"DIS_TICARET",2023-09-01,-3693,TRUE
"DIS_TICARET",2023-10-01,-4984,TRUE
"DIS_TICARET",2023-11-01,-4476,TRUE
"DIS_TICARET",2023-12-01,-4540,TRUE
"DIS_TICARET",2024-01-01,-4332,TRUE
"DIS_TICARET",2024-02-01,-4682,TRUE
"DIS_TICARET",2024-03-01,-5011,TRUE
"DIS_TICARET",2024-04-01,-7666,TRUE
"DIS_TICARET",2024-05-01,-4153,TRUE
"DIS_TICARET",2024-06-01,-4109,TRUE
"DIS_TICARET",2024-07-01,-5063,TRUE
"DIS_TICARET",2024-08-01,-2886,TRUE
"DIS_TICARET",2024-09-01,-3108,TRUE
"DIS_TICARET",2024-10-01,-3504,TRUE
"DIS_TICARET",2024-11-01,-5242,TRUE
"DIS_TICARET",2024-12-01,-6231,TRUE
"DIS_TICARET",2025-01-01,-5499,TRUE
"DIS_TICARET",2025-02-01,-5435,TRUE
"DIS_TICARET",2025-03-01,-4800,TRUE
"DIS_TICARET",2025-04-01,-9850,TRUE
"DIS_TICARET",2025-05-01,-4726,TRUE
"DIS_TICARET",2025-06-01,-6471,TRUE
"DIS_TICARET",2025-07-01,-4561,TRUE
"DIS_TICARET",2025-08-01,-2773,TRUE
"DIS_TICARET",2025-09-01,-5333,TRUE
"DIS_TICARET",2025-10-01,-5884,TRUE
"DIS_TICARET",2025-11-01,-6351,TRUE
"DIS_TICARET",2025-12-01,-7460,TRUE
"DIS_TICARET",2026-01-01,-6885,TRUE
"DIS_TICARET",2026-02-01,-7511,TRUE
"DIS_TICARET",2026-03-01,-9472,TRUE
"DIS_TICARET",2026-04-01,-6900,TRUE
"DIS_TICARET",2026-05-01,-4452,TRUE
"DIS_TICARET",2026-06-01,-8566,TRUE
"DIS_TICARET",2026-07-01,-5579,TRUE
"SANAYI_URETIM",2000-01-01,27.12,TRUE
"SANAYI_URETIM",2000-02-01,29.69,TRUE
"SANAYI_URETIM",2000-03-01,29.66,TRUE
"SANAYI_URETIM",2000-04-01,31.58,TRUE
"SANAYI_URETIM",2000-05-01,33.78,TRUE
"SANAYI_URETIM",2000-06-01,34.09,TRUE
"SANAYI_URETIM",2000-07-01,33.53,TRUE
"SANAYI_URETIM",2000-08-01,34.28,TRUE
"SANAYI_URETIM",2000-09-01,34.75,TRUE
"SANAYI_URETIM",2000-10-01,35.44,TRUE
"SANAYI_URETIM",2000-11-01,35.57,TRUE
"SANAYI_URETIM",2000-12-01,30.45,TRUE
"SANAYI_URETIM",2001-01-01,29.47,TRUE
"SANAYI_URETIM",2001-02-01,28.53,TRUE
"SANAYI_URETIM",2001-03-01,27.68,TRUE
"SANAYI_URETIM",2001-04-01,28.09,TRUE
"SANAYI_URETIM",2001-05-01,30.17,TRUE
"SANAYI_URETIM",2001-06-01,30.2,TRUE
"SANAYI_URETIM",2001-07-01,30.04,TRUE
"SANAYI_URETIM",2001-08-01,30.79,TRUE
"SANAYI_URETIM",2001-09-01,31.74,TRUE
"SANAYI_URETIM",2001-10-01,30.7,TRUE
"SANAYI_URETIM",2001-11-01,30.54,TRUE
"SANAYI_URETIM",2001-12-01,28.09,TRUE
"SANAYI_URETIM",2002-01-01,28.66,TRUE
"SANAYI_URETIM",2002-02-01,26.96,TRUE
"SANAYI_URETIM",2002-03-01,32.81,TRUE
"SANAYI_URETIM",2002-04-01,32.52,TRUE
"SANAYI_URETIM",2002-05-01,33.81,TRUE
"SANAYI_URETIM",2002-06-01,32.65,TRUE
"SANAYI_URETIM",2002-07-01,33.65,TRUE
"SANAYI_URETIM",2002-08-01,32.87,TRUE
"SANAYI_URETIM",2002-09-01,35.1,TRUE
"SANAYI_URETIM",2002-10-01,34.82,TRUE
"SANAYI_URETIM",2002-11-01,33.5,TRUE
"SANAYI_URETIM",2002-12-01,32.33,TRUE
"SANAYI_URETIM",2003-01-01,33.5,TRUE
"SANAYI_URETIM",2003-02-01,28.06,TRUE
"SANAYI_URETIM",2003-03-01,35.1,TRUE
"SANAYI_URETIM",2003-04-01,33.15,TRUE
"SANAYI_URETIM",2003-05-01,34.82,TRUE
"SANAYI_URETIM",2003-06-01,35.54,TRUE
"SANAYI_URETIM",2003-07-01,37.08,TRUE
"SANAYI_URETIM",2003-08-01,36.04,TRUE
"SANAYI_URETIM",2003-09-01,39.03,TRUE
"SANAYI_URETIM",2003-10-01,38.49,TRUE
"SANAYI_URETIM",2003-11-01,34.13,TRUE
"SANAYI_URETIM",2003-12-01,38.81,TRUE
"SANAYI_URETIM",2004-01-01,35.26,TRUE
"SANAYI_URETIM",2004-02-01,32.18,TRUE
"SANAYI_URETIM",2004-03-01,39.47,TRUE
"SANAYI_URETIM",2004-04-01,38.4,TRUE
"SANAYI_URETIM",2004-05-01,40.72,TRUE
"SANAYI_URETIM",2004-06-01,41.16,TRUE
"SANAYI_URETIM",2004-07-01,41.6,TRUE
"SANAYI_URETIM",2004-08-01,38.96,TRUE
"SANAYI_URETIM",2004-09-01,41.1,TRUE
"SANAYI_URETIM",2004-10-01,38.81,TRUE
"SANAYI_URETIM",2004-11-01,37.11,TRUE
"SANAYI_URETIM",2004-12-01,40.41,TRUE
"SANAYI_URETIM",2005-01-01,37.02,TRUE
"SANAYI_URETIM",2005-02-01,38.01,TRUE
"SANAYI_URETIM",2005-03-01,43.55,TRUE
"SANAYI_URETIM",2005-04-01,42,TRUE
"SANAYI_URETIM",2005-05-01,43.81,TRUE
"SANAYI_URETIM",2005-06-01,45.24,TRUE
"SANAYI_URETIM",2005-07-01,44.19,TRUE
"SANAYI_URETIM",2005-08-01,44.15,TRUE
"SANAYI_URETIM",2005-09-01,48.19,TRUE
"SANAYI_URETIM",2005-10-01,49.27,TRUE
"SANAYI_URETIM",2005-11-01,45.12,TRUE
"SANAYI_URETIM",2005-12-01,49.97,TRUE
"SANAYI_URETIM",2006-01-01,37.44,TRUE
"SANAYI_URETIM",2006-02-01,41.39,TRUE
"SANAYI_URETIM",2006-03-01,48.89,TRUE
"SANAYI_URETIM",2006-04-01,46.35,TRUE
"SANAYI_URETIM",2006-05-01,49.31,TRUE
"SANAYI_URETIM",2006-06-01,50.07,TRUE
"SANAYI_URETIM",2006-07-01,48.33,TRUE
"SANAYI_URETIM",2006-08-01,47.03,TRUE
"SANAYI_URETIM",2006-09-01,50.39,TRUE
"SANAYI_URETIM",2006-10-01,47.35,TRUE
"SANAYI_URETIM",2006-11-01,51.58,TRUE
"SANAYI_URETIM",2006-12-01,51.22,TRUE
"SANAYI_URETIM",2007-01-01,44.63,TRUE
"SANAYI_URETIM",2007-02-01,45.09,TRUE
"SANAYI_URETIM",2007-03-01,51.9,TRUE
"SANAYI_URETIM",2007-04-01,49.12,TRUE
"SANAYI_URETIM",2007-05-01,52.97,TRUE
"SANAYI_URETIM",2007-06-01,52.45,TRUE
"SANAYI_URETIM",2007-07-01,51.28,TRUE
"SANAYI_URETIM",2007-08-01,50.77,TRUE
"SANAYI_URETIM",2007-09-01,52.55,TRUE
"SANAYI_URETIM",2007-10-01,52.17,TRUE
"SANAYI_URETIM",2007-11-01,55.85,TRUE
"SANAYI_URETIM",2007-12-01,50.42,TRUE
"SANAYI_URETIM",2008-01-01,49.65,TRUE
"SANAYI_URETIM",2008-02-01,49.21,TRUE
"SANAYI_URETIM",2008-03-01,53.73,TRUE
"SANAYI_URETIM",2008-04-01,52.81,TRUE
"SANAYI_URETIM",2008-05-01,54.56,TRUE
"SANAYI_URETIM",2008-06-01,53.67,TRUE
"SANAYI_URETIM",2008-07-01,53.53,TRUE
"SANAYI_URETIM",2008-08-01,49.04,TRUE
"SANAYI_URETIM",2008-09-01,50.46,TRUE
"SANAYI_URETIM",2008-10-01,48.86,TRUE
"SANAYI_URETIM",2008-11-01,48.65,TRUE
"SANAYI_URETIM",2008-12-01,41.64,TRUE
"SANAYI_URETIM",2009-01-01,38.95,TRUE
"SANAYI_URETIM",2009-02-01,37.41,TRUE
"SANAYI_URETIM",2009-03-01,42.19,TRUE
"SANAYI_URETIM",2009-04-01,42.86,TRUE
"SANAYI_URETIM",2009-05-01,45.23,TRUE
"SANAYI_URETIM",2009-06-01,48.35,TRUE
"SANAYI_URETIM",2009-07-01,48.79,TRUE
"SANAYI_URETIM",2009-08-01,45.86,TRUE
"SANAYI_URETIM",2009-09-01,45.6,TRUE
"SANAYI_URETIM",2009-10-01,51.89,TRUE
"SANAYI_URETIM",2009-11-01,47.2,TRUE
"SANAYI_URETIM",2009-12-01,51.6,TRUE
"SANAYI_URETIM",2010-01-01,42.15,TRUE
"SANAYI_URETIM",2010-02-01,42.65,TRUE
"SANAYI_URETIM",2010-03-01,50.49,TRUE
"SANAYI_URETIM",2010-04-01,49.03,TRUE
"SANAYI_URETIM",2010-05-01,51.21,TRUE
"SANAYI_URETIM",2010-06-01,53.52,TRUE
"SANAYI_URETIM",2010-07-01,53.91,TRUE
"SANAYI_URETIM",2010-08-01,51.94,TRUE
"SANAYI_URETIM",2010-09-01,50.21,TRUE
"SANAYI_URETIM",2010-10-01,57.33,TRUE
"SANAYI_URETIM",2010-11-01,51.93,TRUE
"SANAYI_URETIM",2010-12-01,63.12,TRUE
"SANAYI_URETIM",2011-01-01,52.45,TRUE
"SANAYI_URETIM",2011-02-01,50.83,TRUE
"SANAYI_URETIM",2011-03-01,58.61,TRUE
"SANAYI_URETIM",2011-04-01,56.38,TRUE
"SANAYI_URETIM",2011-05-01,58.99,TRUE
"SANAYI_URETIM",2011-06-01,61.53,TRUE
"SANAYI_URETIM",2011-07-01,60.72,TRUE
"SANAYI_URETIM",2011-08-01,58.5,TRUE
"SANAYI_URETIM",2011-09-01,60,TRUE
"SANAYI_URETIM",2011-10-01,66.64,TRUE
"SANAYI_URETIM",2011-11-01,59.43,TRUE
"SANAYI_URETIM",2011-12-01,68.29,TRUE
"SANAYI_URETIM",2012-01-01,55.6,TRUE
"SANAYI_URETIM",2012-02-01,54.43,TRUE
"SANAYI_URETIM",2012-03-01,62.12,TRUE
"SANAYI_URETIM",2012-04-01,59.55,TRUE
"SANAYI_URETIM",2012-05-01,64.38,TRUE
"SANAYI_URETIM",2012-06-01,63.88,TRUE
"SANAYI_URETIM",2012-07-01,63.35,TRUE
"SANAYI_URETIM",2012-08-01,56.69,TRUE
"SANAYI_URETIM",2012-09-01,64.59,TRUE
"SANAYI_URETIM",2012-10-01,62.92,TRUE
"SANAYI_URETIM",2012-11-01,67.76,TRUE
"SANAYI_URETIM",2012-12-01,67.98,TRUE
"SANAYI_URETIM",2013-01-01,57.97,TRUE
"SANAYI_URETIM",2013-02-01,57.13,TRUE
"SANAYI_URETIM",2013-03-01,63.73,TRUE
"SANAYI_URETIM",2013-04-01,64.57,TRUE
"SANAYI_URETIM",2013-05-01,68.13,TRUE
"SANAYI_URETIM",2013-06-01,67.64,TRUE
"SANAYI_URETIM",2013-07-01,69.48,TRUE
"SANAYI_URETIM",2013-08-01,57.54,TRUE
"SANAYI_URETIM",2013-09-01,71.42,TRUE
"SANAYI_URETIM",2013-10-01,65.06,TRUE
"SANAYI_URETIM",2013-11-01,74.44,TRUE
"SANAYI_URETIM",2013-12-01,74.84,TRUE
"SANAYI_URETIM",2014-01-01,64.92,TRUE
"SANAYI_URETIM",2014-02-01,61.82,TRUE
"SANAYI_URETIM",2014-03-01,69.63,TRUE
"SANAYI_URETIM",2014-04-01,68.88,TRUE
"SANAYI_URETIM",2014-05-01,69.9,TRUE
"SANAYI_URETIM",2014-06-01,70.98,TRUE
"SANAYI_URETIM",2014-07-01,67.22,TRUE
"SANAYI_URETIM",2014-08-01,66.25,TRUE
"SANAYI_URETIM",2014-09-01,75.86,TRUE
"SANAYI_URETIM",2014-10-01,68.51,TRUE
"SANAYI_URETIM",2014-11-01,74.23,TRUE
"SANAYI_URETIM",2014-12-01,80.46,TRUE
"SANAYI_URETIM",2015-01-01,64.32,TRUE
"SANAYI_URETIM",2015-02-01,62.43,TRUE
"SANAYI_URETIM",2015-03-01,73.91,TRUE
"SANAYI_URETIM",2015-04-01,73.61,TRUE
"SANAYI_URETIM",2015-05-01,73.29,TRUE
"SANAYI_URETIM",2015-06-01,77.5,TRUE
"SANAYI_URETIM",2015-07-01,70.51,TRUE
"SANAYI_URETIM",2015-08-01,75.32,TRUE
"SANAYI_URETIM",2015-09-01,71.98,TRUE
"SANAYI_URETIM",2015-10-01,80.6,TRUE
"SANAYI_URETIM",2015-11-01,79.71,TRUE
"SANAYI_URETIM",2015-12-01,86.71,TRUE
"SANAYI_URETIM",2016-01-01,67.73,TRUE
"SANAYI_URETIM",2016-02-01,71.05,TRUE
"SANAYI_URETIM",2016-03-01,78.91,TRUE
"SANAYI_URETIM",2016-04-01,76.15,TRUE
"SANAYI_URETIM",2016-05-01,79.43,TRUE
"SANAYI_URETIM",2016-06-01,79.62,TRUE
"SANAYI_URETIM",2016-07-01,64.44,TRUE
"SANAYI_URETIM",2016-08-01,78.23,TRUE
"SANAYI_URETIM",2016-09-01,69.31,TRUE
"SANAYI_URETIM",2016-10-01,83.81,TRUE
"SANAYI_URETIM",2016-11-01,84.33,TRUE
"SANAYI_URETIM",2016-12-01,87.19,TRUE
"SANAYI_URETIM",2017-01-01,71.98,TRUE
"SANAYI_URETIM",2017-02-01,71.37,TRUE
"SANAYI_URETIM",2017-03-01,83.96,TRUE
"SANAYI_URETIM",2017-04-01,81.69,TRUE
"SANAYI_URETIM",2017-05-01,84.32,TRUE
"SANAYI_URETIM",2017-06-01,77.94,TRUE
"SANAYI_URETIM",2017-07-01,83.41,TRUE
"SANAYI_URETIM",2017-08-01,84.31,TRUE
"SANAYI_URETIM",2017-09-01,81.99,TRUE
"SANAYI_URETIM",2017-10-01,93.34,TRUE
"SANAYI_URETIM",2017-11-01,92.66,TRUE
"SANAYI_URETIM",2017-12-01,96.53,TRUE
"SANAYI_URETIM",2018-01-01,80.95,TRUE
"SANAYI_URETIM",2018-02-01,78.11,TRUE
"SANAYI_URETIM",2018-03-01,89.47,TRUE
"SANAYI_URETIM",2018-04-01,85.21,TRUE
"SANAYI_URETIM",2018-05-01,89.79,TRUE
"SANAYI_URETIM",2018-06-01,79.47,TRUE
"SANAYI_URETIM",2018-07-01,89.63,TRUE
"SANAYI_URETIM",2018-08-01,74.78,TRUE
"SANAYI_URETIM",2018-09-01,85.13,TRUE
"SANAYI_URETIM",2018-10-01,88.85,TRUE
"SANAYI_URETIM",2018-11-01,86.17,TRUE
"SANAYI_URETIM",2018-12-01,86.92,TRUE
"SANAYI_URETIM",2019-01-01,74.88,TRUE
"SANAYI_URETIM",2019-02-01,74.23,TRUE
"SANAYI_URETIM",2019-03-01,85.37,TRUE
"SANAYI_URETIM",2019-04-01,84.22,TRUE
"SANAYI_URETIM",2019-05-01,89.7,TRUE
"SANAYI_URETIM",2019-06-01,71.91,TRUE
"SANAYI_URETIM",2019-07-01,89.28,TRUE
"SANAYI_URETIM",2019-08-01,73.5,TRUE
"SANAYI_URETIM",2019-09-01,88.65,TRUE
"SANAYI_URETIM",2019-10-01,91.32,TRUE
"SANAYI_URETIM",2019-11-01,89.74,TRUE
"SANAYI_URETIM",2019-12-01,95.57,TRUE
"SANAYI_URETIM",2020-01-01,80.6,TRUE
"SANAYI_URETIM",2020-02-01,82.58,TRUE
"SANAYI_URETIM",2020-03-01,84.58,TRUE
"SANAYI_URETIM",2020-04-01,58,TRUE
"SANAYI_URETIM",2020-05-01,62.36,TRUE
"SANAYI_URETIM",2020-06-01,84.61,TRUE
"SANAYI_URETIM",2020-07-01,88.7,TRUE
"SANAYI_URETIM",2020-08-01,85.39,TRUE
"SANAYI_URETIM",2020-09-01,98.68,TRUE
"SANAYI_URETIM",2020-10-01,100.08,TRUE
"SANAYI_URETIM",2020-11-01,97.5,TRUE
"SANAYI_URETIM",2020-12-01,107.3,TRUE
"SANAYI_URETIM",2021-01-01,87.34,TRUE
"SANAYI_URETIM",2021-02-01,87.51,TRUE
"SANAYI_URETIM",2021-03-01,101.86,TRUE
"SANAYI_URETIM",2021-04-01,96.19,TRUE
"SANAYI_URETIM",2021-05-01,88.15,TRUE
"SANAYI_URETIM",2021-06-01,104.68,TRUE
"SANAYI_URETIM",2021-07-01,87.34,TRUE
"SANAYI_URETIM",2021-08-01,101.7,TRUE
"SANAYI_URETIM",2021-09-01,107.18,TRUE
"SANAYI_URETIM",2021-10-01,105.51,TRUE
"SANAYI_URETIM",2021-11-01,111.36,TRUE
"SANAYI_URETIM",2021-12-01,121.18,TRUE
"SANAYI_URETIM",2022-01-01,93.04,TRUE
"SANAYI_URETIM",2022-02-01,98.22,TRUE
"SANAYI_URETIM",2022-03-01,110.03,TRUE
"SANAYI_URETIM",2022-04-01,105.06,TRUE
"SANAYI_URETIM",2022-05-01,98.03,TRUE
"SANAYI_URETIM",2022-06-01,113.06,TRUE
"SANAYI_URETIM",2022-07-01,89.46,TRUE
"SANAYI_URETIM",2022-08-01,105.67,TRUE
"SANAYI_URETIM",2022-09-01,107.3,TRUE
"SANAYI_URETIM",2022-10-01,108.46,TRUE
"SANAYI_URETIM",2022-11-01,109.54,TRUE
"SANAYI_URETIM",2022-12-01,122.21,TRUE
"SANAYI_URETIM",2023-01-01,99.32,TRUE
"SANAYI_URETIM",2023-02-01,89.63,TRUE
"SANAYI_URETIM",2023-03-01,110.36,TRUE
"SANAYI_URETIM",2023-04-01,94.66,TRUE
"SANAYI_URETIM",2023-05-01,109.31,TRUE
"SANAYI_URETIM",2023-06-01,101.41,TRUE
"SANAYI_URETIM",2023-07-01,106.97,TRUE
"SANAYI_URETIM",2023-08-01,109.3,TRUE
"SANAYI_URETIM",2023-09-01,111.8,TRUE
"SANAYI_URETIM",2023-10-01,114.58,TRUE
"SANAYI_URETIM",2023-11-01,111.49,TRUE
"SANAYI_URETIM",2023-12-01,121.51,TRUE
"SANAYI_URETIM",2024-01-01,100.98,TRUE
"SANAYI_URETIM",2024-02-01,103.08,TRUE
"SANAYI_URETIM",2024-03-01,110.99,TRUE
"SANAYI_URETIM",2024-04-01,91.06,TRUE
"SANAYI_URETIM",2024-05-01,112.16,TRUE
"SANAYI_URETIM",2024-06-01,92.7,TRUE
"SANAYI_URETIM",2024-07-01,108.79,TRUE
"SANAYI_URETIM",2024-08-01,103.09,TRUE
"SANAYI_URETIM",2024-09-01,107.09,TRUE
"SANAYI_URETIM",2024-10-01,111.43,TRUE
"SANAYI_URETIM",2024-11-01,112.57,TRUE
"SANAYI_URETIM",2024-12-01,131.23,TRUE
"SANAYI_URETIM",2025-01-01,102.18,TRUE
"SANAYI_URETIM",2025-02-01,97.65,TRUE
"SANAYI_URETIM",2025-03-01,107.89,TRUE
"SANAYI_URETIM",2025-04-01,102.12,TRUE
"SANAYI_URETIM",2025-05-01,113.84,TRUE
"SANAYI_URETIM",2025-06-01,101.06,TRUE
"SANAYI_URETIM",2025-07-01,114.14,TRUE
"SANAYI_URETIM",2025-08-01,107.88,TRUE
"SANAYI_URETIM",2025-09-01,113.68,TRUE
"SANAYI_URETIM",2025-10-01,113.85,TRUE
"SANAYI_URETIM",2025-11-01,111.81,TRUE
"SANAYI_URETIM",2025-12-01,132.24,TRUE
"SANAYI_URETIM",2026-01-01,99.46,TRUE
"SANAYI_URETIM",2026-02-01,99.81,TRUE
"SANAYI_URETIM",2026-03-01,104.22,TRUE
"SANAYI_URETIM",2026-04-01,112.12,TRUE
"SANAYI_URETIM",2026-05-01,95.15,TRUE
"SANAYI_URETIM",2026-06-01,115.72,TRUE
"SANAYI_URETIM",2026-07-01,113.81,TRUE
"TUKETICI_GUVEN",2012-01-01,92.49930501,TRUE
"TUKETICI_GUVEN",2012-02-01,93.80051724,TRUE
"TUKETICI_GUVEN",2012-03-01,93.18602026,TRUE
"TUKETICI_GUVEN",2012-04-01,88.70760776,TRUE
"TUKETICI_GUVEN",2012-05-01,91.93473688,TRUE
"TUKETICI_GUVEN",2012-06-01,91.41701782,TRUE
"TUKETICI_GUVEN",2012-07-01,92.49644026,TRUE
"TUKETICI_GUVEN",2012-08-01,90.28247728,TRUE
"TUKETICI_GUVEN",2012-09-01,89.01882956,TRUE
"TUKETICI_GUVEN",2012-10-01,84.86560036,TRUE
"TUKETICI_GUVEN",2012-11-01,89.88361965,TRUE
"TUKETICI_GUVEN",2012-12-01,89.06822063,TRUE
"TUKETICI_GUVEN",2013-01-01,91.51709657,TRUE
"TUKETICI_GUVEN",2013-02-01,91.75975,TRUE
"TUKETICI_GUVEN",2013-03-01,92.0565,TRUE
"TUKETICI_GUVEN",2013-04-01,92.70698787,TRUE
"TUKETICI_GUVEN",2013-05-01,95.526,TRUE
"TUKETICI_GUVEN",2013-06-01,94.69725,TRUE
"TUKETICI_GUVEN",2013-07-01,96.538,TRUE
"TUKETICI_GUVEN",2013-08-01,95.28775,TRUE
"TUKETICI_GUVEN",2013-09-01,91.4275,TRUE
"TUKETICI_GUVEN",2013-10-01,93.339,TRUE
"TUKETICI_GUVEN",2013-11-01,96.7755,TRUE
"TUKETICI_GUVEN",2013-12-01,94.15975,TRUE
"TUKETICI_GUVEN",2014-01-01,91.53852611,TRUE
"TUKETICI_GUVEN",2014-02-01,89.21453175,TRUE
"TUKETICI_GUVEN",2014-03-01,92.42525093,TRUE
"TUKETICI_GUVEN",2014-04-01,97.36987315,TRUE
"TUKETICI_GUVEN",2014-05-01,95.11074805,TRUE
"TUKETICI_GUVEN",2014-06-01,93.49903306,TRUE
"TUKETICI_GUVEN",2014-07-01,93.72541877,TRUE
"TUKETICI_GUVEN",2014-08-01,93.6484471,TRUE
"TUKETICI_GUVEN",2014-09-01,94.01860978,TRUE
"TUKETICI_GUVEN",2014-10-01,91.42706088,TRUE
"TUKETICI_GUVEN",2014-11-01,90.87378969,TRUE
"TUKETICI_GUVEN",2014-12-01,90.15420247,TRUE
"TUKETICI_GUVEN",2015-01-01,89.34781946,TRUE
"TUKETICI_GUVEN",2015-02-01,88.79512567,TRUE
"TUKETICI_GUVEN",2015-03-01,86.48973828,TRUE
"TUKETICI_GUVEN",2015-04-01,87.4218562,TRUE
"TUKETICI_GUVEN",2015-05-01,86.79943005,TRUE
"TUKETICI_GUVEN",2015-06-01,89.62664021,TRUE
"TUKETICI_GUVEN",2015-07-01,88.23777123,TRUE
"TUKETICI_GUVEN",2015-08-01,85.19583541,TRUE
"TUKETICI_GUVEN",2015-09-01,82.15391598,TRUE
"TUKETICI_GUVEN",2015-10-01,86.03619339,TRUE
"TUKETICI_GUVEN",2015-11-01,95.15385967,TRUE
"TUKETICI_GUVEN",2015-12-01,93.34194317,TRUE
"TUKETICI_GUVEN",2016-01-01,91.94618912,TRUE
"TUKETICI_GUVEN",2016-02-01,89.68277974,TRUE
"TUKETICI_GUVEN",2016-03-01,89.86856283,TRUE
"TUKETICI_GUVEN",2016-04-01,91.24925912,TRUE
"TUKETICI_GUVEN",2016-05-01,91.69577383,TRUE
"TUKETICI_GUVEN",2016-06-01,92.00708656,TRUE
"TUKETICI_GUVEN",2016-07-01,89.65780433,TRUE
"TUKETICI_GUVEN",2016-08-01,95.16622045,TRUE
"TUKETICI_GUVEN",2016-09-01,94.77673501,TRUE
"TUKETICI_GUVEN",2016-10-01,95.02017291,TRUE
"TUKETICI_GUVEN",2016-11-01,91.40910273,TRUE
"TUKETICI_GUVEN",2016-12-01,87.00704722,TRUE
"TUKETICI_GUVEN",2017-01-01,88.38577383,TRUE
"TUKETICI_GUVEN",2017-02-01,87.63446247,TRUE
"TUKETICI_GUVEN",2017-03-01,89.89268569,TRUE
"TUKETICI_GUVEN",2017-04-01,91.95329234,TRUE
"TUKETICI_GUVEN",2017-05-01,94.22008486,TRUE
"TUKETICI_GUVEN",2017-06-01,92.67384966,TRUE
"TUKETICI_GUVEN",2017-07-01,93.21031619,TRUE
"TUKETICI_GUVEN",2017-08-01,93.49159227,TRUE
"TUKETICI_GUVEN",2017-09-01,92.00099804,TRUE
"TUKETICI_GUVEN",2017-10-01,89.59682333,TRUE
"TUKETICI_GUVEN",2017-11-01,87.35353412,TRUE
"TUKETICI_GUVEN",2017-12-01,87.80834831,TRUE
"TUKETICI_GUVEN",2018-01-01,92.38315817,TRUE
"TUKETICI_GUVEN",2018-02-01,92.97420649,TRUE
"TUKETICI_GUVEN",2018-03-01,92.27549812,TRUE
"TUKETICI_GUVEN",2018-04-01,91.65107817,TRUE
"TUKETICI_GUVEN",2018-05-01,90.94874696,TRUE
"TUKETICI_GUVEN",2018-06-01,91.05238239,TRUE
"TUKETICI_GUVEN",2018-07-01,92.92046998,TRUE
"TUKETICI_GUVEN",2018-08-01,88.70138173,TRUE
"TUKETICI_GUVEN",2018-09-01,81.14839561,TRUE
"TUKETICI_GUVEN",2018-10-01,78.41815398,TRUE
"TUKETICI_GUVEN",2018-11-01,80.94738021,TRUE
"TUKETICI_GUVEN",2018-12-01,79.66066557,TRUE
"TUKETICI_GUVEN",2019-01-01,80.11330377,TRUE
"TUKETICI_GUVEN",2019-02-01,78.79038966,TRUE
"TUKETICI_GUVEN",2019-03-01,81.10049382,TRUE
"TUKETICI_GUVEN",2019-04-01,83.61170614,TRUE
"TUKETICI_GUVEN",2019-05-01,77.04567514,TRUE
"TUKETICI_GUVEN",2019-06-01,80.09404011,TRUE
"TUKETICI_GUVEN",2019-07-01,78.93809794,TRUE
"TUKETICI_GUVEN",2019-08-01,79.60414532,TRUE
"TUKETICI_GUVEN",2019-09-01,77.63885503,TRUE
"TUKETICI_GUVEN",2019-10-01,78.17048933,TRUE
"TUKETICI_GUVEN",2019-11-01,81.24018395,TRUE
"TUKETICI_GUVEN",2019-12-01,80.48867194,TRUE
"TUKETICI_GUVEN",2020-01-01,81.11781199,TRUE
"TUKETICI_GUVEN",2020-02-01,79.29114811,TRUE
"TUKETICI_GUVEN",2020-03-01,80.9837989,TRUE
"TUKETICI_GUVEN",2020-04-01,78.17727508,TRUE
"TUKETICI_GUVEN",2020-05-01,82.85047469,TRUE
"TUKETICI_GUVEN",2020-06-01,82.97922262,TRUE
"TUKETICI_GUVEN",2020-07-01,82.82247177,TRUE
"TUKETICI_GUVEN",2020-08-01,79.77182328,TRUE
"TUKETICI_GUVEN",2020-09-01,81.90815673,TRUE
"TUKETICI_GUVEN",2020-10-01,81.54335148,TRUE
"TUKETICI_GUVEN",2020-11-01,79.9841112,TRUE
"TUKETICI_GUVEN",2020-12-01,79.79660143,TRUE
"TUKETICI_GUVEN",2021-01-01,82.86952357,TRUE
"TUKETICI_GUVEN",2021-02-01,84.10742231,TRUE
"TUKETICI_GUVEN",2021-03-01,86.62952308,TRUE
"TUKETICI_GUVEN",2021-04-01,80.25356807,TRUE
"TUKETICI_GUVEN",2021-05-01,77.52774271,TRUE
"TUKETICI_GUVEN",2021-06-01,81.9708423,TRUE
"TUKETICI_GUVEN",2021-07-01,80.09376671,TRUE
"TUKETICI_GUVEN",2021-08-01,78.49322864,TRUE
"TUKETICI_GUVEN",2021-09-01,79.60433638,TRUE
"TUKETICI_GUVEN",2021-10-01,76.46037543,TRUE
"TUKETICI_GUVEN",2021-11-01,70.84798367,TRUE
"TUKETICI_GUVEN",2021-12-01,68.51105049,TRUE
"TUKETICI_GUVEN",2022-01-01,72.74467146,TRUE
"TUKETICI_GUVEN",2022-02-01,70.76649429,TRUE
"TUKETICI_GUVEN",2022-03-01,72.56592991,TRUE
"TUKETICI_GUVEN",2022-04-01,67.28,TRUE
"TUKETICI_GUVEN",2022-05-01,67.76,TRUE
"TUKETICI_GUVEN",2022-06-01,63.41,TRUE
"TUKETICI_GUVEN",2022-07-01,68.51,TRUE
"TUKETICI_GUVEN",2022-08-01,72.73,TRUE
"TUKETICI_GUVEN",2022-09-01,72.87,TRUE
"TUKETICI_GUVEN",2022-10-01,76.25,TRUE
"TUKETICI_GUVEN",2022-11-01,76.58,TRUE
"TUKETICI_GUVEN",2022-12-01,75.38,TRUE
"TUKETICI_GUVEN",2023-01-01,79.1,TRUE
"TUKETICI_GUVEN",2023-02-01,82.5,TRUE
"TUKETICI_GUVEN",2023-03-01,80.13,TRUE
"TUKETICI_GUVEN",2023-04-01,87.52,TRUE
"TUKETICI_GUVEN",2023-05-01,91.06,TRUE
"TUKETICI_GUVEN",2023-06-01,85.13,TRUE
"TUKETICI_GUVEN",2023-07-01,80.07,TRUE
"TUKETICI_GUVEN",2023-08-01,68.01,TRUE
"TUKETICI_GUVEN",2023-09-01,71.47,TRUE
"TUKETICI_GUVEN",2023-10-01,74.62,TRUE
"TUKETICI_GUVEN",2023-11-01,75.47,TRUE
"TUKETICI_GUVEN",2023-12-01,77.42,TRUE
"TUKETICI_GUVEN",2024-01-01,80.42310949,TRUE
"TUKETICI_GUVEN",2024-02-01,79.34287272,TRUE
"TUKETICI_GUVEN",2024-03-01,79.35478993,TRUE
"TUKETICI_GUVEN",2024-04-01,80.46085072,TRUE
"TUKETICI_GUVEN",2024-05-01,80.50803678,TRUE
"TUKETICI_GUVEN",2024-06-01,78.30087847,TRUE
"TUKETICI_GUVEN",2024-07-01,75.87954525,TRUE
"TUKETICI_GUVEN",2024-08-01,76.36547339,TRUE
"TUKETICI_GUVEN",2024-09-01,78.22093197,TRUE
"TUKETICI_GUVEN",2024-10-01,80.55364561,TRUE
"TUKETICI_GUVEN",2024-11-01,79.77236914,TRUE
"TUKETICI_GUVEN",2024-12-01,81.27129334,TRUE
"TUKETICI_GUVEN",2025-01-01,80.96201449,TRUE
"TUKETICI_GUVEN",2025-02-01,82.07125469,TRUE
"TUKETICI_GUVEN",2025-03-01,85.85941588,TRUE
"TUKETICI_GUVEN",2025-04-01,83.86290602,TRUE
"TUKETICI_GUVEN",2025-05-01,84.79218744,TRUE
"TUKETICI_GUVEN",2025-06-01,85.06417614,TRUE
"TUKETICI_GUVEN",2025-07-01,83.51878976,TRUE
"TUKETICI_GUVEN",2025-08-01,84.2505225,TRUE
"TUKETICI_GUVEN",2025-09-01,83.87427161,TRUE
"TUKETICI_GUVEN",2025-10-01,83.62820392,TRUE
"TUKETICI_GUVEN",2025-11-01,84.98021374,TRUE
"TUKETICI_GUVEN",2025-12-01,83.48995007,TRUE
"TUKETICI_GUVEN",2026-01-01,83.72307474,TRUE
"TUKETICI_GUVEN",2026-02-01,85.68983532,TRUE
"TUKETICI_GUVEN",2026-03-01,85.04365043,TRUE
"TUKETICI_GUVEN",2026-04-01,85.50276007,TRUE
"TUKETICI_GUVEN",2026-05-01,85.7554237,TRUE
"TUKETICI_GUVEN",2026-06-01,87.93244877,TRUE
"TUKETICI_GUVEN",2026-07-01,89.82971678,TRUE
"TUKETICI_GUVEN",2026-08-01,90.76532875,TRUE
"CARI_DENGE",2010-01-01,-9.004e+09,TRUE
"CARI_DENGE",2010-04-01,-9.866e+09,TRUE
"CARI_DENGE",2010-07-01,-9.336e+09,TRUE
"CARI_DENGE",2010-10-01,-1.6419e+10,TRUE
"CARI_DENGE",2011-01-01,-2.1181e+10,TRUE
"CARI_DENGE",2011-04-01,-2.2681e+10,TRUE
"CARI_DENGE",2011-07-01,-1.4829e+10,TRUE
"CARI_DENGE",2011-10-01,-1.5712e+10,TRUE
"CARI_DENGE",2012-01-01,-1.6107e+10,TRUE
"CARI_DENGE",2012-04-01,-1.3021e+10,TRUE
"CARI_DENGE",2012-07-01,-3.341e+09,TRUE
"CARI_DENGE",2012-10-01,-9.327e+09,TRUE
"CARI_DENGE",2013-01-01,-1.4706e+10,TRUE
"CARI_DENGE",2013-04-01,-1.5796e+10,TRUE
"CARI_DENGE",2013-07-01,-5.355e+09,TRUE
"CARI_DENGE",2013-10-01,-1.3472e+10,TRUE
"CARI_DENGE",2014-01-01,-1.0262e+10,TRUE
"CARI_DENGE",2014-04-01,-9.573e+09,TRUE
"CARI_DENGE",2014-07-01,-4.82e+08,TRUE
"CARI_DENGE",2014-10-01,-1.1793e+10,TRUE
"CARI_DENGE",2015-01-01,-8.554e+09,TRUE
"CARI_DENGE",2015-04-01,-8.791e+09,TRUE
"CARI_DENGE",2015-07-01,2.36e+09,TRUE
"CARI_DENGE",2015-10-01,-6.369e+09,TRUE
"CARI_DENGE",2016-01-01,-6.613e+09,TRUE
"CARI_DENGE",2016-04-01,-9.158e+09,TRUE
"CARI_DENGE",2016-07-01,-7.75e+08,TRUE
"CARI_DENGE",2016-10-01,-5.621e+09,TRUE
"CARI_DENGE",2017-01-01,-6.992e+09,TRUE
"CARI_DENGE",2017-04-01,-1.0478e+10,TRUE
"CARI_DENGE",2017-07-01,-4.751e+09,TRUE
"CARI_DENGE",2017-10-01,-1.2924e+10,TRUE
"CARI_DENGE",2018-01-01,-1.5422e+10,TRUE
"CARI_DENGE",2018-04-01,-1.2973e+10,TRUE
"CARI_DENGE",2018-07-01,7.412e+09,TRUE
"CARI_DENGE",2018-10-01,6.38e+09,TRUE
"CARI_DENGE",2019-01-01,-3.05e+08,TRUE
"CARI_DENGE",2019-04-01,1.434e+09,TRUE
"CARI_DENGE",2019-07-01,1.2721e+10,TRUE
"CARI_DENGE",2019-10-01,1.164e+09,TRUE
"CARI_DENGE",2020-01-01,-6.69e+09,TRUE
"CARI_DENGE",2020-04-01,-1.1104e+10,TRUE
"CARI_DENGE",2020-07-01,-6.761e+09,TRUE
"CARI_DENGE",2020-10-01,-6.421e+09,TRUE
"CARI_DENGE",2021-01-01,-6.478e+09,TRUE
"CARI_DENGE",2021-04-01,-4.998e+09,TRUE
"CARI_DENGE",2021-07-01,6.758e+09,TRUE
"CARI_DENGE",2021-10-01,-1.503e+09,TRUE
"CARI_DENGE",2022-01-01,-1.7916e+10,TRUE
"CARI_DENGE",2022-04-01,-1.1248e+10,TRUE
"CARI_DENGE",2022-07-01,-6.422e+09,TRUE
"CARI_DENGE",2022-10-01,-1.0697e+10,TRUE
"CARI_DENGE",2023-01-01,-2.3248e+10,TRUE
"CARI_DENGE",2023-04-01,-1.0825e+10,TRUE
"CARI_DENGE",2023-07-01,-1.584e+09,TRUE
"CARI_DENGE",2023-10-01,-4.22e+09,TRUE
"CARI_DENGE",2024-01-01,-9.759e+09,TRUE
"CARI_DENGE",2024-04-01,-4.6e+09,TRUE
"CARI_DENGE",2024-07-01,9.395e+09,TRUE
"CARI_DENGE",2024-10-01,-5.229e+09,TRUE
"CARI_DENGE",2025-01-01,-1.241e+10,TRUE
"CARI_DENGE",2025-04-01,-1.0682e+10,TRUE
"CARI_DENGE",2025-07-01,6.886e+09,TRUE
"CARI_DENGE",2025-10-01,-1.1226e+10,TRUE
"CARI_DENGE",2026-01-01,-2.3633e+10,TRUE
"CARI_DENGE",2026-04-01,-1.0915e+10,TRUE
"BUTCE_DENGESI",2006-01-01,1965374,TRUE
"BUTCE_DENGESI",2006-02-01,-2689921,TRUE
"BUTCE_DENGESI",2006-03-01,-1035119,TRUE
"BUTCE_DENGESI",2006-04-01,-2915022,TRUE
"BUTCE_DENGESI",2006-05-01,4160085,TRUE
"BUTCE_DENGESI",2006-06-01,1648732,TRUE
"BUTCE_DENGESI",2006-07-01,-1918937,TRUE
"BUTCE_DENGESI",2006-08-01,-104564,TRUE
"BUTCE_DENGESI",2006-09-01,-2344214,TRUE
"BUTCE_DENGESI",2006-10-01,-2458155,TRUE
"BUTCE_DENGESI",2006-11-01,3968410,TRUE
"BUTCE_DENGESI",2006-12-01,-4044962,TRUE
"BUTCE_DENGESI",2007-01-01,-5958349,TRUE
"BUTCE_DENGESI",2007-02-01,-2120950,TRUE
"BUTCE_DENGESI",2007-03-01,4564336,TRUE
"BUTCE_DENGESI",2007-04-01,-2208638,TRUE
"BUTCE_DENGESI",2007-05-01,1401059,TRUE
"BUTCE_DENGESI",2007-06-01,-2721748,TRUE
"BUTCE_DENGESI",2007-07-01,-5992886,TRUE
"BUTCE_DENGESI",2007-08-01,3340065,TRUE
"BUTCE_DENGESI",2007-09-01,-3710323,TRUE
"BUTCE_DENGESI",2007-10-01,-219869,TRUE
"BUTCE_DENGESI",2007-11-01,2541107,TRUE
"BUTCE_DENGESI",2007-12-01,-3405009,TRUE
"BUTCE_DENGESI",2008-01-01,-403733,TRUE
"BUTCE_DENGESI",2008-02-01,372099,TRUE
"BUTCE_DENGESI",2008-03-01,-5509037,TRUE
"BUTCE_DENGESI",2008-04-01,-308415,TRUE
"BUTCE_DENGESI",2008-05-01,3739963,TRUE
"BUTCE_DENGESI",2008-06-01,4077502,TRUE
"BUTCE_DENGESI",2008-07-01,-2750866,TRUE
"BUTCE_DENGESI",2008-08-01,5732608,TRUE
"BUTCE_DENGESI",2008-09-01,-9477211,TRUE
"BUTCE_DENGESI",2008-10-01,-289752,TRUE
"BUTCE_DENGESI",2008-11-01,-4515687,TRUE
"BUTCE_DENGESI",2008-12-01,-8539351,TRUE
"BUTCE_DENGESI",2009-01-01,-2872056,TRUE
"BUTCE_DENGESI",2009-02-01,-8505004,TRUE
"BUTCE_DENGESI",2009-03-01,-8944471,TRUE
"BUTCE_DENGESI",2009-04-01,-630888,TRUE
"BUTCE_DENGESI",2009-05-01,-547287,TRUE
"BUTCE_DENGESI",2009-06-01,-1931778,TRUE
"BUTCE_DENGESI",2009-07-01,-7323488,TRUE
"BUTCE_DENGESI",2009-08-01,-842872,TRUE
"BUTCE_DENGESI",2009-09-01,-9016716,TRUE
"BUTCE_DENGESI",2009-10-01,-3191042,TRUE
"BUTCE_DENGESI",2009-11-01,-3222338,TRUE
"BUTCE_DENGESI",2009-12-01,-6085076,TRUE
"BUTCE_DENGESI",2010-01-01,-2835052,TRUE
"BUTCE_DENGESI",2010-02-01,-3489169,TRUE
"BUTCE_DENGESI",2010-03-01,-5985807,TRUE
"BUTCE_DENGESI",2010-04-01,-4709211,TRUE
"BUTCE_DENGESI",2010-05-01,5991466,TRUE
"BUTCE_DENGESI",2010-06-01,-4750922,TRUE
"BUTCE_DENGESI",2010-07-01,-3678902,TRUE
"BUTCE_DENGESI",2010-08-01,3797997,TRUE
"BUTCE_DENGESI",2010-09-01,-6231768,TRUE
"BUTCE_DENGESI",2010-10-01,-3075254,TRUE
"BUTCE_DENGESI",2010-11-01,-384709,TRUE
"BUTCE_DENGESI",2010-12-01,-15970900,TRUE
"BUTCE_DENGESI",2011-01-01,1166527,TRUE
"BUTCE_DENGESI",2011-02-01,-1720122,TRUE
"BUTCE_DENGESI",2011-03-01,-5337203,TRUE
"BUTCE_DENGESI",2011-04-01,211225,TRUE
"BUTCE_DENGESI",2011-05-01,4742307,TRUE
"BUTCE_DENGESI",2011-06-01,3415622,TRUE
"BUTCE_DENGESI",2011-07-01,-6346565,TRUE
"BUTCE_DENGESI",2011-08-01,4209325,TRUE
"BUTCE_DENGESI",2011-09-01,-497697,TRUE
"BUTCE_DENGESI",2011-10-01,-4473000,TRUE
"BUTCE_DENGESI",2011-11-01,2677571,TRUE
"BUTCE_DENGESI",2011-12-01,-16984224,TRUE
"BUTCE_DENGESI",2012-01-01,1676758,TRUE
"BUTCE_DENGESI",2012-02-01,-4904464,TRUE
"BUTCE_DENGESI",2012-03-01,-3763242,TRUE
"BUTCE_DENGESI",2012-04-01,1573059,TRUE
"BUTCE_DENGESI",2012-05-01,3451730,TRUE
"BUTCE_DENGESI",2012-06-01,-5430434,TRUE
"BUTCE_DENGESI",2012-07-01,-340639,TRUE
"BUTCE_DENGESI",2012-08-01,-1102808,TRUE
"BUTCE_DENGESI",2012-09-01,-5509509,TRUE
"BUTCE_DENGESI",2012-10-01,-3609627,TRUE
"BUTCE_DENGESI",2012-11-01,5487665,TRUE
"BUTCE_DENGESI",2012-12-01,-17940838,TRUE
"BUTCE_DENGESI",2013-01-01,6268854,TRUE
"BUTCE_DENGESI",2013-02-01,-6487136,TRUE
"BUTCE_DENGESI",2013-03-01,-2905225,TRUE
"BUTCE_DENGESI",2013-04-01,1825744,TRUE
"BUTCE_DENGESI",2013-05-01,5350762,TRUE
"BUTCE_DENGESI",2013-06-01,-407514,TRUE
"BUTCE_DENGESI",2013-07-01,-506607,TRUE
"BUTCE_DENGESI",2013-08-01,-4190492,TRUE
"BUTCE_DENGESI",2013-09-01,-2572766,TRUE
"BUTCE_DENGESI",2013-10-01,-2452581,TRUE
"BUTCE_DENGESI",2013-11-01,4144166,TRUE
"BUTCE_DENGESI",2013-12-01,-18000128,TRUE
"BUTCE_DENGESI",2014-01-01,2670214,TRUE
"BUTCE_DENGESI",2014-02-01,-718995,TRUE
"BUTCE_DENGESI",2014-03-01,-4527090,TRUE
"BUTCE_DENGESI",2014-04-01,-1170192,TRUE
"BUTCE_DENGESI",2014-05-01,2197355,TRUE
"BUTCE_DENGESI",2014-06-01,-776674,TRUE
"BUTCE_DENGESI",2014-07-01,-5242266,TRUE
"BUTCE_DENGESI",2014-08-01,5182906,TRUE
"BUTCE_DENGESI",2014-09-01,-7916004,TRUE
"BUTCE_DENGESI",2014-10-01,-3480186,TRUE
"BUTCE_DENGESI",2014-11-01,3358449,TRUE
"BUTCE_DENGESI",2014-12-01,-12883280,TRUE
"BUTCE_DENGESI",2015-01-01,4726452,TRUE
"BUTCE_DENGESI",2015-02-01,-7902950,TRUE
"BUTCE_DENGESI",2015-03-01,-3689701,TRUE
"BUTCE_DENGESI",2015-04-01,3316337,TRUE
"BUTCE_DENGESI",2015-05-01,2397006,TRUE
"BUTCE_DENGESI",2015-06-01,2676932,TRUE
"BUTCE_DENGESI",2015-07-01,-4017341,TRUE
"BUTCE_DENGESI",2015-08-01,4423707,TRUE
"BUTCE_DENGESI",2015-09-01,-14238340,TRUE
"BUTCE_DENGESI",2015-10-01,6270703,TRUE
"BUTCE_DENGESI",2015-11-01,69296,TRUE
"BUTCE_DENGESI",2015-12-01,-19217481,TRUE
"BUTCE_DENGESI",2016-01-01,-3288974,TRUE
"BUTCE_DENGESI",2016-02-01,3230001,TRUE
"BUTCE_DENGESI",2016-03-01,-4564500,TRUE
"BUTCE_DENGESI",2016-04-01,8286247,TRUE
"BUTCE_DENGESI",2016-05-01,3178485,TRUE
"BUTCE_DENGESI",2016-06-01,-8006641,TRUE
"BUTCE_DENGESI",2016-07-01,513561,TRUE
"BUTCE_DENGESI",2016-08-01,6239698,TRUE
"BUTCE_DENGESI",2016-09-01,-14857607,TRUE
"BUTCE_DENGESI",2016-10-01,768095,TRUE
"BUTCE_DENGESI",2016-11-01,6705574,TRUE
"BUTCE_DENGESI",2016-12-01,-31057849,TRUE
"BUTCE_DENGESI",2017-01-01,13023775,TRUE
"BUTCE_DENGESI",2017-02-01,-14557823,TRUE
"BUTCE_DENGESI",2017-03-01,-16792545,TRUE
"BUTCE_DENGESI",2017-04-01,2308126,TRUE
"BUTCE_DENGESI",2017-05-01,8680096,TRUE
"BUTCE_DENGESI",2017-06-01,-12668443,TRUE
"BUTCE_DENGESI",2017-07-01,157771,TRUE
"BUTCE_DENGESI",2017-08-01,-334286,TRUE
"BUTCE_DENGESI",2017-09-01,-7146447,TRUE
"BUTCE_DENGESI",2017-10-01,-3839688,TRUE
"BUTCE_DENGESI",2017-11-01,10176927,TRUE
"BUTCE_DENGESI",2017-12-01,-28307427,TRUE
"BUTCE_DENGESI",2018-01-01,3275049,TRUE
"BUTCE_DENGESI",2018-02-01,-4665865,TRUE
"BUTCE_DENGESI",2018-03-01,-22217565,TRUE
"BUTCE_DENGESI",2018-04-01,4510687,TRUE
"BUTCE_DENGESI",2018-05-01,1981913,TRUE
"BUTCE_DENGESI",2018-06-01,-24201886,TRUE
"BUTCE_DENGESI",2018-07-01,2608216,TRUE
"BUTCE_DENGESI",2018-08-01,-3609472,TRUE
"BUTCE_DENGESI",2018-09-01,-5692472,TRUE
"BUTCE_DENGESI",2018-10-01,-8515327,TRUE
"BUTCE_DENGESI",2018-11-01,5198837,TRUE
"BUTCE_DENGESI",2018-12-01,-20758467,TRUE
"BUTCE_DENGESI",2019-01-01,5910703,TRUE
"BUTCE_DENGESI",2019-02-01,-18675315,TRUE
"BUTCE_DENGESI",2019-03-01,-24573567,TRUE
"BUTCE_DENGESI",2019-04-01,-14309064,TRUE
"BUTCE_DENGESI",2019-05-01,-11869039,TRUE
"BUTCE_DENGESI",2019-06-01,-11454947,TRUE
"BUTCE_DENGESI",2019-07-01,10138765,TRUE
"BUTCE_DENGESI",2019-08-01,1189050,TRUE
"BUTCE_DENGESI",2019-09-01,-18138105,TRUE
"BUTCE_DENGESI",2019-10-01,-13236708,TRUE
"BUTCE_DENGESI",2019-11-01,6181359,TRUE
"BUTCE_DENGESI",2019-12-01,-36067505,TRUE
"BUTCE_DENGESI",2020-01-01,20773403,TRUE
"BUTCE_DENGESI",2020-02-01,-12750732,TRUE
"BUTCE_DENGESI",2020-03-01,-41951225,TRUE
"BUTCE_DENGESI",2020-04-01,-37892546,TRUE
"BUTCE_DENGESI",2020-05-01,-16104759,TRUE
"BUTCE_DENGESI",2020-06-01,-20688771,TRUE
"BUTCE_DENGESI",2020-07-01,-28207544,TRUE
"BUTCE_DENGESI",2020-08-01,27990695,TRUE
"BUTCE_DENGESI",2020-09-01,-29436117,TRUE
"BUTCE_DENGESI",2020-10-01,-4572021,TRUE
"BUTCE_DENGESI",2020-11-01,13028471,TRUE
"BUTCE_DENGESI",2020-12-01,-45934715,TRUE
"BUTCE_DENGESI",2021-01-01,-24749434,TRUE
"BUTCE_DENGESI",2021-02-01,17791850,TRUE
"BUTCE_DENGESI",2021-03-01,22771705,TRUE
"BUTCE_DENGESI",2021-04-01,-10052342,TRUE
"BUTCE_DENGESI",2021-05-01,-11036928,TRUE
"BUTCE_DENGESI",2021-06-01,-25304760,TRUE
"BUTCE_DENGESI",2021-07-01,-43146802,TRUE
"BUTCE_DENGESI",2021-08-01,38564825,TRUE
"BUTCE_DENGESI",2021-09-01,-23094162,TRUE
"BUTCE_DENGESI",2021-10-01,-17113694,TRUE
"BUTCE_DENGESI",2021-11-01,29859054,TRUE
"BUTCE_DENGESI",2021-12-01,-151342198,TRUE
"BUTCE_DENGESI",2022-01-01,29074968,TRUE
"BUTCE_DENGESI",2022-02-01,62913458,TRUE
"BUTCE_DENGESI",2022-03-01,-67999702,TRUE
"BUTCE_DENGESI",2022-04-01,-40356894,TRUE
"BUTCE_DENGESI",2022-05-01,143769900,TRUE
"BUTCE_DENGESI",2022-06-01,-30045461,TRUE
"BUTCE_DENGESI",2022-07-01,-62077127,TRUE
"BUTCE_DENGESI",2022-08-01,5232664,TRUE
"BUTCE_DENGESI",2022-09-01,-77858601,TRUE
"BUTCE_DENGESI",2022-10-01,-85529198,TRUE
"BUTCE_DENGESI",2022-11-01,99674554,TRUE
"BUTCE_DENGESI",2022-12-01,-113987115,TRUE
"BUTCE_DENGESI",2023-01-01,-37262854,TRUE
"BUTCE_DENGESI",2023-02-01,-191299161,TRUE
"BUTCE_DENGESI",2023-03-01,-49015194,TRUE
"BUTCE_DENGESI",2023-04-01,-123320822,TRUE
"BUTCE_DENGESI",2023-05-01,119806780,TRUE
"BUTCE_DENGESI",2023-06-01,-215385487,TRUE
"BUTCE_DENGESI",2023-07-01,40844172,TRUE
"BUTCE_DENGESI",2023-08-01,67920592,TRUE
"BUTCE_DENGESI",2023-09-01,-133551243,TRUE
"BUTCE_DENGESI",2023-10-01,-109380800,TRUE
"BUTCE_DENGESI",2023-11-01,94308255,TRUE
"BUTCE_DENGESI",2023-12-01,-849974266,TRUE
"BUTCE_DENGESI",2024-01-01,-184331058,TRUE
"BUTCE_DENGESI",2024-02-01,-241075201,TRUE
"BUTCE_DENGESI",2024-03-01,-200473948,TRUE
"BUTCE_DENGESI",2024-04-01,-137215331,TRUE
"BUTCE_DENGESI",2024-05-01,261921011,TRUE
"BUTCE_DENGESI",2024-06-01,-228428763,TRUE
"BUTCE_DENGESI",2024-07-01,-100935380,TRUE
"BUTCE_DENGESI",2024-08-01,-170555179,TRUE
"BUTCE_DENGESI",2024-09-01,-98059765,TRUE
"BUTCE_DENGESI",2024-10-01,-188380414,TRUE
"BUTCE_DENGESI",2024-11-01,-33425694,TRUE
"BUTCE_DENGESI",2024-12-01,-934535138,TRUE
"BUTCE_DENGESI",2025-01-01,-148404035,TRUE
"BUTCE_DENGESI",2025-02-01,-415884353,TRUE
"BUTCE_DENGESI",2025-03-01,-255748865,TRUE
"BUTCE_DENGESI",2025-04-01,-146286189,TRUE
"BUTCE_DENGESI",2025-05-01,265635850,TRUE
"BUTCE_DENGESI",2025-06-01,-352970243,TRUE
"BUTCE_DENGESI",2025-07-01,-8428072,TRUE
"BUTCE_DENGESI",2025-08-01,98238143,TRUE
"BUTCE_DENGESI",2025-09-01,-327476155,TRUE
"BUTCE_DENGESI",2025-10-01,-189825697,TRUE
"BUTCE_DENGESI",2025-11-01,149154324.1,TRUE
"BUTCE_DENGESI",2025-12-01,-599293332,TRUE
"BUTCE_DENGESI",2026-01-01,-224611640,TRUE
"BUTCE_DENGESI",2026-02-01,-71760334,TRUE
"BUTCE_DENGESI",2026-03-01,-234335740,TRUE
"BUTCE_DENGESI",2026-04-01,-293399927,TRUE
"BUTCE_DENGESI",2026-05-01,-279514087,TRUE
"BUTCE_DENGESI",2026-06-01,128806183,TRUE
"BUTCE_DENGESI",2026-07-01,-318513926,TRUE
"UFE",2000-01-01,28.87173823,TRUE
"UFE",2000-02-01,30.04784103,TRUE
"UFE",2000-03-01,30.97852027,TRUE
"UFE",2000-04-01,31.71892731,TRUE
"UFE",2000-05-01,32.2566531,TRUE
"UFE",2000-06-01,32.3517892,TRUE
"UFE",2000-07-01,32.68407616,TRUE
"UFE",2000-08-01,32.99430257,TRUE
"UFE",2000-09-01,33.75677015,TRUE
"UFE",2000-10-01,34.69985845,TRUE
"UFE",2000-11-01,35.53402281,TRUE
"UFE",2000-12-01,36.20686943,TRUE
"UFE",2001-01-01,37.04517014,TRUE
"UFE",2001-02-01,38.02134925,TRUE
"UFE",2001-03-01,41.84609624,TRUE
"UFE",2001-04-01,47.85483717,TRUE
"UFE",2001-05-01,50.8716167,TRUE
"UFE",2001-06-01,52.3331278,TRUE
"UFE",2001-07-01,54.05660788,TRUE
"UFE",2001-08-01,55.97173894,TRUE
"UFE",2001-09-01,58.96645792,TRUE
"UFE",2001-10-01,62.93459844,TRUE
"UFE",2001-11-01,65.568076,TRUE
"UFE",2001-12-01,68.27325033,TRUE
"UFE",2002-01-01,71.10940914,TRUE
"UFE",2002-02-01,72.93078288,TRUE
"UFE",2002-03-01,74.2875064,TRUE
"UFE",2002-04-01,75.63319964,TRUE
"UFE",2002-05-01,75.94894119,TRUE
"UFE",2002-06-01,76.82584785,TRUE
"UFE",2002-07-01,78.87609975,TRUE
"UFE",2002-08-01,80.55959509,TRUE
"UFE",2002-09-01,83.06622451,TRUE
"UFE",2002-10-01,85.66799003,TRUE
"UFE",2002-11-01,87.06056194,TRUE
"UFE",2002-12-01,89.32866172,TRUE
"UFE",2003-01-01,94.31848123,TRUE
"UFE",2003-02-01,97.28286696,TRUE
"UFE",2003-03-01,100.40029772,TRUE
"UFE",2003-04-01,102.16789889,TRUE
"UFE",2003-05-01,101.53365822,TRUE
"UFE",2003-06-01,99.57854242,TRUE
"UFE",2003-07-01,99.04495299,TRUE
"UFE",2003-08-01,98.85054444,TRUE
"UFE",2003-09-01,98.90431702,TRUE
"UFE",2003-10-01,99.45720942,TRUE
"UFE",2003-11-01,101.15035625,TRUE
"UFE",2003-12-01,101.78321813,TRUE
"UFE",2004-01-01,104.46357435,TRUE
"UFE",2004-02-01,106.17464537,TRUE
"UFE",2004-03-01,108.40276041,TRUE
"UFE",2004-04-01,111.27476761,TRUE
"UFE",2004-05-01,111.23754044,TRUE
"UFE",2004-06-01,110.0641952,TRUE
"UFE",2004-07-01,108.3944877,TRUE
"UFE",2004-08-01,109.24795504,TRUE
"UFE",2004-09-01,111.26373733,TRUE
"UFE",2004-10-01,114.85409103,TRUE
"UFE",2004-11-01,115.71720985,TRUE
"UFE",2004-12-01,115.87025488,TRUE
"UFE",2005-01-01,114.83092746,TRUE
"UFE",2005-02-01,114.80514419,TRUE
"UFE",2005-03-01,117.24628137,TRUE
"UFE",2005-04-01,119.61544602,TRUE
"UFE",2005-05-01,119.23228193,TRUE
"UFE",2005-06-01,119.63916111,TRUE
"UFE",2005-07-01,119.33458771,TRUE
"UFE",2005-08-01,121.40069563,TRUE
"UFE",2005-09-01,123.4044825,TRUE
"UFE",2005-10-01,124.21617268,TRUE
"UFE",2005-11-01,121.4046941,TRUE
"UFE",2005-12-01,121.13638272,TRUE
"UFE",2006-01-01,123.51354804,TRUE
"UFE",2006-02-01,123.83050342,TRUE
"UFE",2006-03-01,124.13755394,TRUE
"UFE",2006-04-01,126.54443382,TRUE
"UFE",2006-05-01,130.05075267,TRUE
"UFE",2006-06-01,135.28051637,TRUE
"UFE",2006-07-01,136.44928932,TRUE
"UFE",2006-08-01,135.4290892,TRUE
"UFE",2006-09-01,135.11213383,TRUE
"UFE",2006-10-01,135.72623487,TRUE
"UFE",2006-11-01,135.33004065,TRUE
"UFE",2006-12-01,135.16165811,TRUE
"UFE",2007-01-01,135.09232412,TRUE
"UFE",2007-02-01,136.37005048,TRUE
"UFE",2007-03-01,137.69730111,TRUE
"UFE",2007-04-01,138.79674007,TRUE
"UFE",2007-05-01,139.34150712,TRUE
"UFE",2007-06-01,139.19293429,TRUE
"UFE",2007-07-01,139.28207799,TRUE
"UFE",2007-08-01,140.47066065,TRUE
"UFE",2007-09-01,141.89695984,TRUE
"UFE",2007-10-01,141.70876759,TRUE
"UFE",2007-11-01,142.97658909,TRUE
"UFE",2007-12-01,143.19449591,TRUE
"UFE",2008-01-01,143.7986921,TRUE
"UFE",2008-02-01,147.48329834,TRUE
"UFE",2008-03-01,152.15839014,TRUE
"UFE",2008-04-01,159.00264529,TRUE
"UFE",2008-05-01,162.37029615,TRUE
"UFE",2008-06-01,162.8952535,TRUE
"UFE",2008-07-01,164.92574887,TRUE
"UFE",2008-08-01,161.07276008,TRUE
"UFE",2008-09-01,159.62665118,TRUE
"UFE",2008-10-01,160.53789789,TRUE
"UFE",2008-11-01,160.48837361,TRUE
"UFE",2008-12-01,154.80298655,TRUE
"UFE",2009-01-01,155.15956135,TRUE
"UFE",2009-02-01,156.97214991,TRUE
"UFE",2009-03-01,157.42777326,TRUE
"UFE",2009-04-01,158.44797338,TRUE
"UFE",2009-05-01,158.36873453,TRUE
"UFE",2009-06-01,159.86436771,TRUE
"UFE",2009-07-01,158.73521419,TRUE
"UFE",2009-08-01,159.39883951,TRUE
"UFE",2009-09-01,160.3794202,TRUE
"UFE",2009-10-01,160.83504355,TRUE
"UFE",2009-11-01,162.91506321,TRUE
"UFE",2009-12-01,163.9847876,TRUE
"UFE",2010-01-01,164.93565373,TRUE
"UFE",2010-02-01,167.6792987,TRUE
"UFE",2010-03-01,170.93799616,TRUE
"UFE",2010-04-01,174.95936749,TRUE
"UFE",2010-05-01,172.94868182,TRUE
"UFE",2010-06-01,172.07705454,TRUE
"UFE",2010-07-01,171.80962344,TRUE
"UFE",2010-08-01,173.79059454,TRUE
"UFE",2010-09-01,174.67212668,TRUE
"UFE",2010-10-01,176.7818609,TRUE
"UFE",2010-11-01,176.22718899,TRUE
"UFE",2010-12-01,178.53502032,TRUE
"UFE",2011-01-01,182.75448877,TRUE
"UFE",2011-02-01,185.90423281,TRUE
"UFE",2011-03-01,188.17244472,TRUE
"UFE",2011-04-01,189.32140796,TRUE
"UFE",2011-05-01,189.60864877,TRUE
"UFE",2011-06-01,189.61855362,TRUE
"UFE",2011-07-01,189.56902935,TRUE
"UFE",2011-08-01,192.90696565,TRUE
"UFE",2011-09-01,195.88832715,TRUE
"UFE",2011-10-01,199.02816635,TRUE
"UFE",2011-11-01,200.31579756,TRUE
"UFE",2011-12-01,202.32648323,TRUE
"UFE",2012-01-01,203.09906196,TRUE
"UFE",2012-02-01,202.9108697,TRUE
"UFE",2012-03-01,203.64382901,TRUE
"UFE",2012-04-01,203.81221155,TRUE
"UFE",2012-05-01,204.8918408,TRUE
"UFE",2012-06-01,201.83124045,TRUE
"UFE",2012-07-01,201.1973297,TRUE
"UFE",2012-08-01,201.71238219,TRUE
"UFE",2012-09-01,203.79240184,TRUE
"UFE",2012-10-01,204.14897664,TRUE
"UFE",2012-11-01,207.53643722,TRUE
"UFE",2012-12-01,207.28881583,TRUE
"UFE",2013-01-01,206.91243132,TRUE
"UFE",2013-02-01,206.64500022,TRUE
"UFE",2013-03-01,208.32882566,TRUE
"UFE",2013-04-01,207.26900612,TRUE
"UFE",2013-05-01,209.33912092,TRUE
"UFE",2013-06-01,212.38981641,TRUE
"UFE",2013-07-01,214.49955063,TRUE
"UFE",2013-08-01,214.58869433,TRUE
"UFE",2013-09-01,216.48052173,TRUE
"UFE",2013-10-01,217.96625006,TRUE
"UFE",2013-11-01,219.3133104,TRUE
"UFE",2013-12-01,221.74,TRUE
"UFE",2014-01-01,229.1,TRUE
"UFE",2014-02-01,232.27,TRUE
"UFE",2014-03-01,233.98,TRUE
"UFE",2014-04-01,234.18,TRUE
"UFE",2014-05-01,232.96,TRUE
"UFE",2014-06-01,233.09,TRUE
"UFE",2014-07-01,234.79,TRUE
"UFE",2014-08-01,235.78,TRUE
"UFE",2014-09-01,237.79,TRUE
"UFE",2014-10-01,239.97,TRUE
"UFE",2014-11-01,237.65,TRUE
"UFE",2014-12-01,235.84,TRUE
"UFE",2015-01-01,236.61,TRUE
"UFE",2015-02-01,239.46,TRUE
"UFE",2015-03-01,241.97,TRUE
"UFE",2015-04-01,245.42,TRUE
"UFE",2015-05-01,248.15,TRUE
"UFE",2015-06-01,248.78,TRUE
"UFE",2015-07-01,247.99,TRUE
"UFE",2015-08-01,250.43,TRUE
"UFE",2015-09-01,254.25,TRUE
"UFE",2015-10-01,253.74,TRUE
"UFE",2015-11-01,250.13,TRUE
"UFE",2015-12-01,249.31,TRUE
"UFE",2016-01-01,250.67,TRUE
"UFE",2016-02-01,250.16,TRUE
"UFE",2016-03-01,251.17,TRUE
"UFE",2016-04-01,252.47,TRUE
"UFE",2016-05-01,256.21,TRUE
"UFE",2016-06-01,257.27,TRUE
"UFE",2016-07-01,257.81,TRUE
"UFE",2016-08-01,258.01,TRUE
"UFE",2016-09-01,258.77,TRUE
"UFE",2016-10-01,260.94,TRUE
"UFE",2016-11-01,266.16,TRUE
"UFE",2016-12-01,274.09,TRUE
"UFE",2017-01-01,284.99,TRUE
"UFE",2017-02-01,288.59,TRUE
"UFE",2017-03-01,291.58,TRUE
"UFE",2017-04-01,293.79,TRUE
"UFE",2017-05-01,295.31,TRUE
"UFE",2017-06-01,295.52,TRUE
"UFE",2017-07-01,297.65,TRUE
"UFE",2017-08-01,300.18,TRUE
"UFE",2017-09-01,300.9,TRUE
"UFE",2017-10-01,306.04,TRUE
"UFE",2017-11-01,312.21,TRUE
"UFE",2017-12-01,316.48,TRUE
"UFE",2018-01-01,319.6,TRUE
"UFE",2018-02-01,328.17,TRUE
"UFE",2018-03-01,333.21,TRUE
"UFE",2018-04-01,341.88,TRUE
"UFE",2018-05-01,354.85,TRUE
"UFE",2018-06-01,365.6,TRUE
"UFE",2018-07-01,372.06,TRUE
"UFE",2018-08-01,396.62,TRUE
"UFE",2018-09-01,439.78,TRUE
"UFE",2018-10-01,443.78,TRUE
"UFE",2018-11-01,432.55,TRUE
"UFE",2018-12-01,422.94,TRUE
"UFE",2019-01-01,424.86,TRUE
"UFE",2019-02-01,425.26,TRUE
"UFE",2019-03-01,431.98,TRUE
"UFE",2019-04-01,444.85,TRUE
"UFE",2019-05-01,456.74,TRUE
"UFE",2019-06-01,457.16,TRUE
"UFE",2019-07-01,452.63,TRUE
"UFE",2019-08-01,449.96,TRUE
"UFE",2019-09-01,450.55,TRUE
"UFE",2019-10-01,451.31,TRUE
"UFE",2019-11-01,450.97,TRUE
"UFE",2019-12-01,454.08,TRUE
"UFE",2020-01-01,462.42,TRUE
"UFE",2020-02-01,464.64,TRUE
"UFE",2020-03-01,468.69,TRUE
"UFE",2020-04-01,474.69,TRUE
"UFE",2020-05-01,482.02,TRUE
"UFE",2020-06-01,485.37,TRUE
"UFE",2020-07-01,490.33,TRUE
"UFE",2020-08-01,501.85,TRUE
"UFE",2020-09-01,515.13,TRUE
"UFE",2020-10-01,533.44,TRUE
"UFE",2020-11-01,555.18,TRUE
"UFE",2020-12-01,568.27,TRUE
"UFE",2021-01-01,583.38,TRUE
"UFE",2021-02-01,590.52,TRUE
"UFE",2021-03-01,614.93,TRUE
"UFE",2021-04-01,641.63,TRUE
"UFE",2021-05-01,666.79,TRUE
"UFE",2021-06-01,693.54,TRUE
"UFE",2021-07-01,710.61,TRUE
"UFE",2021-08-01,730.28,TRUE
"UFE",2021-09-01,741.58,TRUE
"UFE",2021-10-01,780.45,TRUE
"UFE",2021-11-01,858.43,TRUE
"UFE",2021-12-01,1022.25,TRUE
"UFE",2022-01-01,1129.03,TRUE
"UFE",2022-02-01,1210.6,TRUE
"UFE",2022-03-01,1321.9,TRUE
"UFE",2022-04-01,1423.27,TRUE
"UFE",2022-05-01,1548.01,TRUE
"UFE",2022-06-01,1652.75,TRUE
"UFE",2022-07-01,1738.21,TRUE
"UFE",2022-08-01,1780.05,TRUE
"UFE",2022-09-01,1865.09,TRUE
"UFE",2022-10-01,2011.13,TRUE
"UFE",2022-11-01,2026.08,TRUE
"UFE",2022-12-01,2021.19,TRUE
"UFE",2023-01-01,2105.17,TRUE
"UFE",2023-02-01,2138.04,TRUE
"UFE",2023-03-01,2147.44,TRUE
"UFE",2023-04-01,2164.94,TRUE
"UFE",2023-05-01,2179.02,TRUE
"UFE",2023-06-01,2320.72,TRUE
"UFE",2023-07-01,2511.75,TRUE
"UFE",2023-08-01,2659.6,TRUE
"UFE",2023-09-01,2749.98,TRUE
"UFE",2023-10-01,2803.29,TRUE
"UFE",2023-11-01,2882.04,TRUE
"UFE",2023-12-01,2915.02,TRUE
"UFE",2024-01-01,3035.59,TRUE
"UFE",2024-02-01,3149.03,TRUE
"UFE",2024-03-01,3252.79,TRUE
"UFE",2024-04-01,3369.98,TRUE
"UFE",2024-05-01,3435.96,TRUE
"UFE",2024-06-01,3483.25,TRUE
"UFE",2024-07-01,3550.88,TRUE
"UFE",2024-08-01,3610.51,TRUE
"UFE",2024-09-01,3659.84,TRUE
"UFE",2024-10-01,3707.1,TRUE
"UFE",2024-11-01,3731.43,TRUE
"UFE",2024-12-01,3746.52,TRUE
"UFE",2025-01-01,3861.33,TRUE
"UFE",2025-02-01,3943.01,TRUE
"UFE",2025-03-01,4017.3,TRUE
"UFE",2025-04-01,4128.19,TRUE
"UFE",2025-05-01,4230.69,TRUE
"UFE",2025-06-01,4334.94,TRUE
"UFE",2025-07-01,4409.73,TRUE
"UFE",2025-08-01,4518.89,TRUE
"UFE",2025-09-01,4632.89,TRUE
"UFE",2025-10-01,4708.2,TRUE
"UFE",2025-11-01,4747.63,TRUE
"UFE",2025-12-01,4783.04,TRUE
"UFE",2026-01-01,4910.53,TRUE
"UFE",2026-02-01,5029.76,TRUE
"UFE",2026-03-01,5145.36,TRUE
"UFE",2026-04-01,5308.46,TRUE
"UFE",2026-05-01,5454.58,TRUE
"UFE",2026-06-01,5552.52,TRUE
"UFE",2026-07-01,5637.14,TRUE
"UFE",2026-08-01,5781.74,TRUE
"M2",2000-01-01,22870329,TRUE
"M2",2000-02-01,22159198,TRUE
"M2",2000-03-01,22440989,TRUE
"M2",2000-04-01,23188237,TRUE
"M2",2000-05-01,23096794,TRUE
"M2",2000-06-01,24508902,TRUE
"M2",2000-07-01,26642948,TRUE
"M2",2000-08-01,26014559,TRUE
"M2",2000-09-01,26490251,TRUE
"M2",2000-10-01,27287078,TRUE
"M2",2000-11-01,28503813,TRUE
"M2",2000-12-01,31912095,TRUE
"M2",2001-01-01,32202029,TRUE
"M2",2001-02-01,35311355,TRUE
"M2",2001-03-01,38487237,TRUE
"M2",2001-04-01,38941957,TRUE
"M2",2001-05-01,39096847,TRUE
"M2",2001-06-01,40377691,TRUE
"M2",2001-07-01,38282033,TRUE
"M2",2001-08-01,40805064,TRUE
"M2",2001-09-01,42112694,TRUE
"M2",2001-10-01,42857471,TRUE
"M2",2001-11-01,43879923,TRUE
"M2",2001-12-01,47241075,TRUE
"M2",2002-01-01,45756181,TRUE
"M2",2002-02-01,48485606,TRUE
"M2",2002-03-01,49514926,TRUE
"M2",2002-04-01,50777834,TRUE
"M2",2002-05-01,51794752,TRUE
"M2",2002-06-01,53112804,TRUE
"M2",2002-07-01,53982055,TRUE
"M2",2002-08-01,53777195,TRUE
"M2",2002-09-01,56180930,TRUE
"M2",2002-10-01,57924441,TRUE
"M2",2002-11-01,58874391,TRUE
"M2",2002-12-01,61879759,TRUE
"M2",2003-01-01,61000599,TRUE
"M2",2003-02-01,61670537,TRUE
"M2",2003-03-01,63775968,TRUE
"M2",2003-04-01,62804208,TRUE
"M2",2003-05-01,64664714,TRUE
"M2",2003-06-01,67813827,TRUE
"M2",2003-07-01,69912019,TRUE
"M2",2003-08-01,71376431,TRUE
"M2",2003-09-01,74970925,TRUE
"M2",2003-10-01,77111813,TRUE
"M2",2003-11-01,78796201,TRUE
"M2",2003-12-01,82712966,TRUE
"M2",2004-01-01,90436316,TRUE
"M2",2004-02-01,89510444,TRUE
"M2",2004-03-01,92551907,TRUE
"M2",2004-04-01,95203537,TRUE
"M2",2004-05-01,95633521,TRUE
"M2",2004-06-01,97409577,TRUE
"M2",2004-07-01,98373716,TRUE
"M2",2004-08-01,100808321,TRUE
"M2",2004-09-01,102914186,TRUE
"M2",2004-10-01,104511632,TRUE
"M2",2004-11-01,105450430,TRUE
"M2",2004-12-01,108539246,TRUE
"M2",2005-01-01,106096434,TRUE
"M2",2005-02-01,108470081,TRUE
"M2",2005-03-01,113719133,TRUE
"M2",2005-04-01,117735754,TRUE
"M2",2005-05-01,120541574,TRUE
"M2",2005-06-01,126567918,TRUE
"M2",2005-07-01,130646026,TRUE
"M2",2005-08-01,134089319,TRUE
"M2",2005-09-01,138520405,TRUE
"M2",2005-10-01,144406974,TRUE
"M2",2005-11-01,146553461,TRUE
"M2",2005-12-01,238801377.5,TRUE
"M2",2006-01-01,234781577.5,TRUE
"M2",2006-02-01,239340348.1,TRUE
"M2",2006-03-01,247906895.6,TRUE
"M2",2006-04-01,252556462.6,TRUE
"M2",2006-05-01,274641762.3,TRUE
"M2",2006-06-01,278518255.4,TRUE
"M2",2006-07-01,271258116.3,TRUE
"M2",2006-08-01,275056947.3,TRUE
"M2",2006-09-01,281859755.1,TRUE
"M2",2006-10-01,283901921.6,TRUE
"M2",2006-11-01,289899747.4,TRUE
"M2",2006-12-01,297734742.6,TRUE
"M2",2007-01-01,299256415.4,TRUE
"M2",2007-02-01,301320358.4,TRUE
"M2",2007-03-01,305514500.6,TRUE
"M2",2007-04-01,310154079.1,TRUE
"M2",2007-05-01,314302110.4,TRUE
"M2",2007-06-01,320006674.7,TRUE
"M2",2007-07-01,324278665.2,TRUE
"M2",2007-08-01,329380436,TRUE
"M2",2007-09-01,327465954.2,TRUE
"M2",2007-10-01,328448264,TRUE
"M2",2007-11-01,332502206,TRUE
"M2",2007-12-01,344376752,TRUE
"M2",2008-01-01,345039820,TRUE
"M2",2008-02-01,351541277,TRUE
"M2",2008-03-01,372435011,TRUE
"M2",2008-04-01,374709014,TRUE
"M2",2008-05-01,370137438,TRUE
"M2",2008-06-01,379097979,TRUE
"M2",2008-07-01,380641620,TRUE
"M2",2008-08-01,381053390,TRUE
"M2",2008-09-01,399314554,TRUE
"M2",2008-10-01,414116682,TRUE
"M2",2008-11-01,422482232,TRUE
"M2",2008-12-01,436380325,TRUE
"M2",2009-01-01,435510154,TRUE
"M2",2009-02-01,444276689,TRUE
"M2",2009-03-01,447061458,TRUE
"M2",2009-04-01,439284789,TRUE
"M2",2009-05-01,443839022,TRUE
"M2",2009-06-01,450220461,TRUE
"M2",2009-07-01,452153251,TRUE
"M2",2009-08-01,457238234,TRUE
"M2",2009-09-01,468103547,TRUE
"M2",2009-10-01,471896475,TRUE
"M2",2009-11-01,484503316,TRUE
"M2",2009-12-01,493060975,TRUE
"M2",2010-01-01,491925514,TRUE
"M2",2010-02-01,500267353,TRUE
"M2",2010-03-01,508028109,TRUE
"M2",2010-04-01,506739804,TRUE
"M2",2010-05-01,515038013,TRUE
"M2",2010-06-01,532117277,TRUE
"M2",2010-07-01,533291863,TRUE
"M2",2010-08-01,537446147,TRUE
"M2",2010-09-01,546109351,TRUE
"M2",2010-10-01,551318229,TRUE
"M2",2010-11-01,560599376,TRUE
"M2",2010-12-01,587261177,TRUE
"M2",2011-01-01,585506045,TRUE
"M2",2011-02-01,600590517,TRUE
"M2",2011-03-01,612916566,TRUE
"M2",2011-04-01,615968600,TRUE
"M2",2011-05-01,630708198,TRUE
"M2",2011-06-01,640200133,TRUE
"M2",2011-07-01,649010941,TRUE
"M2",2011-08-01,661883190,TRUE
"M2",2011-09-01,663929435,TRUE
"M2",2011-10-01,657814714,TRUE
"M2",2011-11-01,661091530,TRUE
"M2",2011-12-01,674409579,TRUE
"M2",2012-01-01,659931261,TRUE
"M2",2012-02-01,663809764,TRUE
"M2",2012-03-01,672025170,TRUE
"M2",2012-04-01,674704190,TRUE
"M2",2012-05-01,683957100,TRUE
"M2",2012-06-01,694307425,TRUE
"M2",2012-07-01,697424791,TRUE
"M2",2012-08-01,705819744,TRUE
"M2",2012-09-01,717634909,TRUE
"M2",2012-10-01,726248626,TRUE
"M2",2012-11-01,725095646,TRUE
"M2",2012-12-01,743043389,TRUE
"M2",2013-01-01,745255840,TRUE
"M2",2013-02-01,752627312,TRUE
"M2",2013-03-01,763321233,TRUE
"M2",2013-04-01,772431756,TRUE
"M2",2013-05-01,792034212,TRUE
"M2",2013-06-01,807047573,TRUE
"M2",2013-07-01,829743521,TRUE
"M2",2013-08-01,848273726,TRUE
"M2",2013-09-01,863518843,TRUE
"M2",2013-10-01,868843841,TRUE
"M2",2013-11-01,879344465,TRUE
"M2",2013-12-01,908059333,TRUE
"M2",2014-01-01,921325263,TRUE
"M2",2014-02-01,922154061,TRUE
"M2",2014-03-01,923380639,TRUE
"M2",2014-04-01,926654456,TRUE
"M2",2014-05-01,924114963,TRUE
"M2",2014-06-01,942496619,TRUE
"M2",2014-07-01,967001541,TRUE
"M2",2014-08-01,967173176,TRUE
"M2",2014-09-01,994182489,TRUE
"M2",2014-10-01,984013436,TRUE
"M2",2014-11-01,987533316,TRUE
"M2",2014-12-01,1015920601,TRUE
"M2",2015-01-01,1022057292,TRUE
"M2",2015-02-01,1046179728,TRUE
"M2",2015-03-01,1070387826,TRUE
"M2",2015-04-01,1098268735,TRUE
"M2",2015-05-01,1108585679,TRUE
"M2",2015-06-01,1119496059,TRUE
"M2",2015-07-01,1148945028,TRUE
"M2",2015-08-01,1172420463,TRUE
"M2",2015-09-01,1204692707,TRUE
"M2",2015-10-01,1188074099,TRUE
"M2",2015-11-01,1179305100,TRUE
"M2",2015-12-01,1189495148,TRUE
"M2",2016-01-01,1197885983,TRUE
"M2",2016-02-01,1206624205,TRUE
"M2",2016-03-01,1220421457,TRUE
"M2",2016-04-01,1223924736,TRUE
"M2",2016-05-01,1249963165,TRUE
"M2",2016-06-01,1261520416,TRUE
"M2",2016-07-01,1282795654,TRUE
"M2",2016-08-01,1283703073,TRUE
"M2",2016-09-01,1301518102,TRUE
"M2",2016-10-01,1321651942,TRUE
"M2",2016-11-01,1367445757,TRUE
"M2",2016-12-01,1406872842,TRUE
"M2",2017-01-01,1426505883,TRUE
"M2",2017-02-01,1407933124,TRUE
"M2",2017-03-01,1448942430,TRUE
"M2",2017-04-01,1476089913,TRUE
"M2",2017-05-01,1491806735,TRUE
"M2",2017-06-01,1516294070,TRUE
"M2",2017-07-01,1522315696,TRUE
"M2",2017-08-01,1544897146,TRUE
"M2",2017-09-01,1563134203,TRUE
"M2",2017-10-01,1610022776,TRUE
"M2",2017-11-01,1627300950,TRUE
"M2",2017-12-01,1628023132,TRUE
"M2",2018-01-01,1617630665,TRUE
"M2",2018-02-01,1633682306,TRUE
"M2",2018-03-01,1678040812,TRUE
"M2",2018-04-01,1712468513,TRUE
"M2",2018-05-01,1787144026,TRUE
"M2",2018-06-01,1807860689,TRUE
"M2",2018-07-01,1870996641,TRUE
"M2",2018-08-01,2099272197,TRUE
"M2",2018-09-01,2020764883,TRUE
"M2",2018-10-01,1956073358,TRUE
"M2",2018-11-01,1899242192,TRUE
"M2",2018-12-01,1938998976,TRUE
"M2",2019-01-01,1950687708,TRUE
"M2",2019-02-01,1984646947,TRUE
"M2",2019-03-01,2090276096,TRUE
"M2",2019-04-01,2151020045,TRUE
"M2",2019-05-01,2165907128,TRUE
"M2",2019-06-01,2159862130,TRUE
"M2",2019-07-01,2152836961,TRUE
"M2",2019-08-01,2254518412,TRUE
"M2",2019-09-01,2259287516,TRUE
"M2",2019-10-01,2313425349,TRUE
"M2",2019-11-01,2343648606,TRUE
"M2",2019-12-01,2445447858,TRUE
"M2",2020-01-01,2469235642,TRUE
"M2",2020-02-01,2556911596,TRUE
"M2",2020-03-01,2681493623,TRUE
"M2",2020-04-01,2910666523,TRUE
"M2",2020-05-01,2918865211,TRUE
"M2",2020-06-01,3001226936,TRUE
"M2",2020-07-01,3141593256,TRUE
"M2",2020-08-01,3196795800,TRUE
"M2",2020-09-01,3273110992,TRUE
"M2",2020-10-01,3414449433,TRUE
"M2",2020-11-01,3314555345,TRUE
"M2",2020-12-01,3326512024,TRUE
"M2",2021-01-01,3306057972,TRUE
"M2",2021-02-01,3326645026,TRUE
"M2",2021-03-01,3519147499,TRUE
"M2",2021-04-01,3574864016,TRUE
"M2",2021-05-01,3676730667,TRUE
"M2",2021-06-01,3763771681,TRUE
"M2",2021-07-01,3804781569,TRUE
"M2",2021-08-01,3815142498,TRUE
"M2",2021-09-01,3993750060,TRUE
"M2",2021-10-01,4239266828,TRUE
"M2",2021-11-01,5021717951,TRUE
"M2",2021-12-01,5108132702,TRUE
"M2",2022-01-01,5140228239,TRUE
"M2",2022-02-01,5308036475,TRUE
"M2",2022-03-01,5699858632,TRUE
"M2",2022-04-01,5895872508,TRUE
"M2",2022-05-01,6277459612,TRUE
"M2",2022-06-01,6428508832,TRUE
"M2",2022-07-01,6958505889,TRUE
"M2",2022-08-01,7231185430,TRUE
"M2",2022-09-01,7475494815,TRUE
"M2",2022-10-01,7735052757,TRUE
"M2",2022-11-01,7871318084,TRUE
"M2",2022-12-01,8209273693,TRUE
"M2",2023-01-01,8427505053,TRUE
"M2",2023-02-01,8650527989,TRUE
"M2",2023-03-01,9073195173,TRUE
"M2",2023-04-01,9537845081,TRUE
"M2",2023-05-01,9508104415,TRUE
"M2",2023-06-01,10874575044,TRUE
"M2",2023-07-01,11510220409,TRUE
"M2",2023-08-01,11947306760,TRUE
"M2",2023-09-01,12374659285,TRUE
"M2",2023-10-01,12789135293,TRUE
"M2",2023-11-01,13049971609,TRUE
"M2",2023-12-01,13665141252,TRUE
"M2",2024-01-01,13697119812,TRUE
"M2",2024-02-01,14020214021,TRUE
"M2",2024-03-01,14348468781,TRUE
"M2",2024-04-01,14523330249,TRUE
"M2",2024-05-01,14837921368,TRUE
"M2",2024-06-01,15319202915,TRUE
"M2",2024-07-01,15726267311,TRUE
"M2",2024-08-01,16206558025,TRUE
"M2",2024-09-01,16452308928,TRUE
"M2",2024-10-01,16767749092,TRUE
"M2",2024-11-01,16915022358,TRUE
"M2",2024-12-01,17527677986,TRUE
"M2",2025-01-01,17636192186,TRUE
"M2",2025-02-01,18321342785,TRUE
"M2",2025-03-01,19821138846,TRUE
"M2",2025-04-01,20106009573,TRUE
"M2",2025-05-01,20624031860,TRUE
"M2",2025-06-01,21222731191,TRUE
"M2",2025-07-01,21830111045,TRUE
"M2",2025-08-01,22188709107,TRUE
"M2",2025-09-01,22860968238,TRUE
"M2",2025-10-01,23313861922,TRUE
"M2",2025-11-01,23618924923,TRUE
"M2",2025-12-01,24729036670,TRUE
"M2",2026-01-01,25273094090,TRUE
"M2",2026-02-01,25686545565,TRUE
"M2",2026-03-01,25729187059,TRUE
"M2",2026-04-01,26518751183,TRUE
"M2",2026-05-01,27293420191,TRUE
"M2",2026-06-01,27375153253,TRUE
"M2",2026-07-01,28148817213,TRUE
"REEL_KESIM_GUVEN",2007-01-01,115.5,TRUE
"REEL_KESIM_GUVEN",2007-02-01,113.9,TRUE
"REEL_KESIM_GUVEN",2007-03-01,115.5,TRUE
"REEL_KESIM_GUVEN",2007-04-01,121,TRUE
"REEL_KESIM_GUVEN",2007-05-01,111.8,TRUE
"REEL_KESIM_GUVEN",2007-06-01,112.9,TRUE
"REEL_KESIM_GUVEN",2007-07-01,113.9,TRUE
"REEL_KESIM_GUVEN",2007-08-01,114.2,TRUE
"REEL_KESIM_GUVEN",2007-09-01,109.5,TRUE
"REEL_KESIM_GUVEN",2007-10-01,103.9,TRUE
"REEL_KESIM_GUVEN",2007-11-01,103.7,TRUE
"REEL_KESIM_GUVEN",2007-12-01,103.4,TRUE
"REEL_KESIM_GUVEN",2008-01-01,106.7,TRUE
"REEL_KESIM_GUVEN",2008-02-01,106.3,TRUE
"REEL_KESIM_GUVEN",2008-03-01,106.1,TRUE
"REEL_KESIM_GUVEN",2008-04-01,105.1,TRUE
"REEL_KESIM_GUVEN",2008-05-01,104.4,TRUE
"REEL_KESIM_GUVEN",2008-06-01,101.4,TRUE
"REEL_KESIM_GUVEN",2008-07-01,97.9,TRUE
"REEL_KESIM_GUVEN",2008-08-01,97.3,TRUE
"REEL_KESIM_GUVEN",2008-09-01,88.4,TRUE
"REEL_KESIM_GUVEN",2008-10-01,69.6,TRUE
"REEL_KESIM_GUVEN",2008-11-01,54,TRUE
"REEL_KESIM_GUVEN",2008-12-01,52.6,TRUE
"REEL_KESIM_GUVEN",2009-01-01,60.1,TRUE
"REEL_KESIM_GUVEN",2009-02-01,65.2,TRUE
"REEL_KESIM_GUVEN",2009-03-01,69.9,TRUE
"REEL_KESIM_GUVEN",2009-04-01,86.7,TRUE
"REEL_KESIM_GUVEN",2009-05-01,99,TRUE
"REEL_KESIM_GUVEN",2009-06-01,100,TRUE
"REEL_KESIM_GUVEN",2009-07-01,100.4,TRUE
"REEL_KESIM_GUVEN",2009-08-01,98.4,TRUE
"REEL_KESIM_GUVEN",2009-09-01,96,TRUE
"REEL_KESIM_GUVEN",2009-10-01,91.1,TRUE
"REEL_KESIM_GUVEN",2009-11-01,90.7,TRUE
"REEL_KESIM_GUVEN",2009-12-01,90.1,TRUE
"REEL_KESIM_GUVEN",2010-01-01,102.3,TRUE
"REEL_KESIM_GUVEN",2010-02-01,103.5,TRUE
"REEL_KESIM_GUVEN",2010-03-01,110.4,TRUE
"REEL_KESIM_GUVEN",2010-04-01,119.2,TRUE
"REEL_KESIM_GUVEN",2010-05-01,114,TRUE
"REEL_KESIM_GUVEN",2010-06-01,111.1,TRUE
"REEL_KESIM_GUVEN",2010-07-01,109.9,TRUE
"REEL_KESIM_GUVEN",2010-08-01,109.1,TRUE
"REEL_KESIM_GUVEN",2010-09-01,109.4,TRUE
"REEL_KESIM_GUVEN",2010-10-01,105.4,TRUE
"REEL_KESIM_GUVEN",2010-11-01,106.8,TRUE
"REEL_KESIM_GUVEN",2010-12-01,106.5,TRUE
"REEL_KESIM_GUVEN",2011-01-01,113,TRUE
"REEL_KESIM_GUVEN",2011-02-01,111.2,TRUE
"REEL_KESIM_GUVEN",2011-03-01,114.5,TRUE
"REEL_KESIM_GUVEN",2011-04-01,117,TRUE
"REEL_KESIM_GUVEN",2011-05-01,117.9,TRUE
"REEL_KESIM_GUVEN",2011-06-01,115.3,TRUE
"REEL_KESIM_GUVEN",2011-07-01,112.6,TRUE
"REEL_KESIM_GUVEN",2011-08-01,109.3,TRUE
"REEL_KESIM_GUVEN",2011-09-01,111.6,TRUE
"REEL_KESIM_GUVEN",2011-10-01,101.6,TRUE
"REEL_KESIM_GUVEN",2011-11-01,102.4,TRUE
"REEL_KESIM_GUVEN",2011-12-01,99.3,TRUE
"REEL_KESIM_GUVEN",2012-01-01,102,TRUE
"REEL_KESIM_GUVEN",2012-02-01,108.7,TRUE
"REEL_KESIM_GUVEN",2012-03-01,112.6,TRUE
"REEL_KESIM_GUVEN",2012-04-01,115.4,TRUE
"REEL_KESIM_GUVEN",2012-05-01,114.3,TRUE
"REEL_KESIM_GUVEN",2012-06-01,108.1,TRUE
"REEL_KESIM_GUVEN",2012-07-01,109.1,TRUE
"REEL_KESIM_GUVEN",2012-08-01,105.7,TRUE
"REEL_KESIM_GUVEN",2012-09-01,103,TRUE
"REEL_KESIM_GUVEN",2012-10-01,100.8,TRUE
"REEL_KESIM_GUVEN",2012-11-01,101.9,TRUE
"REEL_KESIM_GUVEN",2012-12-01,97.6,TRUE
"REEL_KESIM_GUVEN",2013-01-01,101.9,TRUE
"REEL_KESIM_GUVEN",2013-02-01,105.9,TRUE
"REEL_KESIM_GUVEN",2013-03-01,111.9,TRUE
"REEL_KESIM_GUVEN",2013-04-01,111.5,TRUE
"REEL_KESIM_GUVEN",2013-05-01,114.3,TRUE
"REEL_KESIM_GUVEN",2013-06-01,114.2,TRUE
"REEL_KESIM_GUVEN",2013-07-01,109,TRUE
"REEL_KESIM_GUVEN",2013-08-01,106.8,TRUE
"REEL_KESIM_GUVEN",2013-09-01,104.7,TRUE
"REEL_KESIM_GUVEN",2013-10-01,103.9,TRUE
"REEL_KESIM_GUVEN",2013-11-01,98.7,TRUE
"REEL_KESIM_GUVEN",2013-12-01,96.7,TRUE
"REEL_KESIM_GUVEN",2014-01-01,95.8,TRUE
"REEL_KESIM_GUVEN",2014-02-01,99.2,TRUE
"REEL_KESIM_GUVEN",2014-03-01,106.4,TRUE
"REEL_KESIM_GUVEN",2014-04-01,110.6,TRUE
"REEL_KESIM_GUVEN",2014-05-01,113.5,TRUE
"REEL_KESIM_GUVEN",2014-06-01,110.4,TRUE
"REEL_KESIM_GUVEN",2014-07-01,107.3,TRUE
"REEL_KESIM_GUVEN",2014-08-01,103.9,TRUE
"REEL_KESIM_GUVEN",2014-09-01,104.5,TRUE
"REEL_KESIM_GUVEN",2014-10-01,105.3,TRUE
"REEL_KESIM_GUVEN",2014-11-01,99.2,TRUE
"REEL_KESIM_GUVEN",2014-12-01,98.5,TRUE
"REEL_KESIM_GUVEN",2015-01-01,101.7,TRUE
"REEL_KESIM_GUVEN",2015-02-01,103.7,TRUE
"REEL_KESIM_GUVEN",2015-03-01,103,TRUE
"REEL_KESIM_GUVEN",2015-04-01,109.7,TRUE
"REEL_KESIM_GUVEN",2015-05-01,111.3,TRUE
"REEL_KESIM_GUVEN",2015-06-01,105.6,TRUE
"REEL_KESIM_GUVEN",2015-07-01,104.8,TRUE
"REEL_KESIM_GUVEN",2015-08-01,102.9,TRUE
"REEL_KESIM_GUVEN",2015-09-01,98.2,TRUE
"REEL_KESIM_GUVEN",2015-10-01,97.7,TRUE
"REEL_KESIM_GUVEN",2015-11-01,102.6,TRUE
"REEL_KESIM_GUVEN",2015-12-01,100.4,TRUE
"REEL_KESIM_GUVEN",2016-01-01,103.2,TRUE
"REEL_KESIM_GUVEN",2016-02-01,104.6,TRUE
"REEL_KESIM_GUVEN",2016-03-01,107.2,TRUE
"REEL_KESIM_GUVEN",2016-04-01,110.5,TRUE
"REEL_KESIM_GUVEN",2016-05-01,110.2,TRUE
"REEL_KESIM_GUVEN",2016-06-01,107.7,TRUE
"REEL_KESIM_GUVEN",2016-07-01,108,TRUE
"REEL_KESIM_GUVEN",2016-08-01,102.2,TRUE
"REEL_KESIM_GUVEN",2016-09-01,106.1,TRUE
"REEL_KESIM_GUVEN",2016-10-01,101,TRUE
"REEL_KESIM_GUVEN",2016-11-01,103.5,TRUE
"REEL_KESIM_GUVEN",2016-12-01,97.6,TRUE
"REEL_KESIM_GUVEN",2017-01-01,97.1,TRUE
"REEL_KESIM_GUVEN",2017-02-01,105.9,TRUE
"REEL_KESIM_GUVEN",2017-03-01,108.9,TRUE
"REEL_KESIM_GUVEN",2017-04-01,111.2,TRUE
"REEL_KESIM_GUVEN",2017-05-01,109.2,TRUE
"REEL_KESIM_GUVEN",2017-06-01,112.4,TRUE
"REEL_KESIM_GUVEN",2017-07-01,109.5,TRUE
"REEL_KESIM_GUVEN",2017-08-01,110.7,TRUE
"REEL_KESIM_GUVEN",2017-09-01,111.6,TRUE
"REEL_KESIM_GUVEN",2017-10-01,109.5,TRUE
"REEL_KESIM_GUVEN",2017-11-01,106.3,TRUE
"REEL_KESIM_GUVEN",2017-12-01,103.3,TRUE
"REEL_KESIM_GUVEN",2018-01-01,108.3,TRUE
"REEL_KESIM_GUVEN",2018-02-01,110.8,TRUE
"REEL_KESIM_GUVEN",2018-03-01,111.9,TRUE
"REEL_KESIM_GUVEN",2018-04-01,111.2,TRUE
"REEL_KESIM_GUVEN",2018-05-01,109.9,TRUE
"REEL_KESIM_GUVEN",2018-06-01,104.6,TRUE
"REEL_KESIM_GUVEN",2018-07-01,102.7,TRUE
"REEL_KESIM_GUVEN",2018-08-01,96.4,TRUE
"REEL_KESIM_GUVEN",2018-09-01,89.6,TRUE
"REEL_KESIM_GUVEN",2018-10-01,87.6,TRUE
"REEL_KESIM_GUVEN",2018-11-01,92.8,TRUE
"REEL_KESIM_GUVEN",2018-12-01,91.5,TRUE
"REEL_KESIM_GUVEN",2019-01-01,93,TRUE
"REEL_KESIM_GUVEN",2019-02-01,97.2,TRUE
"REEL_KESIM_GUVEN",2019-03-01,102.1,TRUE
"REEL_KESIM_GUVEN",2019-04-01,105.5,TRUE
"REEL_KESIM_GUVEN",2019-05-01,98.9,TRUE
"REEL_KESIM_GUVEN",2019-06-01,102.5,TRUE
"REEL_KESIM_GUVEN",2019-07-01,98.3,TRUE
"REEL_KESIM_GUVEN",2019-08-01,102.5,TRUE
"REEL_KESIM_GUVEN",2019-09-01,98.8,TRUE
"REEL_KESIM_GUVEN",2019-10-01,100.9,TRUE
"REEL_KESIM_GUVEN",2019-11-01,102,TRUE
"REEL_KESIM_GUVEN",2019-12-01,103.6,TRUE
"REEL_KESIM_GUVEN",2020-01-01,104.1,TRUE
"REEL_KESIM_GUVEN",2020-02-01,106.9,TRUE
"REEL_KESIM_GUVEN",2020-03-01,99.7,TRUE
"REEL_KESIM_GUVEN",2020-04-01,66.8,TRUE
"REEL_KESIM_GUVEN",2020-05-01,76.9,TRUE
"REEL_KESIM_GUVEN",2020-06-01,92.6,TRUE
"REEL_KESIM_GUVEN",2020-07-01,100.7,TRUE
"REEL_KESIM_GUVEN",2020-08-01,106.2,TRUE
"REEL_KESIM_GUVEN",2020-09-01,105.3,TRUE
"REEL_KESIM_GUVEN",2020-10-01,108.1,TRUE
"REEL_KESIM_GUVEN",2020-11-01,103.9,TRUE
"REEL_KESIM_GUVEN",2020-12-01,106.8,TRUE
"REEL_KESIM_GUVEN",2021-01-01,107,TRUE
"REEL_KESIM_GUVEN",2021-02-01,109.3,TRUE
"REEL_KESIM_GUVEN",2021-03-01,110.8,TRUE
"REEL_KESIM_GUVEN",2021-04-01,111,TRUE
"REEL_KESIM_GUVEN",2021-05-01,110.3,TRUE
"REEL_KESIM_GUVEN",2021-06-01,113,TRUE
"REEL_KESIM_GUVEN",2021-07-01,114.8,TRUE
"REEL_KESIM_GUVEN",2021-08-01,113.9,TRUE
"REEL_KESIM_GUVEN",2021-09-01,113.4,TRUE
"REEL_KESIM_GUVEN",2021-10-01,109.6,TRUE
"REEL_KESIM_GUVEN",2021-11-01,108.4,TRUE
"REEL_KESIM_GUVEN",2021-12-01,106.1,TRUE
"REEL_KESIM_GUVEN",2022-01-01,109.5,TRUE
"REEL_KESIM_GUVEN",2022-02-01,109.8,TRUE
"REEL_KESIM_GUVEN",2022-03-01,108.5,TRUE
"REEL_KESIM_GUVEN",2022-04-01,109.7,TRUE
"REEL_KESIM_GUVEN",2022-05-01,109.4,TRUE
"REEL_KESIM_GUVEN",2022-06-01,106.4,TRUE
"REEL_KESIM_GUVEN",2022-07-01,103.7,TRUE
"REEL_KESIM_GUVEN",2022-08-01,102.1,TRUE
"REEL_KESIM_GUVEN",2022-09-01,99.9,TRUE
"REEL_KESIM_GUVEN",2022-10-01,100.3,TRUE
"REEL_KESIM_GUVEN",2022-11-01,97.9,TRUE
"REEL_KESIM_GUVEN",2022-12-01,97.8,TRUE
"REEL_KESIM_GUVEN",2023-01-01,101.7,TRUE
"REEL_KESIM_GUVEN",2023-02-01,102.4,TRUE
"REEL_KESIM_GUVEN",2023-03-01,105.2,TRUE
"REEL_KESIM_GUVEN",2023-04-01,108,TRUE
"REEL_KESIM_GUVEN",2023-05-01,108.3,TRUE
"REEL_KESIM_GUVEN",2023-06-01,108.2,TRUE
"REEL_KESIM_GUVEN",2023-07-01,106.8,TRUE
"REEL_KESIM_GUVEN",2023-08-01,105,TRUE
"REEL_KESIM_GUVEN",2023-09-01,104.4,TRUE
"REEL_KESIM_GUVEN",2023-10-01,103.3,TRUE
"REEL_KESIM_GUVEN",2023-11-01,100.2,TRUE
"REEL_KESIM_GUVEN",2023-12-01,99.1,TRUE
"REEL_KESIM_GUVEN",2024-01-01,100.9,TRUE
"REEL_KESIM_GUVEN",2024-02-01,101.5,TRUE
"REEL_KESIM_GUVEN",2024-03-01,104.4,TRUE
"REEL_KESIM_GUVEN",2024-04-01,106.1,TRUE
"REEL_KESIM_GUVEN",2024-05-01,105.4,TRUE
"REEL_KESIM_GUVEN",2024-06-01,102.8,TRUE
"REEL_KESIM_GUVEN",2024-07-01,100.3,TRUE
"REEL_KESIM_GUVEN",2024-08-01,98.5,TRUE
"REEL_KESIM_GUVEN",2024-09-01,98.8,TRUE
"REEL_KESIM_GUVEN",2024-10-01,100.9,TRUE
"REEL_KESIM_GUVEN",2024-11-01,100.4,TRUE
"REEL_KESIM_GUVEN",2024-12-01,99.1,TRUE
"REEL_KESIM_GUVEN",2025-01-01,100.9,TRUE
"REEL_KESIM_GUVEN",2025-02-01,102.4,TRUE
"REEL_KESIM_GUVEN",2025-03-01,104.1,TRUE
"REEL_KESIM_GUVEN",2025-04-01,103.2,TRUE
"REEL_KESIM_GUVEN",2025-05-01,101.4,TRUE
"REEL_KESIM_GUVEN",2025-06-01,100.3,TRUE
"REEL_KESIM_GUVEN",2025-07-01,100.2,TRUE
"REEL_KESIM_GUVEN",2025-08-01,100.6,TRUE
"REEL_KESIM_GUVEN",2025-09-01,100.2,TRUE
"REEL_KESIM_GUVEN",2025-10-01,100.8,TRUE
"REEL_KESIM_GUVEN",2025-11-01,100.8,TRUE
"REEL_KESIM_GUVEN",2025-12-01,100.8,TRUE
"REEL_KESIM_GUVEN",2026-01-01,101.6,TRUE
"REEL_KESIM_GUVEN",2026-02-01,104.1,TRUE
"REEL_KESIM_GUVEN",2026-03-01,101,TRUE
"REEL_KESIM_GUVEN",2026-04-01,100.6,TRUE
"REEL_KESIM_GUVEN",2026-05-01,103.3,TRUE
"REEL_KESIM_GUVEN",2026-06-01,103.5,TRUE
"REEL_KESIM_GUVEN",2026-07-01,102.2,TRUE
"REEL_KESIM_GUVEN",2026-08-01,102.8,TRUE
"REEL_KESIM_GUVEN",2026-09-01,102,TRUE
"KAPASITE_KULLANIM",2007-01-01,80.4,TRUE
"KAPASITE_KULLANIM",2007-02-01,78.7,TRUE
"KAPASITE_KULLANIM",2007-03-01,81,TRUE
"KAPASITE_KULLANIM",2007-04-01,82.1,TRUE
"KAPASITE_KULLANIM",2007-05-01,82.8,TRUE
"KAPASITE_KULLANIM",2007-06-01,83.8,TRUE
"KAPASITE_KULLANIM",2007-07-01,84.1,TRUE
"KAPASITE_KULLANIM",2007-08-01,81.8,TRUE
"KAPASITE_KULLANIM",2007-09-01,82.9,TRUE
"KAPASITE_KULLANIM",2007-10-01,83,TRUE
"KAPASITE_KULLANIM",2007-11-01,82.5,TRUE
"KAPASITE_KULLANIM",2007-12-01,80.7,TRUE
"KAPASITE_KULLANIM",2008-01-01,79.9,TRUE
"KAPASITE_KULLANIM",2008-02-01,79.3,TRUE
"KAPASITE_KULLANIM",2008-03-01,78.2,TRUE
"KAPASITE_KULLANIM",2008-04-01,80.1,TRUE
"KAPASITE_KULLANIM",2008-05-01,80.8,TRUE
"KAPASITE_KULLANIM",2008-06-01,82.2,TRUE
"KAPASITE_KULLANIM",2008-07-01,81.6,TRUE
"KAPASITE_KULLANIM",2008-08-01,81.9,TRUE
"KAPASITE_KULLANIM",2008-09-01,79.6,TRUE
"KAPASITE_KULLANIM",2008-10-01,77.9,TRUE
"KAPASITE_KULLANIM",2008-11-01,74,TRUE
"KAPASITE_KULLANIM",2008-12-01,66.7,TRUE
"KAPASITE_KULLANIM",2009-01-01,62.6,TRUE
"KAPASITE_KULLANIM",2009-02-01,62.2,TRUE
"KAPASITE_KULLANIM",2009-03-01,60.8,TRUE
"KAPASITE_KULLANIM",2009-04-01,61.2,TRUE
"KAPASITE_KULLANIM",2009-05-01,65.7,TRUE
"KAPASITE_KULLANIM",2009-06-01,70.4,TRUE
"KAPASITE_KULLANIM",2009-07-01,69.8,TRUE
"KAPASITE_KULLANIM",2009-08-01,71.5,TRUE
"KAPASITE_KULLANIM",2009-09-01,69.4,TRUE
"KAPASITE_KULLANIM",2009-10-01,69.5,TRUE
"KAPASITE_KULLANIM",2009-11-01,70.8,TRUE
"KAPASITE_KULLANIM",2009-12-01,68.8,TRUE
"KAPASITE_KULLANIM",2010-01-01,68.7,TRUE
"KAPASITE_KULLANIM",2010-02-01,68,TRUE
"KAPASITE_KULLANIM",2010-03-01,68,TRUE
"KAPASITE_KULLANIM",2010-04-01,74.8,TRUE
"KAPASITE_KULLANIM",2010-05-01,75.1,TRUE
"KAPASITE_KULLANIM",2010-06-01,75,TRUE
"KAPASITE_KULLANIM",2010-07-01,75.8,TRUE
"KAPASITE_KULLANIM",2010-08-01,75,TRUE
"KAPASITE_KULLANIM",2010-09-01,75.2,TRUE
"KAPASITE_KULLANIM",2010-10-01,76.3,TRUE
"KAPASITE_KULLANIM",2010-11-01,76.8,TRUE
"KAPASITE_KULLANIM",2010-12-01,76.7,TRUE
"KAPASITE_KULLANIM",2011-01-01,75.8,TRUE
"KAPASITE_KULLANIM",2011-02-01,74.8,TRUE
"KAPASITE_KULLANIM",2011-03-01,74.9,TRUE
"KAPASITE_KULLANIM",2011-04-01,76.5,TRUE
"KAPASITE_KULLANIM",2011-05-01,77.1,TRUE
"KAPASITE_KULLANIM",2011-06-01,78.8,TRUE
"KAPASITE_KULLANIM",2011-07-01,77.3,TRUE
"KAPASITE_KULLANIM",2011-08-01,77.7,TRUE
"KAPASITE_KULLANIM",2011-09-01,77.8,TRUE
"KAPASITE_KULLANIM",2011-10-01,78.1,TRUE
"KAPASITE_KULLANIM",2011-11-01,78.2,TRUE
"KAPASITE_KULLANIM",2011-12-01,76.8,TRUE
"KAPASITE_KULLANIM",2012-01-01,75.7,TRUE
"KAPASITE_KULLANIM",2012-02-01,74.1,TRUE
"KAPASITE_KULLANIM",2012-03-01,74.6,TRUE
"KAPASITE_KULLANIM",2012-04-01,77.6,TRUE
"KAPASITE_KULLANIM",2012-05-01,76.7,TRUE
"KAPASITE_KULLANIM",2012-06-01,76.4,TRUE
"KAPASITE_KULLANIM",2012-07-01,77.1,TRUE
"KAPASITE_KULLANIM",2012-08-01,77,TRUE
"KAPASITE_KULLANIM",2012-09-01,77,TRUE
"KAPASITE_KULLANIM",2012-10-01,77.5,TRUE
"KAPASITE_KULLANIM",2012-11-01,77.1,TRUE
"KAPASITE_KULLANIM",2012-12-01,76.7,TRUE
"KAPASITE_KULLANIM",2013-01-01,75,TRUE
"KAPASITE_KULLANIM",2013-02-01,73.5,TRUE
"KAPASITE_KULLANIM",2013-03-01,74.2,TRUE
"KAPASITE_KULLANIM",2013-04-01,75,TRUE
"KAPASITE_KULLANIM",2013-05-01,76.6,TRUE
"KAPASITE_KULLANIM",2013-06-01,77.5,TRUE
"KAPASITE_KULLANIM",2013-07-01,78.1,TRUE
"KAPASITE_KULLANIM",2013-08-01,78.9,TRUE
"KAPASITE_KULLANIM",2013-09-01,77.8,TRUE
"KAPASITE_KULLANIM",2013-10-01,78.6,TRUE
"KAPASITE_KULLANIM",2013-11-01,77.5,TRUE
"KAPASITE_KULLANIM",2013-12-01,78,TRUE
"KAPASITE_KULLANIM",2014-01-01,75.6,TRUE
"KAPASITE_KULLANIM",2014-02-01,73.8,TRUE
"KAPASITE_KULLANIM",2014-03-01,74.5,TRUE
"KAPASITE_KULLANIM",2014-04-01,75.1,TRUE
"KAPASITE_KULLANIM",2014-05-01,74.7,TRUE
"KAPASITE_KULLANIM",2014-06-01,75.6,TRUE
"KAPASITE_KULLANIM",2014-07-01,74.9,TRUE
"KAPASITE_KULLANIM",2014-08-01,74.9,TRUE
"KAPASITE_KULLANIM",2014-09-01,75.1,TRUE
"KAPASITE_KULLANIM",2014-10-01,75.4,TRUE
"KAPASITE_KULLANIM",2014-11-01,75.1,TRUE
"KAPASITE_KULLANIM",2014-12-01,75.5,TRUE
"KAPASITE_KULLANIM",2015-01-01,74.4,TRUE
"KAPASITE_KULLANIM",2015-02-01,74.1,TRUE
"KAPASITE_KULLANIM",2015-03-01,74,TRUE
"KAPASITE_KULLANIM",2015-04-01,76.8,TRUE
"KAPASITE_KULLANIM",2015-05-01,77.5,TRUE
"KAPASITE_KULLANIM",2015-06-01,77.6,TRUE
"KAPASITE_KULLANIM",2015-07-01,78.5,TRUE
"KAPASITE_KULLANIM",2015-08-01,76.8,TRUE
"KAPASITE_KULLANIM",2015-09-01,78.1,TRUE
"KAPASITE_KULLANIM",2015-10-01,77.6,TRUE
"KAPASITE_KULLANIM",2015-11-01,78.4,TRUE
"KAPASITE_KULLANIM",2015-12-01,78.1,TRUE
"KAPASITE_KULLANIM",2016-01-01,77.2,TRUE
"KAPASITE_KULLANIM",2016-02-01,76,TRUE
"KAPASITE_KULLANIM",2016-03-01,76.2,TRUE
"KAPASITE_KULLANIM",2016-04-01,77,TRUE
"KAPASITE_KULLANIM",2016-05-01,77.7,TRUE
"KAPASITE_KULLANIM",2016-06-01,78,TRUE
"KAPASITE_KULLANIM",2016-07-01,77.8,TRUE
"KAPASITE_KULLANIM",2016-08-01,76.3,TRUE
"KAPASITE_KULLANIM",2016-09-01,78.1,TRUE
"KAPASITE_KULLANIM",2016-10-01,77.9,TRUE
"KAPASITE_KULLANIM",2016-11-01,78,TRUE
"KAPASITE_KULLANIM",2016-12-01,78.1,TRUE
"KAPASITE_KULLANIM",2017-01-01,77,TRUE
"KAPASITE_KULLANIM",2017-02-01,76.8,TRUE
"KAPASITE_KULLANIM",2017-03-01,76.7,TRUE
"KAPASITE_KULLANIM",2017-04-01,78.4,TRUE
"KAPASITE_KULLANIM",2017-05-01,78.8,TRUE
"KAPASITE_KULLANIM",2017-06-01,79,TRUE
"KAPASITE_KULLANIM",2017-07-01,78.7,TRUE
"KAPASITE_KULLANIM",2017-08-01,78.8,TRUE
"KAPASITE_KULLANIM",2017-09-01,79,TRUE
"KAPASITE_KULLANIM",2017-10-01,79.7,TRUE
"KAPASITE_KULLANIM",2017-11-01,79.9,TRUE
"KAPASITE_KULLANIM",2017-12-01,79,TRUE
"KAPASITE_KULLANIM",2018-01-01,78.2,TRUE
"KAPASITE_KULLANIM",2018-02-01,77.8,TRUE
"KAPASITE_KULLANIM",2018-03-01,77.8,TRUE
"KAPASITE_KULLANIM",2018-04-01,77.3,TRUE
"KAPASITE_KULLANIM",2018-05-01,77.9,TRUE
"KAPASITE_KULLANIM",2018-06-01,78.3,TRUE
"KAPASITE_KULLANIM",2018-07-01,77.1,TRUE
"KAPASITE_KULLANIM",2018-08-01,77.8,TRUE
"KAPASITE_KULLANIM",2018-09-01,76.2,TRUE
"KAPASITE_KULLANIM",2018-10-01,75.4,TRUE
"KAPASITE_KULLANIM",2018-11-01,74.1,TRUE
"KAPASITE_KULLANIM",2018-12-01,74.1,TRUE
"KAPASITE_KULLANIM",2019-01-01,74.4,TRUE
"KAPASITE_KULLANIM",2019-02-01,74,TRUE
"KAPASITE_KULLANIM",2019-03-01,74.3,TRUE
"KAPASITE_KULLANIM",2019-04-01,75,TRUE
"KAPASITE_KULLANIM",2019-05-01,76.3,TRUE
"KAPASITE_KULLANIM",2019-06-01,77.1,TRUE
"KAPASITE_KULLANIM",2019-07-01,76.2,TRUE
"KAPASITE_KULLANIM",2019-08-01,76.6,TRUE
"KAPASITE_KULLANIM",2019-09-01,76.3,TRUE
"KAPASITE_KULLANIM",2019-10-01,76.4,TRUE
"KAPASITE_KULLANIM",2019-11-01,77.2,TRUE
"KAPASITE_KULLANIM",2019-12-01,77,TRUE
"KAPASITE_KULLANIM",2020-01-01,75.5,TRUE
"KAPASITE_KULLANIM",2020-02-01,76,TRUE
"KAPASITE_KULLANIM",2020-03-01,75.3,TRUE
"KAPASITE_KULLANIM",2020-04-01,61.6,TRUE
"KAPASITE_KULLANIM",2020-05-01,62.6,TRUE
"KAPASITE_KULLANIM",2020-06-01,66,TRUE
"KAPASITE_KULLANIM",2020-07-01,70.7,TRUE
"KAPASITE_KULLANIM",2020-08-01,73.3,TRUE
"KAPASITE_KULLANIM",2020-09-01,74.6,TRUE
"KAPASITE_KULLANIM",2020-10-01,75.4,TRUE
"KAPASITE_KULLANIM",2020-11-01,75.8,TRUE
"KAPASITE_KULLANIM",2020-12-01,75.6,TRUE
"KAPASITE_KULLANIM",2021-01-01,75.4,TRUE
"KAPASITE_KULLANIM",2021-02-01,74.9,TRUE
"KAPASITE_KULLANIM",2021-03-01,74.7,TRUE
"KAPASITE_KULLANIM",2021-04-01,75.9,TRUE
"KAPASITE_KULLANIM",2021-05-01,75.3,TRUE
"KAPASITE_KULLANIM",2021-06-01,76.6,TRUE
"KAPASITE_KULLANIM",2021-07-01,76.7,TRUE
"KAPASITE_KULLANIM",2021-08-01,77.1,TRUE
"KAPASITE_KULLANIM",2021-09-01,78.1,TRUE
"KAPASITE_KULLANIM",2021-10-01,78,TRUE
"KAPASITE_KULLANIM",2021-11-01,78.1,TRUE
"KAPASITE_KULLANIM",2021-12-01,78.7,TRUE
"KAPASITE_KULLANIM",2022-01-01,77.6,TRUE
"KAPASITE_KULLANIM",2022-02-01,76.6,TRUE
"KAPASITE_KULLANIM",2022-03-01,77.3,TRUE
"KAPASITE_KULLANIM",2022-04-01,77.8,TRUE
"KAPASITE_KULLANIM",2022-05-01,78,TRUE
"KAPASITE_KULLANIM",2022-06-01,77.6,TRUE
"KAPASITE_KULLANIM",2022-07-01,78.2,TRUE
"KAPASITE_KULLANIM",2022-08-01,76.7,TRUE
"KAPASITE_KULLANIM",2022-09-01,77.4,TRUE
"KAPASITE_KULLANIM",2022-10-01,76.9,TRUE
"KAPASITE_KULLANIM",2022-11-01,75.9,TRUE
"KAPASITE_KULLANIM",2022-12-01,76.5,TRUE
"KAPASITE_KULLANIM",2023-01-01,75.3,TRUE
"KAPASITE_KULLANIM",2023-02-01,75.2,TRUE
"KAPASITE_KULLANIM",2023-03-01,73.5,TRUE
"KAPASITE_KULLANIM",2023-04-01,75.4,TRUE
"KAPASITE_KULLANIM",2023-05-01,76,TRUE
"KAPASITE_KULLANIM",2023-06-01,76.8,TRUE
"KAPASITE_KULLANIM",2023-07-01,77.1,TRUE
"KAPASITE_KULLANIM",2023-08-01,76.1,TRUE
"KAPASITE_KULLANIM",2023-09-01,77.3,TRUE
"KAPASITE_KULLANIM",2023-10-01,77.4,TRUE
"KAPASITE_KULLANIM",2023-11-01,78,TRUE
"KAPASITE_KULLANIM",2023-12-01,77.5,TRUE
"KAPASITE_KULLANIM",2024-01-01,76.2,TRUE
"KAPASITE_KULLANIM",2024-02-01,76.4,TRUE
"KAPASITE_KULLANIM",2024-03-01,76.2,TRUE
"KAPASITE_KULLANIM",2024-04-01,76.7,TRUE
"KAPASITE_KULLANIM",2024-05-01,76.3,TRUE
"KAPASITE_KULLANIM",2024-06-01,76.3,TRUE
"KAPASITE_KULLANIM",2024-07-01,75.9,TRUE
"KAPASITE_KULLANIM",2024-08-01,75.4,TRUE
"KAPASITE_KULLANIM",2024-09-01,74.9,TRUE
"KAPASITE_KULLANIM",2024-10-01,74.9,TRUE
"KAPASITE_KULLANIM",2024-11-01,76.1,TRUE
"KAPASITE_KULLANIM",2024-12-01,75.8,TRUE
"KAPASITE_KULLANIM",2025-01-01,74.6,TRUE
"KAPASITE_KULLANIM",2025-02-01,74.5,TRUE
"KAPASITE_KULLANIM",2025-03-01,74.4,TRUE
"KAPASITE_KULLANIM",2025-04-01,74.3,TRUE
"KAPASITE_KULLANIM",2025-05-01,75,TRUE
"KAPASITE_KULLANIM",2025-06-01,74.6,TRUE
"KAPASITE_KULLANIM",2025-07-01,74.2,TRUE
"KAPASITE_KULLANIM",2025-08-01,73.5,TRUE
"KAPASITE_KULLANIM",2025-09-01,74,TRUE
"KAPASITE_KULLANIM",2025-10-01,74.2,TRUE
"KAPASITE_KULLANIM",2025-11-01,74.4,TRUE
"KAPASITE_KULLANIM",2025-12-01,74.4,TRUE
"KAPASITE_KULLANIM",2026-01-01,74.1,TRUE
"KAPASITE_KULLANIM",2026-02-01,73.5,TRUE
"KAPASITE_KULLANIM",2026-03-01,73.3,TRUE
"KAPASITE_KULLANIM",2026-04-01,73.8,TRUE
"KAPASITE_KULLANIM",2026-05-01,74.2,TRUE
"KAPASITE_KULLANIM",2026-06-01,74.5,TRUE
"KAPASITE_KULLANIM",2026-07-01,73.9,TRUE
"KAPASITE_KULLANIM",2026-08-01,73.5,TRUE
"KAPASITE_KULLANIM",2026-09-01,74.2,TRUE
"GENC_ISSIZLIK",2000-01-01,12.944,TRUE
"GENC_ISSIZLIK",2001-01-01,16.048,TRUE
"GENC_ISSIZLIK",2002-01-01,18.944,TRUE
"GENC_ISSIZLIK",2003-01-01,20.253,TRUE
"GENC_ISSIZLIK",2004-01-01,20.333,TRUE
"GENC_ISSIZLIK",2005-01-01,19.685,TRUE
"GENC_ISSIZLIK",2006-01-01,18.89,TRUE
"GENC_ISSIZLIK",2007-01-01,19.807,TRUE
"GENC_ISSIZLIK",2008-01-01,20.304,TRUE
"GENC_ISSIZLIK",2009-01-01,25.093,TRUE
"GENC_ISSIZLIK",2010-01-01,21.578,TRUE
"GENC_ISSIZLIK",2011-01-01,18.208,TRUE
"GENC_ISSIZLIK",2012-01-01,17.342,TRUE
"GENC_ISSIZLIK",2013-01-01,18.442,TRUE
"GENC_ISSIZLIK",2014-01-01,17.698,TRUE
"GENC_ISSIZLIK",2015-01-01,18.299,TRUE
"GENC_ISSIZLIK",2016-01-01,19.369,TRUE
"GENC_ISSIZLIK",2017-01-01,20.469,TRUE
"GENC_ISSIZLIK",2018-01-01,20.011,TRUE
"GENC_ISSIZLIK",2019-01-01,25.039,TRUE
"GENC_ISSIZLIK",2020-01-01,24.919,TRUE
"GENC_ISSIZLIK",2021-01-01,22.36,TRUE
"GENC_ISSIZLIK",2022-01-01,19.289,TRUE
"GENC_ISSIZLIK",2023-01-01,17.306,TRUE
"GENC_ISSIZLIK",2024-01-01,16.287,TRUE
"GENC_ISSIZLIK",2025-01-01,16.042,TRUE
"PERAKENDE_SATIS",2011-01-01,13.6591478835,TRUE
"PERAKENDE_SATIS",2011-04-01,11.9611414657,TRUE
"PERAKENDE_SATIS",2011-07-01,10.9806224395,TRUE
"PERAKENDE_SATIS",2011-10-01,7.5396825496,TRUE
"PERAKENDE_SATIS",2012-01-01,5.0165380306,TRUE
"PERAKENDE_SATIS",2012-04-01,6.5618221268,TRUE
"PERAKENDE_SATIS",2012-07-01,5.0264550186,TRUE
"PERAKENDE_SATIS",2012-10-01,6.5366367977,TRUE
"PERAKENDE_SATIS",2013-01-01,7.6640419957,TRUE
"PERAKENDE_SATIS",2013-04-01,6.6666666698,TRUE
"PERAKENDE_SATIS",2013-07-01,7.0025188925,TRUE
"PERAKENDE_SATIS",2013-10-01,7.4715487341,TRUE
"PERAKENDE_SATIS",2014-01-01,6.4358849341,TRUE
"PERAKENDE_SATIS",2014-04-01,3.3396946494,TRUE
"PERAKENDE_SATIS",2014-07-01,3.719397373,TRUE
"PERAKENDE_SATIS",2014-10-01,3.8674033197,TRUE
"PERAKENDE_SATIS",2015-01-01,5.1763628069,TRUE
"PERAKENDE_SATIS",2015-04-01,7.1560480208,TRUE
"PERAKENDE_SATIS",2015-07-01,7.0358601856,TRUE
"PERAKENDE_SATIS",2015-10-01,4.210992901,TRUE
"PERAKENDE_SATIS",2016-01-01,2.7439024424,TRUE
"PERAKENDE_SATIS",2016-04-01,2.5420077498,TRUE
"PERAKENDE_SATIS",2016-07-01,-0.0848176464,TRUE
"PERAKENDE_SATIS",2016-10-01,3.8706933269,TRUE
"PERAKENDE_SATIS",2017-01-01,2.8825773526,TRUE
"PERAKENDE_SATIS",2017-04-01,3.9075630246,TRUE
"PERAKENDE_SATIS",2017-07-01,8.3191850603,TRUE
"PERAKENDE_SATIS",2017-10-01,5.0778050703,TRUE
"PERAKENDE_SATIS",2018-01-01,6.9633292193,TRUE
"PERAKENDE_SATIS",2018-04-01,4.245855242,TRUE
"PERAKENDE_SATIS",2018-07-01,-1.1363636352,TRUE
"PERAKENDE_SATIS",2018-10-01,-7.950116912,TRUE
"PERAKENDE_SATIS",2019-01-01,-6.6255778099,TRUE
"PERAKENDE_SATIS",2019-04-01,-3.878975959,TRUE
"PERAKENDE_SATIS",2019-07-01,-1.6646849011,TRUE
"PERAKENDE_SATIS",2019-10-01,9.5681625806,TRUE
"PERAKENDE_SATIS",2020-01-01,8.5808580824,TRUE
"PERAKENDE_SATIS",2020-04-01,-8.9588377708,TRUE
"PERAKENDE_SATIS",2020-07-01,9.7944377355,TRUE
"PERAKENDE_SATIS",2020-10-01,8.6166924216,TRUE
"PERAKENDE_SATIS",2021-01-01,10.9802431608,TRUE
"PERAKENDE_SATIS",2021-04-01,25.7535461017,TRUE
"PERAKENDE_SATIS",2021-07-01,13.0690161455,TRUE
"PERAKENDE_SATIS",2021-10-01,12.4866595485,TRUE
"PERAKENDE_SATIS",2022-01-01,6.4361519971,TRUE
"PERAKENDE_SATIS",2022-04-01,14.5928798107,TRUE
"PERAKENDE_SATIS",2022-07-01,12.370129872,TRUE
"PERAKENDE_SATIS",2022-10-01,18.6274509801,TRUE
"PERAKENDE_SATIS",2023-01-01,26.857510453522,TRUE
"PERAKENDE_SATIS",2023-04-01,30.0522916025832,TRUE
"PERAKENDE_SATIS",2023-07-01,23.6058942502168,TRUE
"PERAKENDE_SATIS",2023-10-01,16.0757131434,TRUE
"PERAKENDE_SATIS",2024-01-01,17.2667342799185,TRUE
"PERAKENDE_SATIS",2024-04-01,9.27152317880855,TRUE
"PERAKENDE_SATIS",2024-07-01,12.8798503973822,TRUE
"PERAKENDE_SATIS",2024-10-01,14.9058337161233,TRUE
"PERAKENDE_SATIS",2025-01-01,11.1783783783786,TRUE
"PERAKENDE_SATIS",2025-04-01,16.8181818181815,TRUE
"PERAKENDE_SATIS",2025-07-01,14.723545247463,TRUE
"PERAKENDE_SATIS",2025-10-01,14.9510293823702,TRUE
"PERAKENDE_SATIS",2026-01-01,17.3278879813305,TRUE
"PERAKENDE_SATIS",2026-04-01,13.6557346674078,TRUE
"KONUT_FIYAT",2010-01-01,4.57,TRUE
"KONUT_FIYAT",2010-02-01,4.57,TRUE
"KONUT_FIYAT",2010-03-01,4.58,TRUE
"KONUT_FIYAT",2010-04-01,4.63,TRUE
"KONUT_FIYAT",2010-05-01,4.68,TRUE
"KONUT_FIYAT",2010-06-01,4.68,TRUE
"KONUT_FIYAT",2010-07-01,4.68,TRUE
"KONUT_FIYAT",2010-08-01,4.74,TRUE
"KONUT_FIYAT",2010-09-01,4.77,TRUE
"KONUT_FIYAT",2010-10-01,4.75,TRUE
"KONUT_FIYAT",2010-11-01,4.84,TRUE
"KONUT_FIYAT",2010-12-01,4.86,TRUE
"KONUT_FIYAT",2011-01-01,4.9,TRUE
"KONUT_FIYAT",2011-02-01,4.95,TRUE
"KONUT_FIYAT",2011-03-01,5,TRUE
"KONUT_FIYAT",2011-04-01,5.04,TRUE
"KONUT_FIYAT",2011-05-01,5.09,TRUE
"KONUT_FIYAT",2011-06-01,5.14,TRUE
"KONUT_FIYAT",2011-07-01,5.1,TRUE
"KONUT_FIYAT",2011-08-01,5.15,TRUE
"KONUT_FIYAT",2011-09-01,5.17,TRUE
"KONUT_FIYAT",2011-10-01,5.26,TRUE
"KONUT_FIYAT",2011-11-01,5.27,TRUE
"KONUT_FIYAT",2011-12-01,5.24,TRUE
"KONUT_FIYAT",2012-01-01,5.4,TRUE
"KONUT_FIYAT",2012-02-01,5.45,TRUE
"KONUT_FIYAT",2012-03-01,5.48,TRUE
"KONUT_FIYAT",2012-04-01,5.55,TRUE
"KONUT_FIYAT",2012-05-01,5.63,TRUE
"KONUT_FIYAT",2012-06-01,5.67,TRUE
"KONUT_FIYAT",2012-07-01,5.73,TRUE
"KONUT_FIYAT",2012-08-01,5.77,TRUE
"KONUT_FIYAT",2012-09-01,5.8,TRUE
"KONUT_FIYAT",2012-10-01,5.8,TRUE
"KONUT_FIYAT",2012-11-01,5.83,TRUE
"KONUT_FIYAT",2012-12-01,5.89,TRUE
"KONUT_FIYAT",2013-01-01,5.96,TRUE
"KONUT_FIYAT",2013-02-01,6.02,TRUE
"KONUT_FIYAT",2013-03-01,6.12,TRUE
"KONUT_FIYAT",2013-04-01,6.15,TRUE
"KONUT_FIYAT",2013-05-01,6.25,TRUE
"KONUT_FIYAT",2013-06-01,6.32,TRUE
"KONUT_FIYAT",2013-07-01,6.39,TRUE
"KONUT_FIYAT",2013-08-01,6.43,TRUE
"KONUT_FIYAT",2013-09-01,6.44,TRUE
"KONUT_FIYAT",2013-10-01,6.52,TRUE
"KONUT_FIYAT",2013-11-01,6.53,TRUE
"KONUT_FIYAT",2013-12-01,6.64,TRUE
"KONUT_FIYAT",2014-01-01,6.67,TRUE
"KONUT_FIYAT",2014-02-01,6.73,TRUE
"KONUT_FIYAT",2014-03-01,6.84,TRUE
"KONUT_FIYAT",2014-04-01,6.88,TRUE
"KONUT_FIYAT",2014-05-01,6.99,TRUE
"KONUT_FIYAT",2014-06-01,7.06,TRUE
"KONUT_FIYAT",2014-07-01,7.16,TRUE
"KONUT_FIYAT",2014-08-01,7.23,TRUE
"KONUT_FIYAT",2014-09-01,7.33,TRUE
"KONUT_FIYAT",2014-10-01,7.37,TRUE
"KONUT_FIYAT",2014-11-01,7.44,TRUE
"KONUT_FIYAT",2014-12-01,7.53,TRUE
"KONUT_FIYAT",2015-01-01,7.65,TRUE
"KONUT_FIYAT",2015-02-01,7.78,TRUE
"KONUT_FIYAT",2015-03-01,7.91,TRUE
"KONUT_FIYAT",2015-04-01,8.02,TRUE
"KONUT_FIYAT",2015-05-01,8.12,TRUE
"KONUT_FIYAT",2015-06-01,8.26,TRUE
"KONUT_FIYAT",2015-07-01,8.31,TRUE
"KONUT_FIYAT",2015-08-01,8.32,TRUE
"KONUT_FIYAT",2015-09-01,8.45,TRUE
"KONUT_FIYAT",2015-10-01,8.5,TRUE
"KONUT_FIYAT",2015-11-01,8.67,TRUE
"KONUT_FIYAT",2015-12-01,8.67,TRUE
"KONUT_FIYAT",2016-01-01,8.82,TRUE
"KONUT_FIYAT",2016-02-01,8.89,TRUE
"KONUT_FIYAT",2016-03-01,8.97,TRUE
"KONUT_FIYAT",2016-04-01,9.06,TRUE
"KONUT_FIYAT",2016-05-01,9.19,TRUE
"KONUT_FIYAT",2016-06-01,9.27,TRUE
"KONUT_FIYAT",2016-07-01,9.3,TRUE
"KONUT_FIYAT",2016-08-01,9.42,TRUE
"KONUT_FIYAT",2016-09-01,9.5,TRUE
"KONUT_FIYAT",2016-10-01,9.53,TRUE
"KONUT_FIYAT",2016-11-01,9.62,TRUE
"KONUT_FIYAT",2016-12-01,9.7,TRUE
"KONUT_FIYAT",2017-01-01,9.83,TRUE
"KONUT_FIYAT",2017-02-01,9.96,TRUE
"KONUT_FIYAT",2017-03-01,10.07,TRUE
"KONUT_FIYAT",2017-04-01,10.18,TRUE
"KONUT_FIYAT",2017-05-01,10.24,TRUE
"KONUT_FIYAT",2017-06-01,10.33,TRUE
"KONUT_FIYAT",2017-07-01,10.34,TRUE
"KONUT_FIYAT",2017-08-01,10.24,TRUE
"KONUT_FIYAT",2017-09-01,10.47,TRUE
"KONUT_FIYAT",2017-10-01,10.5,TRUE
"KONUT_FIYAT",2017-11-01,10.53,TRUE
"KONUT_FIYAT",2017-12-01,10.61,TRUE
"KONUT_FIYAT",2018-01-01,10.68,TRUE
"KONUT_FIYAT",2018-02-01,10.75,TRUE
"KONUT_FIYAT",2018-03-01,10.86,TRUE
"KONUT_FIYAT",2018-04-01,10.93,TRUE
"KONUT_FIYAT",2018-05-01,11.13,TRUE
"KONUT_FIYAT",2018-06-01,11.27,TRUE
"KONUT_FIYAT",2018-07-01,11.19,TRUE
"KONUT_FIYAT",2018-08-01,11.14,TRUE
"KONUT_FIYAT",2018-09-01,11.2,TRUE
"KONUT_FIYAT",2018-10-01,11.3,TRUE
"KONUT_FIYAT",2018-11-01,11.32,TRUE
"KONUT_FIYAT",2018-12-01,11.19,TRUE
"KONUT_FIYAT",2019-01-01,11.18,TRUE
"KONUT_FIYAT",2019-02-01,11.19,TRUE
"KONUT_FIYAT",2019-03-01,11.24,TRUE
"KONUT_FIYAT",2019-04-01,11.31,TRUE
"KONUT_FIYAT",2019-05-01,11.46,TRUE
"KONUT_FIYAT",2019-06-01,11.4,TRUE
"KONUT_FIYAT",2019-07-01,11.47,TRUE
"KONUT_FIYAT",2019-08-01,11.78,TRUE
"KONUT_FIYAT",2019-09-01,11.88,TRUE
"KONUT_FIYAT",2019-10-01,12.01,TRUE
"KONUT_FIYAT",2019-11-01,12.14,TRUE
"KONUT_FIYAT",2019-12-01,12.29,TRUE
"KONUT_FIYAT",2020-01-01,12.61,TRUE
"KONUT_FIYAT",2020-02-01,12.89,TRUE
"KONUT_FIYAT",2020-03-01,13.13,TRUE
"KONUT_FIYAT",2020-04-01,13.15,TRUE
"KONUT_FIYAT",2020-05-01,13.4,TRUE
"KONUT_FIYAT",2020-06-01,14.32,TRUE
"KONUT_FIYAT",2020-07-01,14.85,TRUE
"KONUT_FIYAT",2020-08-01,15.06,TRUE
"KONUT_FIYAT",2020-09-01,15.23,TRUE
"KONUT_FIYAT",2020-10-01,15.57,TRUE
"KONUT_FIYAT",2020-11-01,16.06,TRUE
"KONUT_FIYAT",2020-12-01,16.23,TRUE
"KONUT_FIYAT",2021-01-01,16.49,TRUE
"KONUT_FIYAT",2021-02-01,16.98,TRUE
"KONUT_FIYAT",2021-03-01,17.32,TRUE
"KONUT_FIYAT",2021-04-01,17.86,TRUE
"KONUT_FIYAT",2021-05-01,18.27,TRUE
"KONUT_FIYAT",2021-06-01,18.76,TRUE
"KONUT_FIYAT",2021-07-01,19.41,TRUE
"KONUT_FIYAT",2021-08-01,19.99,TRUE
"KONUT_FIYAT",2021-09-01,20.77,TRUE
"KONUT_FIYAT",2021-10-01,21.65,TRUE
"KONUT_FIYAT",2021-11-01,23.22,TRUE
"KONUT_FIYAT",2021-12-01,26.54,TRUE
"KONUT_FIYAT",2022-01-01,29.95,TRUE
"KONUT_FIYAT",2022-02-01,32.3,TRUE
"KONUT_FIYAT",2022-03-01,35.39,TRUE
"KONUT_FIYAT",2022-04-01,39.44,TRUE
"KONUT_FIYAT",2022-05-01,44.56,TRUE
"KONUT_FIYAT",2022-06-01,49.53,TRUE
"KONUT_FIYAT",2022-07-01,53.04,TRUE
"KONUT_FIYAT",2022-08-01,56.26,TRUE
"KONUT_FIYAT",2022-09-01,59.48,TRUE
"KONUT_FIYAT",2022-10-01,62.09,TRUE
"KONUT_FIYAT",2022-11-01,64.2,TRUE
"KONUT_FIYAT",2022-12-01,66.85,TRUE
"KONUT_FIYAT",2023-01-01,73.88,TRUE
"KONUT_FIYAT",2023-02-01,78.4,TRUE
"KONUT_FIYAT",2023-03-01,84.68,TRUE
"KONUT_FIYAT",2023-04-01,87.55,TRUE
"KONUT_FIYAT",2023-05-01,91.12,TRUE
"KONUT_FIYAT",2023-06-01,95.66,TRUE
"KONUT_FIYAT",2023-07-01,101.87,TRUE
"KONUT_FIYAT",2023-08-01,108.97,TRUE
"KONUT_FIYAT",2023-09-01,116.18,TRUE
"KONUT_FIYAT",2023-10-01,119.18,TRUE
"KONUT_FIYAT",2023-11-01,120.07,TRUE
"KONUT_FIYAT",2023-12-01,122.43,TRUE
"KONUT_FIYAT",2024-01-01,125.71,TRUE
"KONUT_FIYAT",2024-02-01,129.87,TRUE
"KONUT_FIYAT",2024-03-01,131.49,TRUE
"KONUT_FIYAT",2024-04-01,132.7,TRUE
"KONUT_FIYAT",2024-05-01,137.9,TRUE
"KONUT_FIYAT",2024-06-01,140.03,TRUE
"KONUT_FIYAT",2024-07-01,141.33,TRUE
"KONUT_FIYAT",2024-08-01,146.5,TRUE
"KONUT_FIYAT",2024-09-01,148.01,TRUE
"KONUT_FIYAT",2024-10-01,151.08,TRUE
"KONUT_FIYAT",2024-11-01,155.38,TRUE
"KONUT_FIYAT",2024-12-01,158.46,TRUE
"KONUT_FIYAT",2025-01-01,165.88,TRUE
"KONUT_FIYAT",2025-02-01,170.55,TRUE
"KONUT_FIYAT",2025-03-01,173.88,TRUE
"KONUT_FIYAT",2025-04-01,176.41,TRUE
"KONUT_FIYAT",2025-05-01,182.33,TRUE
"KONUT_FIYAT",2025-06-01,185.96,TRUE
"KONUT_FIYAT",2025-07-01,187.78,TRUE
"KONUT_FIYAT",2025-08-01,192.44,TRUE
"KONUT_FIYAT",2025-09-01,195.66,TRUE
"KONUT_FIYAT",2025-10-01,198.87,TRUE
"KONUT_FIYAT",2025-11-01,204.04,TRUE
"KONUT_FIYAT",2025-12-01,204.36,TRUE
"KONUT_FIYAT",2026-01-01,211.73,TRUE
"KONUT_FIYAT",2026-02-01,215.4,TRUE
"KONUT_FIYAT",2026-03-01,219.52,TRUE
"KONUT_FIYAT",2026-04-01,223.32,TRUE
"KONUT_FIYAT",2026-05-01,226.99,TRUE
"KONUT_FIYAT",2026-06-01,231.34,TRUE
"KONUT_FIYAT",2026-07-01,234.55,TRUE
"KONUT_FIYAT",2026-08-01,236.76,TRUE
"TURIZM_GELIRI",2012-01-01,1205511,TRUE
"TURIZM_GELIRI",2012-02-01,1088581,TRUE
"TURIZM_GELIRI",2012-03-01,1395775,TRUE
"TURIZM_GELIRI",2012-04-01,1899851,TRUE
"TURIZM_GELIRI",2012-05-01,2702244,TRUE
"TURIZM_GELIRI",2012-06-01,3334309,TRUE
"TURIZM_GELIRI",2012-07-01,5166410,TRUE
"TURIZM_GELIRI",2012-08-01,5597705,TRUE
"TURIZM_GELIRI",2012-09-01,5339422,TRUE
"TURIZM_GELIRI",2012-10-01,4105894,TRUE
"TURIZM_GELIRI",2012-11-01,2264219,TRUE
"TURIZM_GELIRI",2012-12-01,1617416,TRUE
"TURIZM_GELIRI",2013-01-01,1541434,TRUE
"TURIZM_GELIRI",2013-02-01,1488176,TRUE
"TURIZM_GELIRI",2013-03-01,1948675,TRUE
"TURIZM_GELIRI",2013-04-01,2214955,TRUE
"TURIZM_GELIRI",2013-05-01,3490942,TRUE
"TURIZM_GELIRI",2013-06-01,3951418,TRUE
"TURIZM_GELIRI",2013-07-01,5128229,TRUE
"TURIZM_GELIRI",2013-08-01,6270910,TRUE
"TURIZM_GELIRI",2013-09-01,5736221,TRUE
"TURIZM_GELIRI",2013-10-01,4433016,TRUE
"TURIZM_GELIRI",2013-11-01,2303582,TRUE
"TURIZM_GELIRI",2013-12-01,1678770,TRUE
"TURIZM_GELIRI",2014-01-01,1549776,TRUE
"TURIZM_GELIRI",2014-02-01,1492296,TRUE
"TURIZM_GELIRI",2014-03-01,1912774,TRUE
"TURIZM_GELIRI",2014-04-01,2304194,TRUE
"TURIZM_GELIRI",2014-05-01,3516184,TRUE
"TURIZM_GELIRI",2014-06-01,4201077,TRUE
"TURIZM_GELIRI",2014-07-01,5205332,TRUE
"TURIZM_GELIRI",2014-08-01,7022082,TRUE
"TURIZM_GELIRI",2014-09-01,5860873,TRUE
"TURIZM_GELIRI",2014-10-01,4219277,TRUE
"TURIZM_GELIRI",2014-11-01,2278251,TRUE
"TURIZM_GELIRI",2014-12-01,1754720,TRUE
"TURIZM_GELIRI",2015-01-01,1695206,TRUE
"TURIZM_GELIRI",2015-02-01,1486877,TRUE
"TURIZM_GELIRI",2015-03-01,1863380,TRUE
"TURIZM_GELIRI",2015-04-01,2061684,TRUE
"TURIZM_GELIRI",2015-05-01,3010121,TRUE
"TURIZM_GELIRI",2015-06-01,3490765,TRUE
"TURIZM_GELIRI",2015-07-01,5093497,TRUE
"TURIZM_GELIRI",2015-08-01,6653339,TRUE
"TURIZM_GELIRI",2015-09-01,5299640,TRUE
"TURIZM_GELIRI",2015-10-01,3627303,TRUE
"TURIZM_GELIRI",2015-11-01,1918727,TRUE
"TURIZM_GELIRI",2015-12-01,1500384,TRUE
"TURIZM_GELIRI",2016-01-01,1495423,TRUE
"TURIZM_GELIRI",2016-02-01,1265484,TRUE
"TURIZM_GELIRI",2016-03-01,1478317,TRUE
"TURIZM_GELIRI",2016-04-01,1469034,TRUE
"TURIZM_GELIRI",2016-05-01,1999778,TRUE
"TURIZM_GELIRI",2016-06-01,1950192,TRUE
"TURIZM_GELIRI",2016-07-01,3358851,TRUE
"TURIZM_GELIRI",2016-08-01,4410374,TRUE
"TURIZM_GELIRI",2016-09-01,3883212,TRUE
"TURIZM_GELIRI",2016-10-01,2464967,TRUE
"TURIZM_GELIRI",2016-11-01,1474998,TRUE
"TURIZM_GELIRI",2016-12-01,1288379,TRUE
"TURIZM_GELIRI",2017-01-01,1166029,TRUE
"TURIZM_GELIRI",2017-02-01,1023804,TRUE
"TURIZM_GELIRI",2017-03-01,1239735,TRUE
"TURIZM_GELIRI",2017-04-01,1452930,TRUE
"TURIZM_GELIRI",2017-05-01,2039536,TRUE
"TURIZM_GELIRI",2017-06-01,2327395,TRUE
"TURIZM_GELIRI",2017-07-01,4669576,TRUE
"TURIZM_GELIRI",2017-08-01,5820363,TRUE
"TURIZM_GELIRI",2017-09-01,4853034,TRUE
"TURIZM_GELIRI",2017-10-01,3236700,TRUE
"TURIZM_GELIRI",2017-11-01,1822961,TRUE
"TURIZM_GELIRI",2017-12-01,1601773,TRUE
"TURIZM_GELIRI",2018-01-01,1553267,TRUE
"TURIZM_GELIRI",2018-02-01,1338146,TRUE
"TURIZM_GELIRI",2018-03-01,1653954,TRUE
"TURIZM_GELIRI",2018-04-01,2021025,TRUE
"TURIZM_GELIRI",2018-05-01,2695917,TRUE
"TURIZM_GELIRI",2018-06-01,3155250,TRUE
"TURIZM_GELIRI",2018-07-01,4970096,TRUE
"TURIZM_GELIRI",2018-08-01,6086512,TRUE
"TURIZM_GELIRI",2018-09-01,5218529,TRUE
"TURIZM_GELIRI",2018-10-01,3632143,TRUE
"TURIZM_GELIRI",2018-11-01,2002927,TRUE
"TURIZM_GELIRI",2018-12-01,1593143,TRUE
"TURIZM_GELIRI",2019-01-01,1667924,TRUE
"TURIZM_GELIRI",2019-02-01,1423331,TRUE
"TURIZM_GELIRI",2019-03-01,1753166,TRUE
"TURIZM_GELIRI",2019-04-01,2291805,TRUE
"TURIZM_GELIRI",2019-05-01,3026039,TRUE
"TURIZM_GELIRI",2019-06-01,3845610,TRUE
"TURIZM_GELIRI",2019-07-01,6166530,TRUE
"TURIZM_GELIRI",2019-08-01,7472056,TRUE
"TURIZM_GELIRI",2019-09-01,6192897,TRUE
"TURIZM_GELIRI",2019-10-01,4708693,TRUE
"TURIZM_GELIRI",2019-11-01,2436143,TRUE
"TURIZM_GELIRI",2019-12-01,1867585,TRUE
"TURIZM_GELIRI",2020-01-01,2159471,TRUE
"TURIZM_GELIRI",2020-02-01,1760913,TRUE
"TURIZM_GELIRI",2020-03-01,922242,TRUE
"TURIZM_GELIRI",2020-04-01,176696,TRUE
"TURIZM_GELIRI",2020-05-01,197522,TRUE
"TURIZM_GELIRI",2020-06-01,277177,TRUE
"TURIZM_GELIRI",2020-07-01,735797,TRUE
"TURIZM_GELIRI",2020-08-01,2182195,TRUE
"TURIZM_GELIRI",2020-09-01,2613927,TRUE
"TURIZM_GELIRI",2020-10-01,2231222,TRUE
"TURIZM_GELIRI",2020-11-01,1153266,TRUE
"TURIZM_GELIRI",2020-12-01,877380,TRUE
"TURIZM_GELIRI",2021-01-01,853809,TRUE
"TURIZM_GELIRI",2021-02-01,738868,TRUE
"TURIZM_GELIRI",2021-03-01,1076937,TRUE
"TURIZM_GELIRI",2021-04-01,1014665,TRUE
"TURIZM_GELIRI",2021-05-01,883337,TRUE
"TURIZM_GELIRI",2021-06-01,1594258,TRUE
"TURIZM_GELIRI",2021-07-01,4274124,TRUE
"TURIZM_GELIRI",2021-08-01,6292848,TRUE
"TURIZM_GELIRI",2021-09-01,5029437,TRUE
"TURIZM_GELIRI",2021-10-01,4392951,TRUE
"TURIZM_GELIRI",2021-11-01,2351477,TRUE
"TURIZM_GELIRI",2021-12-01,2025630,TRUE
"TURIZM_GELIRI",2022-01-01,2115594,TRUE
"TURIZM_GELIRI",2022-02-01,1802400,TRUE
"TURIZM_GELIRI",2022-03-01,2450564,TRUE
"TURIZM_GELIRI",2022-04-01,2562925,TRUE
"TURIZM_GELIRI",2022-05-01,3611773,TRUE
"TURIZM_GELIRI",2022-06-01,4449306,TRUE
"TURIZM_GELIRI",2022-07-01,6559263,TRUE
"TURIZM_GELIRI",2022-08-01,8166195,TRUE
"TURIZM_GELIRI",2022-09-01,6782835,TRUE
"TURIZM_GELIRI",2022-10-01,5791119,TRUE
"TURIZM_GELIRI",2022-11-01,3371943,TRUE
"TURIZM_GELIRI",2022-12-01,2585018,TRUE
"TURIZM_GELIRI",2023-01-01,3220522,TRUE
"TURIZM_GELIRI",2023-02-01,2468867,TRUE
"TURIZM_GELIRI",2023-03-01,2761391,TRUE
"TURIZM_GELIRI",2023-04-01,3389156,TRUE
"TURIZM_GELIRI",2023-05-01,4388926,TRUE
"TURIZM_GELIRI",2023-06-01,5662093,TRUE
"TURIZM_GELIRI",2023-07-01,6959059,TRUE
"TURIZM_GELIRI",2023-08-01,8510427,TRUE
"TURIZM_GELIRI",2023-09-01,7032645,TRUE
"TURIZM_GELIRI",2023-10-01,5958631,TRUE
"TURIZM_GELIRI",2023-11-01,3372698,TRUE
"TURIZM_GELIRI",2023-12-01,2715196,TRUE
"TURIZM_GELIRI",2024-01-01,3248301,TRUE
"TURIZM_GELIRI",2024-02-01,2691946,TRUE
"TURIZM_GELIRI",2024-03-01,3007642,TRUE
"TURIZM_GELIRI",2024-04-01,3766507,TRUE
"TURIZM_GELIRI",2024-05-01,5273468,TRUE
"TURIZM_GELIRI",2024-06-01,5978968,TRUE
"TURIZM_GELIRI",2024-07-01,7478639,TRUE
"TURIZM_GELIRI",2024-08-01,8758815,TRUE
"TURIZM_GELIRI",2024-09-01,7111097,TRUE
"TURIZM_GELIRI",2024-10-01,6708147,TRUE
"TURIZM_GELIRI",2024-11-01,3985176,TRUE
"TURIZM_GELIRI",2024-12-01,3094712,TRUE
"TURIZM_GELIRI",2025-01-01,3512648,TRUE
"TURIZM_GELIRI",2025-02-01,2910621,TRUE
"TURIZM_GELIRI",2025-03-01,3070447,TRUE
"TURIZM_GELIRI",2025-04-01,4257568,TRUE
"TURIZM_GELIRI",2025-05-01,5554400,TRUE
"TURIZM_GELIRI",2025-06-01,6472354,TRUE
"TURIZM_GELIRI",2025-07-01,7625284,TRUE
"TURIZM_GELIRI",2025-08-01,9099846,TRUE
"TURIZM_GELIRI",2025-09-01,7575738,TRUE
"TURIZM_GELIRI",2025-10-01,7361004,TRUE
"TURIZM_GELIRI",2025-11-01,4365859,TRUE
"TURIZM_GELIRI",2025-12-01,3424979,TRUE
"TURIZM_GELIRI",2026-01-01,3843817,TRUE
"TURIZM_GELIRI",2026-02-01,2942136,TRUE
"TURIZM_GELIRI",2026-03-01,3110504,TRUE
"GINI",2002-01-01,41.4,TRUE
"GINI",2003-01-01,42.2,TRUE
"GINI",2004-01-01,41.3,TRUE
"GINI",2005-01-01,42.6,TRUE
"GINI",2006-01-01,39.6,TRUE
"GINI",2007-01-01,38.4,TRUE
"GINI",2008-01-01,39,TRUE
"GINI",2009-01-01,39,TRUE
"GINI",2010-01-01,38.8,TRUE
"GINI",2011-01-01,40,TRUE
"GINI",2012-01-01,40.2,TRUE
"GINI",2013-01-01,40.2,TRUE
"GINI",2014-01-01,41.2,TRUE
"GINI",2015-01-01,42.9,TRUE
"GINI",2016-01-01,41.9,TRUE
"GINI",2017-01-01,43.5,TRUE
"GINI",2018-01-01,42.4,TRUE
"GINI",2019-01-01,43.8,TRUE
"GINI",2020-01-01,43,TRUE
"GINI",2021-01-01,44.4,TRUE
"GINI",2022-01-01,44.5,TRUE
"GINI",2023-01-01,43.7,TRUE
