"gosterge","tarih","gercek","tahmin"
"FAIZ",2016-04-01,8.66428571,8.77878118029904
"FAIZ",2016-05-01,8.50333333,8.44986569478934
"FAIZ",2016-06-01,8.34272727,8.3614696938233
"FAIZ",2016-07-01,8.11555556,8.21872771773036
"FAIZ",2016-08-01,7.99181818,7.9920048415002
"FAIZ",2016-09-01,7.83944444,7.9292854416907
"FAIZ",2016-10-01,7.76666667,7.78729035552305
"FAIZ",2016-11-01,7.88136364,7.75352621283209
"FAIZ",2016-12-01,8.28136364,7.92376252339682
"FAIZ",2017-01-01,8.925,8.36753826063839
"FAIZ",2017-02-01,10.3715,9.00770958087706
"FAIZ",2017-03-01,10.97608696,10.8119534039136
"FAIZ",2017-04-01,11.5125,10.9985134308605
"FAIZ",2017-05-01,11.9247619,11.4990702069768
"FAIZ",2017-06-01,11.96,11.8321121161229
"FAIZ",2017-07-01,11.94857143,11.7337865197202
"FAIZ",2017-08-01,11.975,11.7289272843329
"FAIZ",2017-09-01,11.99473684,11.8326434188943
"FAIZ",2017-10-01,11.95954545,11.8739842886682
"FAIZ",2017-11-01,12.05227273,11.8295643979605
"FAIZ",2017-12-01,12.51190476,11.9833518044676
"FAIZ",2018-01-01,12.75,12.6122857461597
"FAIZ",2018-02-01,12.75,12.7773881349199
"FAIZ",2018-03-01,12.75,12.6655456659697
"FAIZ",2018-04-01,12.8625,12.6583713982231
"FAIZ",2018-05-01,14.31818182,12.818505206831
"FAIZ",2018-06-01,17.315,14.8281438192921
"FAIZ",2018-07-01,17.75045455,19.2340364315385
"FAIZ",2018-08-01,18.29722222,17.6670332204162
"FAIZ",2018-09-01,21.8775,18.8533587755064
"FAIZ",2018-10-01,24.00363636,24.5836504817211
"FAIZ",2018-11-01,24,25.6159046389145
"FAIZ",2018-12-01,24.00619048,24.6359879333667
"FAIZ",2019-01-01,24.00363636,25.1115771654479
"FAIZ",2019-02-01,24,24.75265457081
"FAIZ",2019-03-01,24.19380952,24.697865011902
"FAIZ",2019-04-01,24.52095238,24.8033621102663
"FAIZ",2019-05-01,24.48545455,25.1374870115405
"FAIZ",2019-06-01,23.91705882,24.7674018044571
"FAIZ",2019-07-01,23.27136364,23.845321444101
"FAIZ",2019-08-01,19.605,23.1897916221046
"FAIZ",2019-09-01,17.81142857,16.9724148502147
"FAIZ",2019-10-01,15.76454545,16.8718610302784
"FAIZ",2019-11-01,13.72285714,14.382987202091
"FAIZ",2019-12-01,12.62136364,12.3027060247155
"FAIZ",2020-01-01,11.20318182,11.8492429636461
"FAIZ",2020-02-01,10.837,10.3010910326287
"FAIZ",2020-03-01,10.11636364,10.5920875716362
"FAIZ",2020-04-01,9.01857143,9.75790151745621
"FAIZ",2020-05-01,8.26705882,8.40138495683824
"FAIZ",2020-06-01,7.66045455,7.84282491414704
"FAIZ",2020-07-01,7.54952381,7.36949713009212
"FAIZ",2020-08-01,9.049,7.59158042728327
"FAIZ",2020-09-01,10.45363636,10.1342892390882
"FAIZ",2020-10-01,12.18190476,11.5792654670224
"FAIZ",2020-11-01,14.53857143,13.4937096908038
"FAIZ",2020-12-01,15.28521739,16.2711392709863
"FAIZ",2021-01-01,17,15.9592850832763
"FAIZ",2021-02-01,17.0015,18.0666798179869
"FAIZ",2021-03-01,17.63086957,17.1757966512789
"FAIZ",2021-04-01,19,17.8721857296168
"FAIZ",2021-05-01,19,19.748515162993
"FAIZ",2021-06-01,19,19.0770383811112
"FAIZ",2021-07-01,19,18.8374077710184
"FAIZ",2021-08-01,19,18.8427243583215
"FAIZ",2021-09-01,18.86227273,18.8474058428623
"FAIZ",2021-10-01,17.677,18.6414351459863
"FAIZ",2021-11-01,15.70818182,16.8933576836753
"FAIZ",2021-12-01,14.60217391,14.3575298166053
"FAIZ",2022-01-01,14,13.6975835338237
"FAIZ",2022-02-01,14,13.5779175156993
"FAIZ",2022-03-01,14,14.0020268053982
"FAIZ",2022-04-01,14.00095238,14.1060852884722
"FAIZ",2022-05-01,14,14.1131806835957
"FAIZ",2022-06-01,14.005,14.1150319989849
"FAIZ",2022-07-01,14.00055556,14.1329216589567
"FAIZ",2022-08-01,13.71,14.1299135601485
"FAIZ",2022-09-01,12.80954545,13.6876261404506
"FAIZ",2022-10-01,11.64619048,12.4254949117096
"FAIZ",2022-11-01,10.36636364,11.0599737887872
"FAIZ",2022-12-01,9.00272727,9.71837313750317
"FAIZ",2023-01-01,9.00681818,8.31873139145038
"FAIZ",2023-02-01,8.9705,9.18692619967103
"FAIZ",2023-03-01,8.51347826,9.34916429600632
"FAIZ",2023-04-01,8.57473684,8.62036171721279
"FAIZ",2023-05-01,8.89857143,8.92238186245797
"FAIZ",2023-06-01,9.31578947,9.42845304522237
"FAIZ",2023-07-01,15.31095238,9.85473525871066
"FAIZ",2023-08-01,18.09227273,19.2395630205978
"FAIZ",2023-09-01,26.16904762,21.1484942695039
"FAIZ",2023-10-01,30.27409091,30.5325024219147
"FAIZ",2023-11-01,35.76681818,35.6690520953445
"FAIZ",2023-12-01,40.51380952,38.9652585352217
"FAIZ",2024-01-01,42.70318182,44.4019158506174
"FAIZ",2024-02-01,45.23952381,44.3439295176308
"FAIZ",2024-03-01,47.28761905,45.1728879015292
"FAIZ",2024-04-01,51.35722222,47.5533261379888
"FAIZ",2024-05-01,50.54454545,52.7373642404132
"FAIZ",2024-06-01,50.10647059,50.9469494851126
"FAIZ",2024-07-01,50,47.2198813919468
"FAIZ",2024-08-01,50.33761905,48.1765612745276
"FAIZ",2024-09-01,50.71904762,49.4382911460112
"FAIZ",2024-10-01,50,50.2651341857486
"FAIZ",2024-11-01,50,49.1176424657334
"FAIZ",2024-12-01,49.83,48.9191858503516
"FAIZ",2025-01-01,46.90909091,49.1681493325137
"FAIZ",2025-02-01,45,44.993167242442
"FAIZ",2025-03-01,43.693,42.0295991619501
"FAIZ",2025-04-01,46.96,41.731098395684
"FAIZ",2025-05-01,48.39,47.3764073383851
"FAIZ",2025-06-01,46.87210526,50.0796363505064
"FAIZ",2025-07-01,45.31818182,46.4472659702721
"FAIZ",2025-08-01,43,43.7754978546845
"FAIZ",2025-09-01,41.55227273,41.0992395034101
"FAIZ",2025-10-01,40.27272727,39.8179353061279
"FAIZ",2025-11-01,39.5,38.9809348327834
"FAIZ",2025-12-01,38.58695652,38.5288286853382
"FAIZ",2026-01-01,37.72952381,37.7478045156847
"FAIZ",2026-02-01,37,36.8824319958093
"FAIZ",2026-03-01,39.8247619,36.2533438582349
"FAIZ",2026-04-01,40,40.7317281340237
"FAIZ",2026-05-01,40,40.9344287436007
"FAIZ",2026-06-01,40,39.9285215066296
"FAIZ",2026-07-01,40,39.8776213017322
"FAIZ",2026-08-01,39.14285714,39.8835387814833
"FAIZ",2026-09-01,37.00409091,38.6597863693199
"FAIZ",2026-10-01,37,35.6757433173237
"BIST100",2004-12-01,249.716995239258,227.221020386546
"BIST100",2005-01-01,273.303985595703,257.580585592057
"BIST100",2005-02-01,283.962005615234,280.717248220357
"BIST100",2005-03-01,255.578002929688,297.001777561903
"BIST100",2005-04-01,235.916000366211,273.077555905101
"BIST100",2005-05-01,252.365005493164,243.322456609689
"BIST100",2005-06-01,269.572998046875,267.9963358456
"BIST100",2005-07-01,296.153015136719,293.117387189365
"BIST100",2005-08-01,309.079986572266,317.497677418586
"BIST100",2005-09-01,333.332000732422,313.642710844791
"BIST100",2005-10-01,319.640014648438,342.56520144736
"BIST100",2005-11-01,380.886993408203,337.168842168304
"BIST100",2005-12-01,397.777008056641,402.691996190069
"BIST100",2006-01-01,445.902008056641,412.909196661858
"BIST100",2006-02-01,470.158996582031,441.274092978633
"BIST100",2006-03-01,429.113006591797,476.978361378507
"BIST100",2006-04-01,438.803985595703,451.48521156575
"BIST100",2006-05-01,381.321990966797,455.858696773513
"BIST100",2006-06-01,354.532989501953,429.986936077275
"BIST100",2006-07-01,360.678985595703,374.626778949217
"BIST100",2006-08-01,372.859008789062,347.116867142869
"BIST100",2006-09-01,369.248992919922,405.806530828775
"BIST100",2006-10-01,405.822998046875,411.432394034674
"BIST100",2006-11-01,381.684997558594,455.946399853143
"BIST100",2006-12-01,391.174987792969,428.217277417282
"BIST100",2007-01-01,411.825988769531,432.906695277215
"BIST100",2007-02-01,414.309997558594,429.792919883269
"BIST100",2007-03-01,436.610992431641,446.22966511048
"BIST100",2007-04-01,449.845001220703,446.411547268579
"BIST100",2007-05-01,470.815002441406,445.334051962233
"BIST100",2007-06-01,470.93701171875,473.04912892172
"BIST100",2007-07-01,528.2490234375,479.393537915601
"BIST100",2007-08-01,501.985992431641,517.391053876876
"BIST100",2007-09-01,540.442016601562,524.762024690206
"BIST100",2007-10-01,576.156982421875,530.1060096298
"BIST100",2007-11-01,542.138000488281,565.002851687405
"BIST100",2007-12-01,555.380981445312,573.869741035643
"BIST100",2008-01-01,426.976013183594,542.766348447571
"BIST100",2008-02-01,447.769012451172,412.6046590078
"BIST100",2008-03-01,390.153991699219,410.251424007642
"BIST100",2008-04-01,434.680999755859,429.601259856243
"BIST100",2008-05-01,399.696014404297,442.776828350131
"BIST100",2008-06-01,350.894989013672,411.378993743076
"BIST100",2008-07-01,422.007995605469,371.390564127433
"BIST100",2008-08-01,398.445007324219,361.336266455495
"BIST100",2008-09-01,360.513000488281,546.943353426318
"BIST100",2008-10-01,278.329010009766,337.745546682672
"BIST100",2008-11-01,257.149993896484,304.3982943804
"BIST100",2008-12-01,268.640991210938,266.001565892295
"BIST100",2009-01-01,259.343994140625,298.169940062802
"BIST100",2009-02-01,240.266006469727,240.748724734151
"BIST100",2009-03-01,257.648010253906,229.20469019637
"BIST100",2009-04-01,316.518005371094,314.768185326861
"BIST100",2009-05-01,350.029998779297,325.972614805464
"BIST100",2009-06-01,369.492004394531,357.821879084102
"BIST100",2009-07-01,426.412994384766,358.92801839417
"BIST100",2009-08-01,465.511993408203,462.196285992222
"BIST100",2009-09-01,479.102996826172,505.78345170127
"BIST100",2009-10-01,471.846984863281,476.439252352964
"BIST100",2009-11-01,453.502014160156,463.804140799895
"BIST100",2009-12-01,528.25,470.119620783154
"BIST100",2010-01-01,546.505981445312,527.605425152543
"BIST100",2010-02-01,497.054992675781,542.037002463992
"BIST100",2010-03-01,565.383972167969,486.905631023487
"BIST100",2010-04-01,589.591003417969,553.01775423694
"BIST100",2010-05-01,543.848999023438,606.389192679888
"BIST100",2010-06-01,548.39501953125,520.417299046471
"BIST100",2010-07-01,598.668029785156,489.786095267578
"BIST100",2010-08-01,599.726013183594,561.47692226699
"BIST100",2010-09-01,657.744018554688,577.105789599617
"BIST100",2010-10-01,687.60498046875,615.527926517047
"BIST100",2010-11-01,653.508972167969,664.849492040277
"BIST100",2010-12-01,660.044982910156,680.891103212747
"BIST100",2011-01-01,632.781005859375,636.754284517769
"BIST100",2011-02-01,612.838989257812,580.866260976901
"BIST100",2011-03-01,644.344970703125,576.539528996445
"BIST100",2011-04-01,692.5009765625,630.262623345886
"BIST100",2011-05-01,630.460021972656,679.139167432549
"BIST100",2011-06-01,632.693969726562,635.17627119287
"BIST100",2011-07-01,622.956970214844,631.96782182402
"BIST100",2011-08-01,539.460998535156,571.582190167768
"BIST100",2011-09-01,596.934020996094,520.93271646983
"BIST100",2011-10-01,560.614990234375,560.966790145589
"BIST100",2011-11-01,545.177978515625,536.707136804145
"BIST100",2011-12-01,512.666015625,559.296301365962
"BIST100",2012-01-01,571.713012695312,498.320900551233
"BIST100",2012-02-01,607.211975097656,529.311440115058
"BIST100",2012-03-01,624.22998046875,575.076128691328
"BIST100",2012-04-01,600.10400390625,633.302747012352
"BIST100",2012-05-01,550.992980957031,572.111585562984
"BIST100",2012-06-01,625.434997558594,592.370335119438
"BIST100",2012-07-01,642.594970703125,600.899285448387
"BIST100",2012-08-01,673.679992675781,620.75340062365
"BIST100",2012-09-01,663.966979980469,680.252596864702
"BIST100",2012-10-01,725.289978027344,673.646703497259
"BIST100",2012-11-01,730.585021972656,736.241834433532
"BIST100",2012-12-01,782.083984375,706.959684401752
"BIST100",2013-01-01,787.835021972656,788.251756982216
"BIST100",2013-02-01,793.336975097656,764.342353977036
"BIST100",2013-03-01,858.989990234375,825.279546227107
"BIST100",2013-04-01,860.460021972656,833.707894400683
"BIST100",2013-05-01,859.900024414062,857.942816758207
"BIST100",2013-06-01,762.945007324219,847.078491299812
"BIST100",2013-07-01,733.775024414062,792.49535913974
"BIST100",2013-08-01,663.943969726562,711.472324213486
"BIST100",2013-09-01,744.866027832031,670.589342187706
"BIST100",2013-10-01,776.203979492188,735.47665708345
"BIST100",2013-11-01,757.482971191406,753.688804000906
"BIST100",2013-12-01,678.017028808594,742.25352385338
"BIST100",2014-01-01,618.581970214844,614.518714737409
"BIST100",2014-02-01,625.533020019531,623.667529856094
"BIST100",2014-03-01,697.362976074219,616.3537165761
"BIST100",2014-04-01,738.715026855469,797.510482990712
"BIST100",2014-05-01,792.898010253906,682.011788744209
"BIST100",2014-06-01,784.890014648438,799.484879843831
"BIST100",2014-07-01,821.568969726562,729.944286922063
"BIST100",2014-08-01,803.129028320312,830.632445984484
"BIST100",2014-09-01,749.377990722656,810.801670638801
"BIST100",2014-10-01,805.796997070312,721.877611074465
"BIST100",2014-11-01,861.68701171875,837.124089403875
"BIST100",2014-12-01,857.210998535156,895.285382040382
"BIST100",2015-01-01,889.4580078125,808.480909831707
"BIST100",2015-02-01,841.474975585938,865.760905922415
"BIST100",2015-03-01,808.460021972656,795.484311038242
"BIST100",2015-04-01,839.469970703125,827.415472623388
"BIST100",2015-05-01,829.81201171875,840.655558022183
"BIST100",2015-06-01,822.494995117188,816.283565292442
"BIST100",2015-07-01,799.096984863281,834.612179502117
"BIST100",2015-08-01,752.10400390625,769.355980058208
"BIST100",2015-09-01,742.054992675781,726.470396943513
"BIST100",2015-10-01,794.090026855469,753.178414933199
"BIST100",2015-11-01,752.328002929688,788.016034410719
"BIST100",2015-12-01,717.27001953125,743.553017881588
"BIST100",2016-01-01,734.810974121094,701.409976173392
"BIST100",2016-02-01,758.143981933594,723.54469655353
"BIST100",2016-03-01,832.679992675781,781.752706936234
"BIST100",2016-04-01,853.278015136719,839.579018944921
"BIST100",2016-05-01,778.033996582031,807.855353677245
"BIST100",2016-06-01,768.171997070312,758.553388005585
"BIST100",2016-07-01,754.054992675781,788.339138323647
"BIST100",2016-08-01,759.676025390625,759.358179426634
"BIST100",2016-09-01,764.883972167969,793.862985914442
"BIST100",2016-10-01,785.361999511719,764.262837831071
"BIST100",2016-11-01,739.952026367188,764.887183388716
"BIST100",2016-12-01,781.387023925781,760.71380048697
"BIST100",2017-01-01,862.956970214844,762.509364814873
"BIST100",2017-02-01,874.783020019531,845.170730685273
"BIST100",2017-03-01,889.473999023438,867.564981816018
"BIST100",2017-04-01,946.552978515625,836.894451068587
"BIST100",2017-05-01,975.416015625,907.087249808849
"BIST100",2017-06-01,1004.40399169922,985.596119943118
"BIST100",2017-07-01,1075.31396484375,1000.86893327532
"BIST100",2017-08-01,1100.10498046875,1043.7471600464
"BIST100",2017-09-01,1029.07702636719,1107.18668873681
"BIST100",2017-10-01,1101.42602539062,995.92530593743
"BIST100",2017-11-01,1039.84399414062,1123.62976127323
"BIST100",2017-12-01,1153.32995605469,991.521694786025
"BIST100",2018-01-01,1195.28796386719,1188.02948258387
"BIST100",2018-02-01,1189.50805664062,1195.39336158857
"BIST100",2018-03-01,1149.30200195312,1163.31913260606
"BIST100",2018-04-01,1042.82800292969,1175.09395330606
"BIST100",2018-05-01,1006.52301025391,1005.22876498295
"BIST100",2018-06-01,965.200988769531,979.175048861838
"BIST100",2018-07-01,969.52197265625,975.258312218352
"BIST100",2018-08-01,927.234008789062,917.679117995271
"BIST100",2018-09-01,999.568969726562,878.602811928628
"BIST100",2018-10-01,902.007019042969,952.206342753635
"BIST100",2018-11-01,954.159973144531,880.48200838029
"BIST100",2018-12-01,912.705017089844,928.072048431236
"BIST100",2019-01-01,1040.74194335938,887.685295832491
"BIST100",2019-02-01,1045.29895019531,1034.50304532858
"BIST100",2019-03-01,937.841979980469,1105.30748164373
"BIST100",2019-04-01,954.156005859375,927.717909104241
"BIST100",2019-05-01,905.89697265625,889.36913151249
"BIST100",2019-06-01,964.85302734375,991.548039881
"BIST100",2019-07-01,1020.82501220703,952.357091486827
"BIST100",2019-08-01,967.184997558594,1019.74375842479
"BIST100",2019-09-01,1050.32995605469,923.69088743716
"BIST100",2019-10-01,984.684997558594,1009.56905686383
"BIST100",2019-11-01,1069.03698730469,1032.40426892099
"BIST100",2019-12-01,1144.25,1053.30938605685
"BIST100",2020-01-01,1191.40100097656,1115.5984047551
"BIST100",2020-02-01,1059.93701171875,1204.5765567586
"BIST100",2020-03-01,896.43701171875,1059.31714843693
"BIST100",2020-04-01,1011.10101318359,880.879786814219
"BIST100",2020-05-01,1055.20495605469,1010.84812724343
"BIST100",2020-06-01,1165.248046875,1120.00973571041
"BIST100",2020-07-01,1126.90002441406,1114.21486799904
"BIST100",2020-08-01,1078.59997558594,1017.49455864941
"BIST100",2020-09-01,1145.19995117188,1029.25080225138
"BIST100",2020-10-01,1112.40002441406,1152.07670407632
"BIST100",2020-11-01,1283.59997558594,1188.19005797356
"BIST100",2020-12-01,1476.69995117188,1186.32484262064
"BIST100",2021-01-01,1473.5,1415.65536812645
"BIST100",2021-02-01,1471.40002441406,1412.51579417558
"BIST100",2021-03-01,1391.69995117188,1361.61873123745
"BIST100",2021-04-01,1397.80004882812,1446.07735105781
"BIST100",2021-05-01,1420.5,1467.93870732505
"BIST100",2021-06-01,1356.30004882812,1428.43920617255
"BIST100",2021-07-01,1392.90002441406,1342.92775229051
"BIST100",2021-08-01,1472.09997558594,1291.36473659752
"BIST100",2021-09-01,1406.40002441406,1450.56404879118
"BIST100",2021-10-01,1522,1390.71833971776
"BIST100",2021-11-01,1809.69995117188,1527.80131681788
"BIST100",2021-12-01,1857.69995117188,2009.98347435737
"BIST100",2022-01-01,2003.19995117188,1970.19736168449
"BIST100",2022-02-01,1946.19995117188,2042.65351378288
"BIST100",2022-03-01,2233.30004882812,2049.00692630447
"BIST100",2022-04-01,2430.60009765625,2346.26325817311
"BIST100",2022-05-01,2547.10009765625,2453.10146052592
"BIST100",2022-06-01,2405.39990234375,2712.28924707964
"BIST100",2022-07-01,2592.39990234375,2505.6555462527
"BIST100",2022-08-01,3171.19995117188,2677.96878453837
"BIST100",2022-09-01,3180,3360.67016089806
"BIST100",2022-10-01,3979,3330.97272723618
"BIST100",2022-11-01,4977.60009765625,3881.12173063291
"BIST100",2022-12-01,5509.2001953125,5450.55456877675
"BIST100",2023-01-01,4976.60009765625,5989.13885048339
"BIST100",2023-02-01,5237.2998046875,5279.28348450984
"BIST100",2023-03-01,4812.89990234375,6691.58718950311
"BIST100",2023-04-01,4617.89990234375,4531.29808520732
"BIST100",2023-05-01,4886.89990234375,5527.63581540634
"BIST100",2023-06-01,5759.10009765625,6522.89911946277
"BIST100",2023-07-01,7217,7146.01878526185
"BIST100",2023-08-01,7917.89990234375,8905.68148460225
"BIST100",2023-09-01,8334.900390625,9331.10558669425
"BIST100",2023-10-01,7514.10009765625,8703.28609956355
"BIST100",2023-11-01,7948.60009765625,7388.77091366104
"BIST100",2023-12-01,7470.2001953125,7373.71058812695
"BIST100",2024-01-01,8496.7001953125,8325.32692812414
"BIST100",2024-02-01,9193.7001953125,10224.8368700949
"BIST100",2024-03-01,9142.400390625,11218.7606007196
"BIST100",2024-04-01,10045.7001953125,9615.84389311656
"BIST100",2024-05-01,10400.5,9858.40465368308
"BIST100",2024-06-01,10647.900390625,11463.0729862135
"BIST100",2024-07-01,10638.599609375,10211.3400926749
"BIST100",2024-08-01,9833.2001953125,12217.9918997965
"BIST100",2024-09-01,9665.7998046875,10147.9533179811
"BIST100",2024-10-01,8863.900390625,10045.3396964734
"BIST100",2024-11-01,9652,9423.47318847117
"BIST100",2024-12-01,9830.599609375,9906.91581827246
"BIST100",2025-01-01,10004.400390625,10143.1238479892
"BIST100",2025-02-01,9658.7001953125,10121.3445169469
"BIST100",2025-03-01,9659.5,8928.57561622428
"BIST100",2025-04-01,9078.400390625,9241.17646561947
"BIST100",2025-05-01,9019.599609375,8448.86276681475
"BIST100",2025-06-01,9948.5,8585.396068518
"BIST100",2025-07-01,10743.2001953125,9991.31769999223
"BIST100",2025-08-01,11288.099609375,11121.5993227615
"BIST100",2025-09-01,11012.099609375,11386.8411262673
"BIST100",2025-10-01,10971.5,10763.8702619447
"BIST100",2025-11-01,10898.7001953125,10467.2784430745
"BIST100",2025-12-01,11261.5,10838.4322934676
"BIST100",2026-01-01,13838.2998046875,11604.5052985862
"BIST100",2026-02-01,13717.7998046875,14720.8550208959
"BIST100",2026-03-01,12791,14166.9114998799
"BIST100",2026-04-01,14442.599609375,11826.701398337
"BIST100",2026-05-01,13662.7998046875,14011.4410446958
"BIST100",2026-06-01,14121.7998046875,13341.2741335072
"BIST100",2026-07-01,13458.099609375,15058.7601267894
"BIST100",2026-08-01,14334.099609375,14078.2109767585
"BIST100",2026-09-01,11947.2001953125,14232.3141103265
"BIST100",2026-10-01,12280.33984375,12157.6233454628
"EURTRY",2004-10-01,1.8501258,1.84534623464537
"EURTRY",2004-11-01,1.8735442,1.85549467915607
"EURTRY",2004-12-01,1.86592813,1.88080159511721
"EURTRY",2005-01-01,1.77874211,1.86113925469043
"EURTRY",2005-02-01,1.70398,1.74750233837462
"EURTRY",2005-03-01,1.72190435,1.68699335507914
"EURTRY",2005-04-01,1.75200952,1.73836741416204
"EURTRY",2005-05-01,1.73755714,1.75868494236975
"EURTRY",2005-06-01,1.65011364,1.72627694775999
"EURTRY",2005-07-01,1.60504762,1.62454168297593
"EURTRY",2005-08-01,1.64354545,1.60915707984128
"EURTRY",2005-09-01,1.63645,1.66667060638298
"EURTRY",2005-10-01,1.62422381,1.63133729260739
"EURTRY",2005-11-01,1.5955,1.62581890097372
"EURTRY",2005-12-01,1.59610455,1.59171009550342
"EURTRY",2006-01-01,1.60668889,1.60509828646054
"EURTRY",2006-02-01,1.57856,1.61583696377249
"EURTRY",2006-03-01,1.59617826,1.57331909947193
"EURTRY",2006-04-01,1.62887,1.61047731196014
"EURTRY",2006-05-01,1.80345909,1.64038807692237
"EURTRY",2006-06-01,2.01790909,1.86813202003902
"EURTRY",2006-07-01,1.96717619,2.08851190841397
"EURTRY",2006-08-01,1.87294091,1.87889687738478
"EURTRY",2006-09-01,1.87611905,1.81128129548101
"EURTRY",2006-10-01,1.86337368,1.86564179700863
"EURTRY",2006-11-01,1.86637273,1.82546388513341
"EURTRY",2006-12-01,1.88428571,1.83778405924137
"EURTRY",2007-01-01,1.84402,1.86064059912849
"EURTRY",2007-02-01,1.81553,1.80846847362884
"EURTRY",2007-03-01,1.85669091,1.79177238910999
"EURTRY",2007-04-01,1.82777,1.85892828184807
"EURTRY",2007-05-01,1.80132174,1.79283141508576
"EURTRY",2007-06-01,1.76409048,1.78360897528949
"EURTRY",2007-07-01,1.74862727,1.74818736483064
"EURTRY",2007-08-01,1.78174091,1.74552553337538
"EURTRY",2007-09-01,1.748735,1.79320361329078
"EURTRY",2007-10-01,1.69964762,1.72355776231934
"EURTRY",2007-11-01,1.73728182,1.68979072765856
"EURTRY",2007-12-01,1.70931053,1.76718412729838
"EURTRY",2008-01-01,1.72065,1.69464147004792
"EURTRY",2008-02-01,1.75021905,1.73694962346251
"EURTRY",2008-03-01,1.90962381,1.76123497244932
"EURTRY",2008-04-01,2.04412381,1.94390059913007
"EURTRY",2008-05-01,1.94031905,2.03056606557625
"EURTRY",2008-06-01,1.90801429,1.81772314993837
"EURTRY",2008-07-01,1.90969565,1.90393930957643
"EURTRY",2008-08-01,1.7611,1.90027202195789
"EURTRY",2008-09-01,1.76927619,1.69744159793628
"EURTRY",2008-10-01,1.96267,1.80849318575087
"EURTRY",2008-11-01,2.02144,2.01244533135415
"EURTRY",2008-12-01,2.08651053,1.95045225272891
"EURTRY",2009-01-01,2.11490476,2.06573001306933
"EURTRY",2009-02-01,2.11562,2.07914776201962
"EURTRY",2009-03-01,2.21871818,2.08202862511253
"EURTRY",2009-04-01,2.11697619,2.24967892223406
"EURTRY",2009-05-01,2.11158421,2.02676106149214
"EURTRY",2009-06-01,2.15838182,2.11474282108428
"EURTRY",2009-07-01,2.13172174,2.16066748026492
"EURTRY",2009-08-01,2.10843333,2.09821233781048
"EURTRY",2009-09-01,2.15758,2.0974451911387
"EURTRY",2009-10-01,2.16669524,2.16995673823433
"EURTRY",2009-11-01,2.20550526,2.14853367575096
"EURTRY",2009-12-01,2.19428696,2.20846804786246
"EURTRY",2010-01-01,2.09727,2.17468396707708
"EURTRY",2010-02-01,2.063935,2.06519552573606
"EURTRY",2010-03-01,2.0755087,2.07137185019418
"EURTRY",2010-04-01,1.99937143,2.08094845819125
"EURTRY",2010-05-01,1.93951,1.97201701115483
"EURTRY",2010-06-01,1.91805455,1.9399730705408
"EURTRY",2010-07-01,1.95610455,1.92835599708923
"EURTRY",2010-08-01,1.94183333,1.97384173225012
"EURTRY",2010-09-01,1.943795,1.93365591859124
"EURTRY",2010-10-01,1.97017,1.95109034124997
"EURTRY",2010-11-01,1.96264444,1.97884562642046
"EURTRY",2010-12-01,1.99928696,1.95538714393742
"EURTRY",2011-01-01,2.07381429,2.00339413059008
"EURTRY",2011-02-01,2.15965,2.07574557788191
"EURTRY",2011-03-01,2.2025913,2.15786068344668
"EURTRY",2011-04-01,2.18690476,2.18976575384257
"EURTRY",2011-05-01,2.24888095,2.16584290185248
"EURTRY",2011-06-01,2.29340455,2.25537333497804
"EURTRY",2011-07-01,2.35284286,2.28580963510111
"EURTRY",2011-08-01,2.4998,2.35464396138125
"EURTRY",2011-09-01,2.46360476,2.53382164611951
"EURTRY",2011-10-01,2.499,2.43486059236625
"EURTRY",2011-11-01,2.44686842,2.51439758442333
"EURTRY",2011-12-01,2.45218636,2.42836315496927
"EURTRY",2012-01-01,2.37232727,2.45326253084111
"EURTRY",2012-02-01,2.31460476,2.34774847351423
"EURTRY",2012-03-01,2.35043636,2.29756588974834
"EURTRY",2012-04-01,2.34322,2.3537854071395
"EURTRY",2012-05-01,2.30523636,2.33119081499496
"EURTRY",2012-06-01,2.27465714,2.29071122192759
"EURTRY",2012-07-01,2.22220455,2.26392302801675
"EURTRY",2012-08-01,2.21128,2.20896884782113
"EURTRY",2012-09-01,2.305105,2.2092990809031
"EURTRY",2012-10-01,2.32825,2.31873034910219
"EURTRY",2012-11-01,2.29094545,2.3180747417099
"EURTRY",2012-12-01,2.33324762,2.27674890277439
"EURTRY",2013-01-01,2.34135909,2.332739515897
"EURTRY",2013-02-01,2.368875,2.33565608360143
"EURTRY",2013-03-01,2.34480952,2.3635243204327
"EURTRY",2013-04-01,2.33551429,2.33141782731794
"EURTRY",2013-05-01,2.36662727,2.32500253818036
"EURTRY",2013-06-01,2.49866,2.36348904742644
"EURTRY",2013-07-01,2.52395217,2.51474705546103
"EURTRY",2013-08-01,2.60184211,2.52941393983031
"EURTRY",2013-09-01,2.69019048,2.61197873253679
"EURTRY",2013-10-01,2.71317778,2.71636465854007
"EURTRY",2013-11-01,2.72909524,2.72660397606141
"EURTRY",2013-12-01,2.81800909,2.73586198206191
"EURTRY",2014-01-01,3.02153182,2.85282894119033
"EURTRY",2014-02-01,3.019415,3.12950766052971
"EURTRY",2014-03-01,3.06577143,3.05472476995379
"EURTRY",2014-04-01,2.93824286,3.10669696579321
"EURTRY",2014-05-01,2.87448,2.90834254988832
"EURTRY",2014-06-01,2.87575714,2.82981600999789
"EURTRY",2014-07-01,2.876425,2.86835201515679
"EURTRY",2014-08-01,2.87685714,2.87597868436575
"EURTRY",2014-09-01,2.85014091,2.87646027214029
"EURTRY",2014-10-01,2.864165,2.84126275409303
"EURTRY",2014-11-01,2.78718,2.86342751380458
"EURTRY",2014-12-01,2.82169565,2.76816325368976
"EURTRY",2015-01-01,2.71621429,2.81442051059873
"EURTRY",2015-02-01,2.78988,2.7025004951061
"EURTRY",2015-03-01,2.80465,2.7721948612072
"EURTRY",2015-04-01,2.85340476,2.81863881277828
"EURTRY",2015-05-01,2.95511053,2.85867939899062
"EURTRY",2015-06-01,3.02674545,2.97484098656217
"EURTRY",2015-07-01,2.97098182,3.05484652168558
"EURTRY",2015-08-01,3.16721905,2.97019335765807
"EURTRY",2015-09-01,3.3749,3.16797394809307
"EURTRY",2015-10-01,3.29860476,3.46485602489942
"EURTRY",2015-11-01,3.08943333,3.31084553496091
"EURTRY",2015-12-01,3.1696913,3.03858876995649
"EURTRY",2016-01-01,3.26692,3.2115068579494
"EURTRY",2016-02-01,3.2628,3.2812276482577
"EURTRY",2016-03-01,3.20634783,3.25938829949352
"EURTRY",2016-04-01,3.21340476,3.20684906698664
"EURTRY",2016-05-01,3.31473333,3.23693636529918
"EURTRY",2016-06-01,3.27736364,3.34782377541408
"EURTRY",2016-07-01,3.27096667,3.2595669420091
"EURTRY",2016-08-01,3.32074545,3.29191189748054
"EURTRY",2016-09-01,3.31651111,3.34363459203643
"EURTRY",2016-10-01,3.38664286,3.3158722855397
"EURTRY",2016-11-01,3.53438636,3.41280217050336
"EURTRY",2016-12-01,3.68128182,3.55970467707424
"EURTRY",2017-01-01,3.96548636,3.69816900294595
"EURTRY",2017-02-01,3.91099,4.05511013501311
"EURTRY",2017-03-01,3.91577391,3.87502586137545
"EURTRY",2017-04-01,3.9101,3.96949053713022
"EURTRY",2017-05-01,3.93238571,3.94038257556657
"EURTRY",2017-06-01,3.94866,3.9644375526951
"EURTRY",2017-07-01,4.09142381,3.97441179586066
"EURTRY",2017-08-01,4.1435913,4.15081176739445
"EURTRY",2017-09-01,4.1382,4.16597079771784
"EURTRY",2017-10-01,4.30829091,4.16031788385387
"EURTRY",2017-11-01,4.54962727,4.38280048830044
"EURTRY",2017-12-01,4.55251905,4.63159370092931
"EURTRY",2018-01-01,4.58798696,4.57352288833892
"EURTRY",2018-02-01,4.67317,4.66919558490266
"EURTRY",2018-03-01,4.78546364,4.76375167223162
"EURTRY",2018-04-01,4.98300476,4.87730537218535
"EURTRY",2018-05-01,5.20792174,5.10194279534022
"EURTRY",2018-06-01,5.40696,5.33656067873969
"EURTRY",2018-07-01,5.54530909,5.55116785132261
"EURTRY",2018-08-01,6.60658333,5.70372259297625
"EURTRY",2018-09-01,7.42468,7.06239965641429
"EURTRY",2018-10-01,6.7417,7.88797210298974
"EURTRY",2018-11-01,6.10608182,6.42657800035507
"EURTRY",2018-12-01,6.03868095,7.21744522735644
"EURTRY",2019-01-01,6.13243182,6.58420462177758
"EURTRY",2019-02-01,5.975095,6.31092451538942
"EURTRY",2019-03-01,6.15798095,5.92022315763334
"EURTRY",2019-04-01,6.44753333,6.40084574739323
"EURTRY",2019-05-01,6.76732273,6.58109815368296
"EURTRY",2019-06-01,6.55689412,6.88072796402475
"EURTRY",2019-07-01,6.36913182,6.38460908937112
"EURTRY",2019-08-01,6.25602778,6.46574523430193
"EURTRY",2019-09-01,6.29359524,6.35276916605906
"EURTRY",2019-10-01,6.38590909,6.41937661585736
"EURTRY",2019-11-01,6.33985238,6.46199171456899
"EURTRY",2019-12-01,6.48088636,6.31752483231189
"EURTRY",2020-01-01,6.57505909,6.6200714927387
"EURTRY",2020-02-01,6.5939,6.59804612527704
"EURTRY",2020-03-01,6.98874091,6.60563637877037
"EURTRY",2020-04-01,7.41676667,7.23175973179004
"EURTRY",2020-05-01,7.55951765,7.51172605887374
"EURTRY",2020-06-01,7.66242273,7.50326651064613
"EURTRY",2020-07-01,7.82097619,7.7347871902125
"EURTRY",2020-08-01,8.57579,7.94364198327352
"EURTRY",2020-09-01,8.86075,9.02833040541798
"EURTRY",2020-10-01,9.27370476,8.7839688380576
"EURTRY",2020-11-01,9.4572,9.53671902761367
"EURTRY",2020-12-01,9.38417391,9.56172378194134
"EURTRY",2021-01-01,9.00809,9.4341573284001
"EURTRY",2021-02-01,8.556185,8.95284279594346
"EURTRY",2021-03-01,9.09133478,8.51143711670822
"EURTRY",2021-04-01,9.73389524,9.65910344064543
"EURTRY",2021-05-01,10.13066111,9.92608019180719
"EURTRY",2021-06-01,10.37121364,10.1810030046355
"EURTRY",2021-07-01,10.19218824,10.4751794964241
"EURTRY",2021-08-01,9.97830476,10.1266591538791
"EURTRY",2021-09-01,10.02857727,10.048860270655
"EURTRY",2021-10-01,10.601325,10.256357341567
"EURTRY",2021-11-01,12.01139545,11.0234325613639
"EURTRY",2021-12-01,15.28957826,12.8290848486187
"EURTRY",2022-01-01,15.31479524,18.4167402329297
"EURTRY",2022-02-01,15.44385,13.8626045064208
"EURTRY",2022-03-01,16.05401739,16.1035899092688
"EURTRY",2022-04-01,15.93217619,16.8660329195713
"EURTRY",2022-05-01,16.52858333,16.1699759943449
"EURTRY",2022-06-01,17.95923636,17.2771933807795
"EURTRY",2022-07-01,17.77287778,18.9895933259007
"EURTRY",2022-08-01,18.25220909,17.8980250921957
"EURTRY",2022-09-01,18.12869545,19.0298089005916
"EURTRY",2022-10-01,18.24976667,18.4429555665169
"EURTRY",2022-11-01,18.92045455,18.7132250162798
"EURTRY",2022-12-01,19.70469091,19.5408832491385
"EURTRY",2023-01-01,20.19571364,20.2943147690763
"EURTRY",2023-02-01,20.193965,20.6839807862105
"EURTRY",2023-03-01,20.28885217,20.5720468505309
"EURTRY",2023-04-01,21.14891053,20.7784314446019
"EURTRY",2023-05-01,21.42548095,21.8578731282901
"EURTRY",2023-06-01,24.94428421,21.8218406536376
"EURTRY",2023-07-01,29.20408571,26.3729946333466
"EURTRY",2023-08-01,29.4287,31.7798593184124
"EURTRY",2023-09-01,28.82047143,29.169136836436
"EURTRY",2023-10-01,29.35675,29.7504678706998
"EURTRY",2023-11-01,30.84694545,30.9787740495693
"EURTRY",2023-12-01,31.65784286,32.4173012754455
"EURTRY",2024-01-01,32.75426818,32.5254854037271
"EURTRY",2024-02-01,33.13708095,34.0484194002184
"EURTRY",2024-03-01,34.71372857,33.9545804239549
"EURTRY",2024-04-01,34.63321111,36.3612030673423
"EURTRY",2024-05-01,34.78243182,35.1072778747554
"EURTRY",2024-06-01,34.98173529,35.8133669722864
"EURTRY",2024-07-01,35.57654091,35.8419153081754
"EURTRY",2024-08-01,36.90665714,36.5367705302226
"EURTRY",2024-09-01,37.71517619,38.064810761963
"EURTRY",2024-10-01,37.33355455,38.4548517538347
"EURTRY",2024-11-01,36.57262857,37.6946245460922
"EURTRY",2024-12-01,36.57701364,37.0013935794843
"EURTRY",2025-01-01,36.71676818,37.3646847004593
"EURTRY",2025-02-01,37.58107,37.2687431239307
"EURTRY",2025-03-01,39.870595,38.4228849815672
"EURTRY",2025-04-01,42.645005,41.2149467262039
"EURTRY",2025-05-01,43.656515,43.9681262086577
"EURTRY",2025-06-01,45.26236316,43.9615289496147
"EURTRY",2025-07-01,46.91346818,46.5101016989271
"EURTRY",2025-08-01,47.33145238,48.0527010978302
"EURTRY",2025-09-01,48.35282273,47.8357054404883
"EURTRY",2025-10-01,48.60069091,49.5137625327392
"EURTRY",2025-11-01,48.74414,49.1899017194662
"EURTRY",2025-12-01,49.84766957,49.439996587513
"EURTRY",2026-01-01,50.56317619,51.0132071244213
"EURTRY",2026-02-01,51.582955,51.2588386070448
"EURTRY",2026-03-01,51.02170952,52.5063867674525
"EURTRY",2026-04-01,52.14538571,51.1154543257362
"EURTRY",2026-05-01,52.97251875,53.3320634232198
"EURTRY",2026-06-01,53.19268636,53.6452118745946
"EURTRY",2026-07-01,53.60276364,53.784466592056
"EURTRY",2026-08-01,55.31579524,54.2973859634727
"EURTRY",2026-09-01,55.91085,56.5872875507608
"EURTRY",2026-10-01,55.1443375,56.3854507358315
"UFE",2006-05-01,9.0734409883654,6.90775253957125
"UFE",2006-06-01,13.0737754384777,12.3931104833151
"UFE",2006-07-01,14.3417779693438,15.4271803977132
"UFE",2006-08-01,11.5554474356186,13.9014927105074
"UFE",2006-09-01,9.48721723297208,8.47717920287314
"UFE",2006-10-01,9.26615427095125,9.23111859813517
"UFE",2006-11-01,11.4701879142579,9.852893001001
"UFE",2006-12-01,11.5780866780698,13.4205198203932
"UFE",2007-01-01,9.37449880093331,10.2372377742245
"UFE",2007-02-01,10.1263797801655,7.6405313871584
"UFE",2007-03-01,10.9231628460747,11.5367652570686
"UFE",2007-04-01,9.6822166571372,11.1205175197459
"UFE",2007-05-01,7.14394515929868,8.66373126081165
"UFE",2007-06-01,2.89207790226003,5.92916934373605
"UFE",2007-07-01,2.0760743307036,1.13658731907909
"UFE",2007-08-01,3.72266510819894,3.35736203910728
"UFE",2007-09-01,5.02162597664009,5.62100831889538
"UFE",2007-10-01,4.40779391377808,5.51727725900475
"UFE",2007-11-01,5.65029641849886,3.53399164868181
"UFE",2007-12-01,5.94313351310218,6.63731613736501
"UFE",2008-01-01,6.44475401301581,5.81468360471578
"UFE",2008-02-01,8.14933177840971,6.74659181704883
"UFE",2008-03-01,10.5020860346767,9.10316581591057
"UFE",2008-04-01,14.5579105170694,11.2975221846373
"UFE",2008-05-01,16.5268694920658,15.9061443402849
"UFE",2008-06-01,17.0283925192766,15.5320089123867
"UFE",2008-07-01,18.4113212913445,15.9516995882368
"UFE",2008-08-01,14.6664786330952,18.2068457659248
"UFE",2008-09-01,12.4947647645106,10.9490305471863
"UFE",2008-10-01,13.2872020695837,11.6716864748993
"UFE",2008-11-01,12.2480083148275,13.5004628972325
"UFE",2008-12-01,8.10679947314186,10.495220288578
"UFE",2009-01-01,7.90053726086706,6.01432841729392
"UFE",2009-02-01,6.43384822335944,9.19436535339888
"UFE",2009-03-01,3.46309074061029,5.66305204800746
"UFE",2009-04-01,-0.348844454121089,3.1407970623467
"UFE",2009-05-01,-2.46446654029829,-0.689181419535056
"UFE",2009-06-01,-1.86063480971838,-1.54957513302771
"UFE",2009-07-01,-3.75352831344704,0.143898265243983
"UFE",2009-08-01,-1.03923256121558,-4.21912705974578
"UFE",2009-09-01,0.471581038902547,3.00288461581172
"UFE",2009-10-01,0.185093777796674,1.5422977050998
"UFE",2009-11-01,1.51206566894189,1.13203533516239
"UFE",2009-12-01,5.93128159516119,3.49440809459878
"UFE",2010-01-01,6.30067028737449,8.64851282248237
"UFE",2010-02-01,6.82104997360291,5.66822971142164
"UFE",2010-03-01,8.58185478980711,8.50537957966941
"UFE",2010-04-01,10.4207038801319,9.54722017234019
"UFE",2010-05-01,9.20632935109933,10.8552788176723
"UFE",2010-06-01,7.63940520638988,8.16967308811292
"UFE",2010-07-01,8.23661549626313,7.56970589766083
"UFE",2010-08-01,9.02877026849191,8.63975544560028
"UFE",2010-09-01,8.91180829945413,8.60219464927295
"UFE",2010-10-01,9.91501416483436,8.55656738113666
"UFE",2010-11-01,8.17120622102356,10.5521739960501
"UFE",2010-12-01,8.87291616066952,6.76192482211418
"UFE",2011-01-01,10.8035070871756,9.94594393235482
"UFE",2011-02-01,10.8689231475179,10.733702561377
"UFE",2011-03-01,10.082280679053,10.2084157339209
"UFE",2011-04-01,8.20878623193517,9.92236440724079
"UFE",2011-05-01,9.63289617167433,7.29155305671161
"UFE",2011-06-01,10.1939791606105,10.3255664392763
"UFE",2011-07-01,10.3366770466161,9.24953025251869
"UFE",2011-08-01,10.9996580428293,10.3110306630425
"UFE",2011-09-01,12.1462999696959,11.0538352175538
"UFE",2011-10-01,12.5840430328901,12.1111312566232
"UFE",2011-11-01,13.669064749916,12.2747868048535
"UFE",2011-12-01,13.3259362042007,13.7686672677258
"UFE",2012-01-01,11.1321879571473,12.4432630876017
"UFE",2012-02-01,9.1480632973975,10.091851407269
"UFE",2012-03-01,8.22191809912518,8.06126265753942
"UFE",2012-04-01,7.65407554599511,7.10408970651332
"UFE",2012-05-01,8.06038760844654,6.8133032957107
"UFE",2012-06-01,6.44066026074352,8.00524851741061
"UFE",2012-07-01,6.13407178897918,5.81497409052436
"UFE",2012-08-01,4.5645923206195,6.62012836388921
"UFE",2012-09-01,4.03499014208617,3.83681647856466
"UFE",2012-10-01,2.57290733463063,4.27043368905087
"UFE",2012-11-01,3.60462816610219,2.12461713971007
"UFE",2012-12-01,2.45263621488392,4.39997074407767
"UFE",2013-01-01,1.87759082843575,2.23717597387892
"UFE",2013-02-01,1.84028116656383,2.81993722329315
"UFE",2013-03-01,2.30058365764176,2.12728989401974
"UFE",2013-04-01,1.69606842676939,2.88838647854687
"UFE",2013-05-01,2.17055013154042,2.09458557653757
"UFE",2013-06-01,5.23138833039858,3.00550870731293
"UFE",2013-07-01,6.61152956146811,6.07631087483181
"UFE",2013-08-01,6.38350110201533,7.0617859555816
"UFE",2013-09-01,6.22600242964975,7.38960618194011
"UFE",2013-10-01,6.76823055761167,6.70801916020167
"UFE",2013-11-01,5.6746050658641,6.84362716394985
"UFE",2013-12-01,6.97152140704571,5.33326920917306
"UFE",2014-01-01,10.7231685106855,7.43894886919704
"UFE",2014-02-01,12.4004934804708,11.3027015195958
"UFE",2014-03-01,12.3128300938362,12.6997833485942
"UFE",2014-04-01,12.9836073341422,12.5794986330412
"UFE",2014-05-01,11.2835474689066,13.0877293556682
"UFE",2014-06-01,9.74631643827975,10.3970249194623
"UFE",2014-07-01,9.45943677290024,9.34353107493831
"UFE",2014-08-01,9.87531320611488,9.04525588553509
"UFE",2014-09-01,9.84360075433379,9.56506603274027
"UFE",2014-10-01,10.0950261492057,9.52421928475634
"UFE",2014-11-01,8.3609560981758,10.0540655625179
"UFE",2014-12-01,6.3587985929467,7.68427444737338
"UFE",2015-01-01,3.27804452204279,6.03137819534224
"UFE",2015-02-01,3.09553536832134,2.32442056811291
"UFE",2015-03-01,3.4148217796393,3.57823528859599
"UFE",2015-04-01,4.79972670595268,3.82841843440067
"UFE",2015-05-01,6.52043269230769,5.56865719217222
"UFE",2015-06-01,6.73130550431165,7.33912697461955
"UFE",2015-07-01,5.62204523190937,6.91331258455601
"UFE",2015-08-01,6.21341928916788,5.2709482377732
"UFE",2015-09-01,6.92207409899492,6.58550232641888
"UFE",2015-10-01,5.73821727715964,7.27120701899817
"UFE",2015-11-01,5.25142015569113,5.37919789265025
"UFE",2015-12-01,5.71149932157395,5.34070515438092
"UFE",2016-01-01,5.94226786695404,6.07049038178222
"UFE",2016-02-01,4.46838720454354,6.11582510824826
"UFE",2016-03-01,3.80212423027648,4.02708799860593
"UFE",2016-04-01,2.87262651780622,3.86695215707529
"UFE",2016-05-01,3.24803546242192,2.79920178349526
"UFE",2016-06-01,3.41265375030146,3.76007677913608
"UFE",2016-07-01,3.95983709020524,3.74635775817234
"UFE",2016-08-01,3.02679391446712,4.45884003875708
"UFE",2016-09-01,1.77777777777777,2.85340382077787
"UFE",2016-10-01,2.83755024828565,1.59396306861853
"UFE",2016-11-01,6.4086674929037,3.66487107811021
"UFE",2016-12-01,9.93943283462355,7.96742557107343
"UFE",2017-01-01,13.6913072964455,11.0180224737874
"UFE",2017-02-01,15.3621682123441,14.9495870692283
"UFE",2017-03-01,16.0887048612494,15.2453613541416
"UFE",2017-04-01,16.3663009466471,15.4559114426708
"UFE",2017-05-01,15.2609187775653,15.515238394267
"UFE",2017-06-01,14.8676487736619,13.5387458462744
"UFE",2017-07-01,15.4532407586983,13.9207218902517
"UFE",2017-08-01,16.3443277392349,15.2234828943621
"UFE",2017-09-01,16.2808671793484,16.3624370482198
"UFE",2017-10-01,17.2836667433127,15.6656182021051
"UFE",2017-11-01,17.3016230838593,17.5731494105473
"UFE",2017-12-01,15.4657229377212,16.7564545302719
"UFE",2018-01-01,12.1442857644128,13.8057607238766
"UFE",2018-02-01,13.7149589382862,9.80417647142035
"UFE",2018-03-01,14.2773852801976,15.341738918574
"UFE",2018-04-01,16.3688348820586,13.6070854169947
"UFE",2018-05-01,20.161863804138,17.1802072983523
"UFE",2018-06-01,23.714131023281,21.9462231064499
"UFE",2018-07-01,24.9991600873509,25.2571807906601
"UFE",2018-08-01,32.1273902325272,24.8886512780517
"UFE",2018-09-01,46.1548687271519,37.2657930902043
"UFE",2018-10-01,45.007188602797,59.7970715653254
"UFE",2018-11-01,38.5445693603664,40.6652979313713
"UFE",2018-12-01,33.6387765419616,41.8259971221949
"UFE",2019-01-01,32.9349186483104,31.6982704242276
"UFE",2019-02-01,29.5852759240637,33.1057580796667
"UFE",2019-03-01,29.6419675279854,25.3337029057137
"UFE",2019-04-01,30.1187551187551,30.3611019976279
"UFE",2019-05-01,28.7135409327885,29.5075863730238
"UFE",2019-06-01,25.0437636761488,27.217686528222
"UFE",2019-07-01,21.6551093909585,22.7869869206831
"UFE",2019-08-01,13.4486410165902,20.1386851687878
"UFE",2019-09-01,2.44895174860158,7.81035380668964
"UFE",2019-10-01,1.69678669611069,-3.99902602290611
"UFE",2019-11-01,4.25846722922205,4.04993989834306
"UFE",2019-12-01,7.36274648886366,4.27936603406065
"UFE",2020-01-01,8.84055924304477,9.12542659454957
"UFE",2020-02-01,9.26021727884119,9.76982301415001
"UFE",2020-03-01,8.49807861475067,10.0335573329429
"UFE",2020-04-01,6.70787906035741,8.478110026743
"UFE",2020-05-01,5.5348776108946,6.20363598234305
"UFE",2020-06-01,6.17070609852131,5.70905181734329
"UFE",2020-07-01,8.32909882243775,7.2854953410816
"UFE",2020-08-01,11.5321361898836,9.95743969262342
"UFE",2020-09-01,14.333592276107,13.5515965200313
"UFE",2020-10-01,18.1981343200904,15.79592466505
"UFE",2020-11-01,23.1079672705501,20.677510372
"UFE",2020-12-01,25.1475510923185,25.7003908564125
"UFE",2021-01-01,26.158038147139,25.1371966297652
"UFE",2021-02-01,27.0919421487603,26.5738411345365
"UFE",2021-03-01,31.2018605048113,27.1759602387333
"UFE",2021-04-01,35.1682150456087,33.4293019503429
"UFE",2021-05-01,38.3324343388241,35.8598376441373
"UFE",2021-06-01,42.888930094567,39.0867379923436
"UFE",2021-07-01,44.9248465319275,45.021479744569
"UFE",2021-08-01,45.5175849357378,44.1525131742909
"UFE",2021-09-01,43.9597771436337,44.8321642745076
"UFE",2021-10-01,46.3051139772046,41.4522445249006
"UFE",2021-11-01,54.6219244209085,47.6880337948278
"UFE",2021-12-01,79.8880813697714,59.501260685314
"UFE",2022-01-01,93.5325173986081,104.083519572474
"UFE",2022-02-01,105.005757637337,96.8369110073516
"UFE",2022-03-01,114.967557282943,114.0145826763
"UFE",2022-04-01,121.820987173293,124.314286371061
"UFE",2022-05-01,132.158550668126,128.743010930681
"UFE",2022-06-01,138.30637021657,143.795503815551
"UFE",2022-07-01,144.608153558211,144.766174616704
"UFE",2022-08-01,143.748972996659,152.225351722726
"UFE",2022-09-01,151.502198009655,143.863629358229
"UFE",2022-10-01,157.68851303735,160.83014427636
"UFE",2022-11-01,136.021574269306,164.522625007736
"UFE",2022-12-01,97.7197358767425,116.730575922134
"UFE",2023-01-01,86.4582872022887,64.3472261901449
"UFE",2023-02-01,76.6099454815794,87.3848848754012
"UFE",2023-03-01,62.4510174748468,51.3083087950979
"UFE",2023-04-01,52.1102812537326,49.6995068609067
"UFE",2023-05-01,40.762656571986,45.367221632282
"UFE",2023-06-01,40.4156708516109,30.280022669767
"UFE",2023-07-01,44.502102737874,41.3533367534393
"UFE",2023-08-01,49.4115333838937,44.6485969404975
"UFE",2023-09-01,47.4448954205963,51.9175464195539
"UFE",2023-10-01,39.3888013206506,45.1758191800088
"UFE",2023-11-01,42.2470978441128,34.8993391991284
"UFE",2023-12-01,44.2229577625062,47.3756105399575
"UFE",2024-01-01,44.1969057130778,42.6160776622963
"UFE",2024-02-01,47.2858318834072,44.7026283416696
"UFE",2024-03-01,51.4729165890549,50.7521764488827
"UFE",2024-04-01,55.6615887738228,53.9104077206978
"UFE",2024-05-01,57.6837293829336,58.5622744381645
"UFE",2024-06-01,50.0935054638216,59.0682107668359
"UFE",2024-07-01,41.3707574400318,44.5408946485981
"UFE",2024-08-01,35.7538727628215,38.0852948930068
"UFE",2024-09-01,33.0860588077004,32.9114076748358
"UFE",2024-10-01,32.2410453431504,31.4780039934544
"UFE",2024-11-01,29.4718324520131,31.9339441131342
"UFE",2024-12-01,28.5246756454501,27.8628077644797
"UFE",2025-01-01,27.2019607390985,29.6780677782652
"UFE",2025-02-01,25.2134784362169,26.8501098715138
"UFE",2025-03-01,23.5032080152731,25.1174940046716
"UFE",2025-04-01,22.4989465812853,23.9113657145987
"UFE",2025-05-01,23.129780323403,23.3094786945554
"UFE",2025-06-01,24.4510155745353,25.1638737761758
"UFE",2025-07-01,24.1869621051683,26.6442419901348
"UFE",2025-08-01,25.1593265217379,25.3137564635511
"UFE",2025-09-01,26.5872278569555,28.0523073974807
"UFE",2025-10-01,27.004936473254,28.847220612108
"UFE",2025-11-01,27.2335270928304,28.5894400915023
"UFE",2025-12-01,27.666207573962,29.1243091055783
"UFE",2026-01-01,27.1719847824454,29.5111994928533
"UFE",2026-02-01,27.5614314952283,28.132756079647
"UFE",2026-03-01,28.0800537674557,29.682426923097
"UFE",2026-04-01,28.5904960769732,29.5782077946088
"UFE",2026-05-01,28.9288508493887,30.2792485644923
"UFE",2026-06-01,28.0875859873493,30.4639187779539
"UFE",2026-07-01,27.8341304342896,28.6503841889561
"UFE",2026-08-01,27.9460221426058,29.3015786765981
"UFE",2026-09-01,27.3775116611877,29.1083254422111
"M2",2005-02-01,21.1814802303964,19.4474175169994
"M2",2005-03-01,22.8706535457989,22.6406649788441
"M2",2005-04-01,23.6674158440143,24.480102799112
"M2",2005-05-01,26.0453162652037,25.2295645616367
"M2",2005-06-01,29.9337517911612,27.5041936137414
"M2",2005-07-01,32.8058258976412,30.747534232998
"M2",2005-08-01,33.0141377912643,33.0339197610987
"M2",2005-09-01,34.5979698075832,32.9824649111404
"M2",2005-10-01,38.1731116781336,34.2391550099939
"M2",2005-11-01,38.9785333260376,37.0520373538389
"M2",2005-12-01,120.013853330066,37.6155680979444
"M2",2006-01-01,121.290733956242,115.017957357251
"M2",2006-02-01,120.651027355645,121.807333485917
"M2",2006-03-01,117.999283902384,120.955608836322
"M2",2006-04-01,114.511271232017,117.641324844674
"M2",2006-05-01,127.839867347344,113.583507312867
"M2",2006-06-01,120.054386452023,129.228796445528
"M2",2006-07-01,107.628295023685,119.926278245379
"M2",2006-08-01,105.129647425534,106.38481003492
"M2",2006-09-01,103.478870206884,104.025059595723
"M2",2006-10-01,96.5984839485661,102.410133932351
"M2",2006-11-01,97.8116009146997,95.484620453183
"M2",2006-12-01,24.6788212517744,96.7872558764548
"M2",2007-01-01,27.4616256465011,27.6199561348858
"M2",2007-02-01,25.8961812297957,30.0984943533497
"M2",2007-03-01,23.237596864974,28.8062599464391
"M2",2007-04-01,22.8058375173014,26.2814908094739
"M2",2007-05-01,14.4407564850526,26.0206132920747
"M2",2007-06-01,14.8961220658285,18.1629645692727
"M2",2007-07-01,19.5461612810735,18.4198535998216
"M2",2007-08-01,19.7499060588171,22.6653378748823
"M2",2007-09-01,16.1804579315765,22.7021315619207
"M2",2007-10-01,15.6907505764484,19.2605581954133
"M2",2007-11-01,14.6955832083626,18.7266478204548
"M2",2007-12-01,15.6656253793876,17.6817670596441
"M2",2008-01-01,15.2990553398175,18.5229506761001
"M2",2008-02-01,16.6669517010637,17.6663778879038
"M2",2008-03-01,21.9042010341816,18.9351029053849
"M2",2008-04-01,20.8138274651504,23.8177590049319
"M2",2008-05-01,17.7648592715272,22.581098939641
"M2",2008-06-01,18.4656474291972,19.6921654599028
"M2",2008-07-01,17.3810246706295,20.3692033328777
"M2",2008-08-01,15.6879244643419,19.338828451938
"M2",2008-09-01,21.9407846460028,17.6532272621114
"M2",2008-10-01,26.0827738763753,23.6175836036111
"M2",2008-11-01,27.0614824131422,27.5320803080277
"M2",2008-12-01,26.715965135765,28.471530348151
"M2",2009-01-01,26.2202588675127,28.1921257354662
"M2",2009-02-01,26.3796652249175,28.0534771841286
"M2",2009-03-01,20.0374413779267,28.1207924851744
"M2",2009-04-01,17.2335792808016,22.1151826546151
"M2",2009-05-01,19.9119506522331,19.4283394148376
"M2",2009-06-01,18.7609763015909,21.8805621408458
"M2",2009-07-01,18.7871286907617,20.6650323122582
"M2",2009-08-01,19.9932203726097,20.5843546584406
"M2",2009-09-01,17.2267682985579,21.6886824944476
"M2",2009-10-01,13.9525393473523,18.988030427017
"M2",2009-11-01,14.6801638749153,15.7344509188314
"M2",2009-12-01,12.9888188703283,16.3537421374927
"M2",2010-01-01,12.9538564099702,12.8668415515178
"M2",2010-02-01,12.6026562694582,12.916261764506
"M2",2010-03-01,13.637196834803,12.6686421171766
"M2",2010-04-01,15.3556455149646,13.7088660884018
"M2",2010-05-01,16.0416248844384,15.3537269553169
"M2",2010-06-01,18.1903807343843,16.1274563206383
"M2",2010-07-01,17.9449361075146,18.0704414728042
"M2",2010-08-01,17.5418210980143,17.9031167782701
"M2",2010-09-01,16.6642198077598,17.6491772093144
"M2",2010-10-01,16.8303342380339,17.1470381744816
"M2",2010-11-01,15.7059936407123,17.5211182572061
"M2",2010-12-01,19.1051830861285,17.9802703412324
"M2",2011-01-01,19.0233131514297,18.9143882100924
"M2",2011-02-01,20.0539098540776,18.7536531563541
"M2",2011-03-01,20.6461916460611,19.5280448121374
"M2",2011-04-01,21.5552035063739,20.029374899576
"M2",2011-05-01,22.4585723927915,20.7286281012524
"M2",2011-06-01,20.3118486603847,21.8457944105697
"M2",2011-07-01,21.6990143725482,20.0523341232607
"M2",2011-08-01,23.1533975440334,21.2022865016687
"M2",2011-09-01,21.5744491069885,22.4810889847316
"M2",2011-10-01,19.3166993939538,21.2108855044311
"M2",2011-11-01,17.925841216063,19.296892833105
"M2",2011-12-01,14.8398030404792,18.162468111342
"M2",2012-01-01,12.7112634678264,15.5467556589641
"M2",2012-02-01,10.5261813516113,13.6759687821741
"M2",2012-03-01,9.64382548602871,11.494484443166
"M2",2012-04-01,9.53548443865482,10.2711323947483
"M2",2012-05-01,8.44271600858437,10.0775665064066
"M2",2012-06-01,8.45162148693275,8.86762184136177
"M2",2012-07-01,7.45963541468249,8.8078082348343
"M2",2012-08-01,6.63811298788235,7.73564461714877
"M2",2012-09-01,8.08903343771767,6.85963506868056
"M2",2012-10-01,10.4032200167538,8.16515592656037
"M2",2012-11-01,9.68158161094577,10.5513976087027
"M2",2012-12-01,10.1768735405225,9.88962839418115
"M2",2013-01-01,12.9293131031112,10.3882752290537
"M2",2013-02-01,13.379970108424,12.9963530605667
"M2",2013-03-01,13.5852148216413,13.4129065077863
"M2",2013-04-01,14.4845055727311,13.5915599621374
"M2",2013-05-01,15.8017384423672,14.485176886959
"M2",2013-06-01,16.2377851569137,15.6862554513548
"M2",2013-07-01,18.9724729759427,16.1235040163696
"M2",2013-08-01,20.1827709143824,18.7422956291645
"M2",2013-09-01,20.3284333259769,19.8790159212953
"M2",2013-10-01,19.6344901587463,20.1538090089491
"M2",2013-11-01,21.2728927350365,19.5659687501291
"M2",2013-12-01,22.2081168398633,21.2065842194584
"M2",2014-01-01,23.6253664245019,22.1962378588535
"M2",2014-02-01,22.5246607845664,23.6703815984145
"M2",2014-03-01,20.9688135322708,22.5190304039127
"M2",2014-04-01,19.9658673794867,20.9349497378932
"M2",2014-05-01,16.6761421411933,19.918552055673
"M2",2014-06-01,16.7832790199098,16.6771016649875
"M2",2014-07-01,16.542222569521,16.73736523714
"M2",2014-08-01,14.0166371249839,16.5066324929314
"M2",2014-09-01,15.1315338465637,14.0567465648494
"M2",2014-10-01,13.2554999604354,15.1576642034332
"M2",2014-11-01,12.3033527026295,13.3246082462173
"M2",2014-12-01,11.8782180943676,12.405361036405
"M2",2015-01-01,10.9333840116354,11.9035270094974
"M2",2015-02-01,13.4495603549698,10.9589832675809
"M2",2015-03-01,15.9205403265987,13.4354795805706
"M2",2015-04-01,18.5197705454081,15.8071016207322
"M2",2015-05-01,19.9618795697392,18.2634340723145
"M2",2015-06-01,18.7798488007096,19.6057163065448
"M2",2015-07-01,18.8152220328261,18.5442334606775
"M2",2015-08-01,21.2213585005381,18.5237962240804
"M2",2015-09-01,21.174202958628,20.7645966720132
"M2",2015-10-01,20.7375890952774,20.8077222692455
"M2",2015-11-01,19.4192723316689,20.4952780351912
"M2",2015-12-01,17.0854441606111,19.2423286779791
"M2",2016-01-01,17.2034084954212,17.0432216974133
"M2",2016-02-01,15.3362250009111,17.2025253308779
"M2",2016-03-01,14.0167542413735,15.4479628248976
"M2",2016-04-01,11.441279988727,14.2182568160202
"M2",2016-05-01,12.7529598007733,11.7706299394195
"M2",2016-06-01,12.6864543968886,13.0894659032883
"M2",2016-07-01,11.6498720772566,13.0473630776761
"M2",2016-08-01,9.49169803086249,12.1480229460095
"M2",2016-09-01,8.03735213448089,10.2026653338411
"M2",2016-10-01,11.2432249059577,8.64544679276117
"M2",2016-11-01,15.9535184745661,11.6721068335741
"M2",2016-12-01,18.2747861027845,16.1010302884307
"M2",2017-01-01,19.0852805061999,18.1848315948439
"M2",2017-02-01,16.6836466702572,18.9250040169382
"M2",2017-03-01,18.7247587044022,16.733500386968
"M2",2017-04-01,20.602997029386,18.5827448265271
"M2",2017-05-01,19.3480557485068,20.3069421352829
"M2",2017-06-01,20.195761461224,19.1430195408191
"M2",2017-07-01,18.6717222850834,19.9276386132713
"M2",2017-08-01,20.3469227809506,18.4804117444495
"M2",2017-09-01,20.1008422854806,19.9829050717667
"M2",2017-10-01,21.8189694908344,19.7505066352162
"M2",2017-11-01,19.0029616655573,21.3812981709363
"M2",2017-12-01,15.719280619961,18.7119495452732
"M2",2018-01-01,13.3981068201455,15.7603505205418
"M2",2018-02-01,16.0340841586734,13.7192968616917
"M2",2018-03-01,15.8114206097202,15.9983185347108
"M2",2018-04-01,16.0138347886671,15.8152279267084
"M2",2018-05-01,19.7972890235008,15.9913146551123
"M2",2018-06-01,19.2288966084263,19.3426856025547
"M2",2018-07-01,22.9046409963574,18.8521342117177
"M2",2018-08-01,35.8842692172337,22.1974560209318
"M2",2018-09-01,29.2764804916754,36.548557341957
"M2",2018-10-01,21.4935209090483,28.0068493703798
"M2",2018-11-01,16.7111831404019,20.8186357634707
"M2",2018-12-01,19.1014389100216,16.9721431040306
"M2",2019-01-01,20.5891894983333,18.8920220511811
"M2",2019-02-01,21.4830410852231,20.086582311968
"M2",2019-03-01,24.5664635241303,20.8064136950546
"M2",2019-04-01,25.6093194514695,23.332334486148
"M2",2019-05-01,21.1937648275472,24.2869350549053
"M2",2019-06-01,19.4706065097696,20.6053088487844
"M2",2019-07-01,15.0636464985508,19.2544291694897
"M2",2019-08-01,7.39523989418129,15.7492787591444
"M2",2019-09-01,11.803581653987,9.32627384490512
"M2",2019-10-01,18.2688440358585,13.0257840076577
"M2",2019-11-01,23.3991439255052,18.1204404797564
"M2",2019-12-01,26.1190897091015,22.0946684506924
"M2",2020-01-01,26.5828267576288,24.4236795287833
"M2",2020-02-01,28.8345818819331,24.9389008063158
"M2",2020-03-01,28.2841835167788,27.0525697725651
"M2",2020-04-01,35.3156391901499,26.7167167665172
"M2",2020-05-01,34.7640982970162,33.3059933291982
"M2",2020-06-01,38.9545607709692,33.0543040657767
"M2",2020-07-01,45.9280620368353,37.5639674578368
"M2",2020-08-01,41.7950628828131,45.6042036841795
"M2",2020-09-01,44.8735926180367,40.7082534221887
"M2",2020-10-01,47.5928079752359,44.0146114995851
"M2",2020-11-01,41.4271463953415,47.3310828823023
"M2",2020-12-01,36.0287447192015,40.7466116161095
"M2",2021-01-01,33.8899340251788,35.3688116471561
"M2",2021-02-01,30.1040298461692,33.3399549366978
"M2",2021-03-01,31.2383318317517,29.8260266538036
"M2",2021-04-01,22.8194294245504,30.8796976255997
"M2",2021-05-01,25.9643868837765,23.1013595057347
"M2",2021-06-01,25.4077669320238,26.0063904488581
"M2",2021-07-01,21.1099355950489,25.4965129135354
"M2",2021-08-01,19.3427024021991,21.6346443667082
"M2",2021-09-01,22.0169456447201,19.9769538024851
"M2",2021-10-01,24.156673313955,22.4327332179516
"M2",2021-11-01,51.5050264155417,24.3455271833846
"M2",2021-12-01,53.5582214988561,48.9625285688094
"M2",2022-01-01,55.4790715266986,51.4311551513394
"M2",2022-02-01,59.5612526588823,53.6408046114728
"M2",2022-03-01,61.9670284811782,58.3534268190462
"M2",2022-04-01,64.9257840749151,61.1396879265768
"M2",2022-05-01,70.7348234218647,64.5152247564791
"M2",2022-06-01,70.7996493106086,71.2986093357332
"M2",2022-07-01,82.888446098862,71.2331419838289
"M2",2022-08-01,89.539065285,85.3907594268084
"M2",2022-09-01,87.179836061148,93.3956908217047
"M2",2022-10-01,82.4620405092368,89.9257421073606
"M2",2022-11-01,56.745523360836,84.0482166613111
"M2",2022-12-01,60.7098752502221,56.5251281419782
"M2",2023-01-01,63.9519620755113,60.4387045505722
"M2",2023-02-01,62.9703946034018,63.6738256027908
"M2",2023-03-01,59.1828106413289,62.7071002228728
"M2",2023-04-01,61.7715625305377,58.9641185511584
"M2",2023-05-01,51.464206903447,61.5241218856451
"M2",2023-06-01,69.1617034088567,51.5294423087951
"M2",2023-07-01,65.4122392451423,68.619034235734
"M2",2023-08-01,65.2192005813354,64.9261846287401
"M2",2023-09-01,65.5363235644221,64.6722025140158
"M2",2023-10-01,65.3399879066914,64.9926799348186
"M2",2023-11-01,65.791440134107,64.8560899841143
"M2",2023-12-01,66.459808297684,65.3175635035965
"M2",2024-01-01,62.5287641580724,65.973898146937
"M2",2024-02-01,62.0735062510414,62.2492141721918
"M2",2024-03-01,58.1412998113184,61.8300450847453
"M2",2024-04-01,52.2705613863598,58.1800395565621
"M2",2024-05-01,56.0555155935359,52.6362067409457
"M2",2024-06-01,40.8717384634934,56.2018528368698
"M2",2024-07-01,36.6287243179411,42.0298765061411
"M2",2024-08-01,35.6503047135286,37.783760191981
"M2",2024-09-01,32.9516114269323,36.9317220275632
"M2",2024-10-01,31.1093260634881,34.2027262950571
"M2",2024-11-01,29.6173115528806,32.2797756552198
"M2",2024-12-01,28.2656187943516,30.9287637277738
"M2",2025-01-01,28.7583990507916,29.7414432949453
"M2",2025-02-01,30.6780535415337,30.2782794367836
"M2",2025-03-01,38.1411434803888,32.2919229208418
"M2",2025-04-01,38.4393884066941,39.4273980887027
"M2",2025-05-01,38.995424955402,40.0499124839239
"M2",2025-06-01,38.5367849016445,40.5172554625684
"M2",2025-07-01,38.8130483432045,40.1821986345894
"M2",2025-08-01,36.9119159834681,40.7139417073359
"M2",2025-09-01,38.9529478083965,39.1954770054551
"M2",2025-10-01,39.0399021006534,41.0823442549756
"M2",2025-11-01,39.6328330114762,41.1981863135184
"M2",2025-12-01,41.0856400360161,40.3475073196714
"M2",2026-01-01,43.3024420660507,41.6812934191925
"M2",2026-02-01,40.2001254298348,43.7565296547861
"M2",2026-03-01,29.8068050423464,40.6696881774649
"M2",2026-04-01,31.8946511326224,30.4540275218064
"M2",2026-05-01,32.3379462186304,32.4770635100494
"M2",2026-06-01,28.9897751925967,32.8699747270735
"M2",2026-07-01,28.9449084751552,29.5793312902365
"M2",2026-08-01,31.7367147500187,29.6600143569199
"SANAYI_URETIM",2006-02-01,8.23529103875429,3.48591735826235
"SANAYI_URETIM",2006-03-01,12.410497941143,8.19233238106857
"SANAYI_URETIM",2006-04-01,10.1415163220062,11.8765407116957
"SANAYI_URETIM",2006-05-01,10.2803597452844,9.95988866808798
"SANAYI_URETIM",2006-06-01,11.0070194168789,10.1104852838712
"SANAYI_URETIM",2006-07-01,8.4862464504514,10.7269122369782
"SANAYI_URETIM",2006-08-01,6.54627361920308,8.74113846529077
"SANAYI_URETIM",2006-09-01,5.35713901486756,7.32240865757209
"SANAYI_URETIM",2006-10-01,4.16666056880528,6.44268440937438
"SANAYI_URETIM",2006-11-01,3.50109675471262,5.97932117973056
"SANAYI_URETIM",2006-12-01,8.16777804367745,5.95099835859076
"SANAYI_URETIM",2007-01-01,11.8420956349557,9.08382425196024
"SANAYI_URETIM",2007-02-01,8.2608745412573,11.1316249768424
"SANAYI_URETIM",2007-03-01,7.64332243018684,9.25609479773315
"SANAYI_URETIM",2007-04-01,8.99356863915708,8.79253230985536
"SANAYI_URETIM",2007-05-01,9.74577702370993,9.47652001955217
"SANAYI_URETIM",2007-06-01,6.96202769267735,9.91368186193534
"SANAYI_URETIM",2007-07-01,6.55390328395122,8.36956383285104
"SANAYI_URETIM",2007-08-01,8.47457573865267,8.11574320059986
"SANAYI_URETIM",2007-09-01,9.32203802544191,9.21010387716721
"SANAYI_URETIM",2007-10-01,7.78946520523003,9.64038756842101
"SANAYI_URETIM",2007-11-01,8.66807170194774,8.70729117663635
"SANAYI_URETIM",2007-12-01,7.75510587030379,9.21530791088201
"SANAYI_URETIM",2008-01-01,2.15686360034604,8.56641571765101
"SANAYI_URETIM",2008-02-01,6.62650853558813,5.33548963707697
"SANAYI_URETIM",2008-03-01,4.73372400289462,7.85267036027788
"SANAYI_URETIM",2008-04-01,2.94694531138922,6.68070531164383
"SANAYI_URETIM",2008-05-01,0.772190602704903,5.65816236994542
"SANAYI_URETIM",2008-06-01,3.55029300217098,4.05710258784945
"SANAYI_URETIM",2008-07-01,1.9841304286738,5.67438644095034
"SANAYI_URETIM",2008-08-01,-0.976549771308066,4.48327060490013
"SANAYI_URETIM",2008-09-01,-1.93798789371891,2.15665106196645
"SANAYI_URETIM",2008-10-01,-6.24999094848574,1.11889999972467
"SANAYI_URETIM",2008-11-01,-10.1167285424837,-2.82918520874275
"SANAYI_URETIM",2008-12-01,-14.7727429121455,-6.99989274922902
"SANAYI_URETIM",2009-01-01,-19.577734960857,-12.5723156005663
"SANAYI_URETIM",2009-02-01,-19.3973602042127,-18.5966922295894
"SANAYI_URETIM",2009-03-01,-20.3389813940758,-18.7113482782453
"SANAYI_URETIM",2009-04-01,-17.9389241683171,-19.9325912054777
"SANAYI_URETIM",2009-05-01,-14.9425323276964,-17.3167934042663
"SANAYI_URETIM",2009-06-01,-12.9523803067211,-14.1181853884356
"SANAYI_URETIM",2009-07-01,-9.53307861703041,-12.2834815669208
"SANAYI_URETIM",2009-08-01,-9.4674626310349,-8.901621695008
"SANAYI_URETIM",2009-09-01,-8.30038958060552,-8.86848089577407
"SANAYI_URETIM",2009-10-01,-1.45832963227007,-7.7354456088919
"SANAYI_URETIM",2009-11-01,6.70994865032564,-1.12844896947843
"SANAYI_URETIM",2009-12-01,4.88889115916069,6.51889493879774
"SANAYI_URETIM",2010-01-01,11.6945168640815,4.82141192345766
"SANAYI_URETIM",2010-02-01,11.9158868789851,10.9265621607545
"SANAYI_URETIM",2010-03-01,15.3664385896916,11.3198149682877
"SANAYI_URETIM",2010-04-01,14.6511604647377,14.7119615763018
"SANAYI_URETIM",2010-05-01,13.9639657694182,14.0484871765558
"SANAYI_URETIM",2010-06-01,11.3785522837793,13.4483734440162
"SANAYI_URETIM",2010-07-01,10.322589184114,10.9363889681776
"SANAYI_URETIM",2010-08-01,14.3790906689736,9.91277490491976
"SANAYI_URETIM",2010-09-01,13.3620696543364,13.7430955980293
"SANAYI_URETIM",2010-10-01,12.4735654484225,12.6568057758033
"SANAYI_URETIM",2010-11-01,11.1561910362726,11.5881058599313
"SANAYI_URETIM",2010-12-01,18.0084754083552,10.3171862805478
"SANAYI_URETIM",2011-01-01,24.1452826580429,16.9212274324784
"SANAYI_URETIM",2011-02-01,19.415441063215,24.150661453372
"SANAYI_URETIM",2011-03-01,16.8032692852655,19.1127858484699
"SANAYI_URETIM",2011-04-01,15.4158153078391,16.3728803613335
"SANAYI_URETIM",2011-05-01,13.6363762922214,15.0660502200268
"SANAYI_URETIM",2011-06-01,15.1276924170627,13.302949490823
"SANAYI_URETIM",2011-07-01,16.374255988624,14.7655856592664
"SANAYI_URETIM",2011-08-01,17.1428579499319,16.0856509367391
"SANAYI_URETIM",2011-09-01,10.6463892263152,16.9139133768232
"SANAYI_URETIM",2011-10-01,15.6015084228546,10.480848296286
"SANAYI_URETIM",2011-11-01,11.3138689588217,15.374902618792
"SANAYI_URETIM",2011-12-01,9.51526930961954,11.162179052875
"SANAYI_URETIM",2012-01-01,3.78658939070391,9.34106343035127
"SANAYI_URETIM",2012-02-01,4.02097822777092,3.72364971096259
"SANAYI_URETIM",2012-03-01,6.66667013567237,4.00001097472393
"SANAYI_URETIM",2012-04-01,8.08437045603165,6.57103821782589
"SANAYI_URETIM",2012-05-01,7.30434201743699,7.92100724675978
"SANAYI_URETIM",2012-06-01,4.60752440338668,7.15007263992206
"SANAYI_URETIM",2012-07-01,3.68509375007375,4.58352478027265
"SANAYI_URETIM",2012-08-01,-0.813009502412521,3.69454823394783
"SANAYI_URETIM",2012-09-01,7.21648932883423,-0.699947100519319
"SANAYI_URETIM",2012-10-01,1.62600694791499,7.04419951637133
"SANAYI_URETIM",2012-11-01,0.983605800134391,1.69063646851089
"SANAYI_URETIM",2012-12-01,2.45900842246731,1.05360527158941
"SANAYI_URETIM",2013-01-01,4.14593161845584,2.48037485831962
"SANAYI_URETIM",2013-02-01,7.73110343302041,4.18902384270356
"SANAYI_URETIM",2013-03-01,5.26314955029492,7.57263104086599
"SANAYI_URETIM",2013-04-01,4.8780449575651,5.22523710854095
"SANAYI_URETIM",2013-05-01,4.70016059423835,4.88441693155132
"SANAYI_URETIM",2013-06-01,8.64599813209754,4.75081459240147
"SANAYI_URETIM",2013-07-01,6.94669333511262,8.51452218214593
"SANAYI_URETIM",2013-08-01,5.57377025267403,6.90313044944538
"SANAYI_URETIM",2013-09-01,9.13462669632983,5.63261929438383
"SANAYI_URETIM",2013-10-01,7.84000446086421,9.07630780829081
"SANAYI_URETIM",2013-11-01,10.0649354166754,7.89811794530748
"SANAYI_URETIM",2013-12-01,8.00000237280012,10.0679165410458
"SANAYI_URETIM",2014-01-01,11.4649713867195,8.17134373523278
"SANAYI_URETIM",2014-02-01,8.26831423864962,11.3934622244981
"SANAYI_URETIM",2014-03-01,8.4374938087646,8.50217975971261
"SANAYI_URETIM",2014-04-01,6.66667126511624,8.68744668876788
"SANAYI_URETIM",2014-05-01,5.10836115871429,7.18885057619131
"SANAYI_URETIM",2014-06-01,4.05405646132611,5.90112287317262
"SANAYI_URETIM",2014-07-01,7.25074987267369,5.09863396117772
"SANAYI_URETIM",2014-08-01,4.8136589823166,7.75599298539208
"SANAYI_URETIM",2014-09-01,3.67106714037009,5.92835556981887
"SANAYI_URETIM",2014-10-01,3.56082824890593,5.19747114203934
"SANAYI_URETIM",2014-11-01,3.6873109885923,4.88502025348521
"SANAYI_URETIM",2014-12-01,4.14814884794517,4.62816135324524
"SANAYI_URETIM",2015-01-01,0,5.04365889608936
"SANAYI_URETIM",2015-02-01,0.864563413532871,1.1732004777069
"SANAYI_URETIM",2015-03-01,4.89914637745175,1.88700639073277
"SANAYI_URETIM",2015-04-01,6.24999326399016,5.38261789095045
"SANAYI_URETIM",2015-05-01,7.65831898565421,6.51696804722622
"SANAYI_URETIM",2015-06-01,6.49349593261059,7.69143600294916
"SANAYI_URETIM",2015-07-01,3.23944654855233,6.72932892993279
"SANAYI_URETIM",2015-08-01,11.851817757091,3.96449308631172
"SANAYI_URETIM",2015-09-01,6.94047131041005,11.0714921900884
"SANAYI_URETIM",2015-10-01,5.58739390467857,7.07246714365966
"SANAYI_URETIM",2015-11-01,7.25465473206746,5.97223632741196
"SANAYI_URETIM",2015-12-01,8.10806534735213,7.31742007766217
"SANAYI_URETIM",2016-01-01,7.71431150032562,7.87267829529081
"SANAYI_URETIM",2016-02-01,8.85717481730501,7.41693163707133
"SANAYI_URETIM",2016-03-01,3.57145294372943,8.24255747873097
"SANAYI_URETIM",2016-04-01,3.41997860706535,4.48307777569957
"SANAYI_URETIM",2016-05-01,5.06152370644513,4.38544182744848
"SANAYI_URETIM",2016-06-01,3.65858927308684,5.5026574528631
"SANAYI_URETIM",2016-07-01,-2.04638815671809,4.57334687502115
"SANAYI_URETIM",2016-08-01,2.25170545056697,1.05228773207604
"SANAYI_URETIM",2016-09-01,-0.66224320029542,3.88348400153896
"SANAYI_URETIM",2016-10-01,6.24155877187476,2.04723303951331
"SANAYI_URETIM",2016-11-01,3.05037674876925,5.78450665644662
"SANAYI_URETIM",2016-12-01,1.57900539441473,4.31810237740476
"SANAYI_URETIM",2017-01-01,3.1830403065128,3.63197597371668
"SANAYI_URETIM",2017-02-01,3.80578155728573,4.30045818584914
"SANAYI_URETIM",2017-03-01,6.23341705528204,4.58536901451814
"SANAYI_URETIM",2017-04-01,8.8623958491695,5.68991923605177
"SANAYI_URETIM",2017-05-01,5.85939687449915,6.90870184475718
"SANAYI_URETIM",2017-06-01,6.797370923327,5.49820087097876
"SANAYI_URETIM",2017-07-01,13.6490216176163,5.97599284149205
"SANAYI_URETIM",2017-08-01,8.93776299473748,9.41168606953199
"SANAYI_URETIM",2017-09-01,13.6000031637341,7.17693589063333
"SANAYI_URETIM",2017-10-01,9.19535440467891,10.0370645920439
"SANAYI_URETIM",2017-11-01,10.682084521451,7.72407586230504
"SANAYI_URETIM",2017-12-01,14.3781822303202,8.61631414420725
"SANAYI_URETIM",2018-01-01,11.3110152731778,11.0390816072699
"SANAYI_URETIM",2018-02-01,8.72307376469055,9.28663370521182
"SANAYI_URETIM",2018-03-01,7.49062942319461,7.73795622625479
"SANAYI_URETIM",2018-04-01,5.95389544396312,7.04681497537329
"SANAYI_URETIM",2018-05-01,5.65811098970654,6.13914284431631
"SANAYI_URETIM",2018-06-01,2.0807372522397,5.97239681493266
"SANAYI_URETIM",2018-07-01,4.77940374675594,3.71104683406517
"SANAYI_URETIM",2018-08-01,1.3079853674923,5.35598440747088
"SANAYI_URETIM",2018-09-01,-3.16895585985298,3.20296282517883
"SANAYI_URETIM",2018-10-01,-5.49707389330031,-0.0802991819994986
"SANAYI_URETIM",2018-11-01,-6.27904029190963,-2.38912311717641
"SANAYI_URETIM",2018-12-01,-10.1924793568178,-3.54611872330705
"SANAYI_URETIM",2019-01-01,-6.81298018756695,-7.79932143524441
"SANAYI_URETIM",2019-02-01,-5.11626463277206,-4.8018441695011
"SANAYI_URETIM",2019-03-01,-2.32293568500465,-3.51696387135717
"SANAYI_URETIM",2019-04-01,-4.12850394772087,-1.15753955743924
"SANAYI_URETIM",2019-05-01,-1.86264041233944,-2.78528954993614
"SANAYI_URETIM",2019-06-01,-3.23743917521007,-0.86790393405922
"SANAYI_URETIM",2019-07-01,-1.28656766123073,-2.09023591614818
"SANAYI_URETIM",2019-08-01,-3.63848559905727,-0.496171709576554
"SANAYI_URETIM",2019-09-01,3.27266517467935,-2.56020433547547
"SANAYI_URETIM",2019-10-01,3.96041784629109,3.35752749734618
"SANAYI_URETIM",2019-11-01,4.96280540871732,3.92930097841057
"SANAYI_URETIM",2019-12-01,8.82721463475755,4.76093544620846
"SANAYI_URETIM",2020-01-01,6.56756106121834,7.98068074900787
"SANAYI_URETIM",2020-02-01,8.21074956927572,6.17216809399891
"SANAYI_URETIM",2020-03-01,-1.42683702070294,7.55516319340611
"SANAYI_URETIM",2020-04-01,-29.9042879291566,-0.435868906895631
"SANAYI_URETIM",2020-05-01,-17.5563667389402,-26.7893511482594
"SANAYI_URETIM",2020-06-01,-0.371668991320673,-13.4142516469198
"SANAYI_URETIM",2020-07-01,5.68723626884828,0.51201066555537
"SANAYI_URETIM",2020-08-01,10.3532737544199,4.87292685007533
"SANAYI_URETIM",2020-09-01,8.56806919275699,8.10551210657344
"SANAYI_URETIM",2020-10-01,10.3571646103286,6.93737737600798
"SANAYI_URETIM",2020-11-01,10.9928645991738,8.31186871847573
"SANAYI_URETIM",2020-12-01,9.38586097776617,8.8045705207374
"SANAYI_URETIM",2021-01-01,12.3256289171253,7.61809475917914
"SANAYI_URETIM",2021-02-01,9.73951759656511,9.85784500137015
"SANAYI_URETIM",2021-03-01,17.0084364635547,7.91839799068746
"SANAYI_URETIM",2021-04-01,64.8464696309544,13.7016968057182
"SANAYI_URETIM",2021-05-01,42.1582429245698,61.856512169392
"SANAYI_URETIM",2021-06-01,24.0049470205822,34.2351546093601
"SANAYI_URETIM",2021-07-01,9.64124535419508,19.2290022483319
"SANAYI_URETIM",2021-08-01,13.2450190203691,8.59272224421616
"SANAYI_URETIM",2021-09-01,9.40542906408244,11.2245841969364
"SANAYI_URETIM",2021-10-01,9.92441821865684,8.51051839685597
"SANAYI_URETIM",2021-11-01,12.1405422820827,8.83776672915033
"SANAYI_URETIM",2021-12-01,12.0762394008302,10.5385716363977
"SANAYI_URETIM",2022-01-01,6.10762493619341,10.560117453007
"SANAYI_URETIM",2022-02-01,11.9711358192851,6.20834756007084
"SANAYI_URETIM",2022-03-01,7.73193472658904,10.4925959705447
"SANAYI_URETIM",2022-04-01,9.62729271971538,7.3948423963948
"SANAYI_URETIM",2022-05-01,7.28749041228307,8.74080481803906
"SANAYI_URETIM",2022-06-01,7.72312676450202,7.0883718408498
"SANAYI_URETIM",2022-07-01,2.14724158950921,7.39742310092824
"SANAYI_URETIM",2022-08-01,0.682237681779485,3.22420572724332
"SANAYI_URETIM",2022-09-01,0.0988422487967267,2.16234723769516
"SANAYI_URETIM",2022-10-01,2.45342701898721,1.62095713236499
"SANAYI_URETIM",2022-11-01,-1.51940646182577,3.34791515516624
"SANAYI_URETIM",2022-12-01,-0.0944747017353698,0.374333295927023
"SANAYI_URETIM",2023-01-01,4.19515413435112,1.31457065761817
"SANAYI_URETIM",2023-02-01,-7.92626003758755,4.43391925889187
"SANAYI_URETIM",2023-03-01,1.53110930565066,-4.42680466190373
"SANAYI_URETIM",2023-04-01,-0.755433816043571,2.46246460144976
"SANAYI_URETIM",2023-05-01,0.754720940725484,0.797370057220851
"SANAYI_URETIM",2023-06-01,1.02422303000176,1.86386765294637
"SANAYI_URETIM",2023-07-01,8.50854580636828,2.09239516405101
"SANAYI_URETIM",2023-08-01,3.67864408142289,7.46312642664765
"SANAYI_URETIM",2023-09-01,5.72557918237382,4.0474134678312
"SANAYI_URETIM",2023-10-01,2.10723765001344,5.60910337792601
"SANAYI_URETIM",2023-11-01,1.54284860319895,3.1016281317364
"SANAYI_URETIM",2023-12-01,2.45978748345304,2.76433587343815
"SANAYI_URETIM",2024-01-01,1.59172519516442,3.54741279070061
"SANAYI_URETIM",2024-02-01,11.7116923197966,2.95783847531223
"SANAYI_URETIM",2024-03-01,4.80682208119041,10.0026626767568
"TUKETICI_GUVEN",2016-08-01,95.16622045,90.1606056238044
"TUKETICI_GUVEN",2016-09-01,94.77673501,93.8078959222219
"TUKETICI_GUVEN",2016-10-01,95.02017291,93.589698654966
"TUKETICI_GUVEN",2016-11-01,91.40910273,93.9281314871467
"TUKETICI_GUVEN",2016-12-01,87.00704722,91.4076154997078
"TUKETICI_GUVEN",2017-01-01,88.38577383,88.3884891299021
"TUKETICI_GUVEN",2017-02-01,87.63446247,89.2894163710077
"TUKETICI_GUVEN",2017-03-01,89.89268569,88.7454879062552
"TUKETICI_GUVEN",2017-04-01,91.95329234,90.3443978995319
"TUKETICI_GUVEN",2017-05-01,94.22008486,91.8320312685285
"TUKETICI_GUVEN",2017-06-01,92.67384966,93.3958790520838
"TUKETICI_GUVEN",2017-07-01,93.21031619,92.3421907461442
"TUKETICI_GUVEN",2017-08-01,93.49159227,92.7062514465658
"TUKETICI_GUVEN",2017-09-01,92.00099804,92.9141017441145
"TUKETICI_GUVEN",2017-10-01,89.59682333,91.8654091893296
"TUKETICI_GUVEN",2017-11-01,87.35353412,90.1692004195714
"TUKETICI_GUVEN",2017-12-01,87.80834831,88.5168692531441
"TUKETICI_GUVEN",2018-01-01,92.38315817,88.8015279288953
"TUKETICI_GUVEN",2018-02-01,92.97420649,91.8987028184762
"TUKETICI_GUVEN",2018-03-01,92.27549812,92.277585371117
"TUKETICI_GUVEN",2018-04-01,91.65107817,91.8956200261119
"TUKETICI_GUVEN",2018-05-01,90.94874696,91.4421433958787
"TUKETICI_GUVEN",2018-06-01,91.05238239,90.8965461914263
"TUKETICI_GUVEN",2018-07-01,92.92046998,90.974201715359
"TUKETICI_GUVEN",2018-08-01,88.70138173,92.258513839322
"TUKETICI_GUVEN",2018-09-01,81.14839561,89.5030432317407
"TUKETICI_GUVEN",2018-10-01,78.41815398,83.9767528610704
"TUKETICI_GUVEN",2018-11-01,80.94738021,80.9324528974565
"TUKETICI_GUVEN",2018-12-01,79.66066557,82.8471306110256
"TUKETICI_GUVEN",2019-01-01,80.11330377,81.3634755068097
"TUKETICI_GUVEN",2019-02-01,78.79038966,81.5845859114638
"TUKETICI_GUVEN",2019-03-01,81.10049382,80.1513975068474
"TUKETICI_GUVEN",2019-04-01,83.61170614,82.2338520758231
"TUKETICI_GUVEN",2019-05-01,77.04567514,84.3991642424392
"TUKETICI_GUVEN",2019-06-01,80.09404011,78.3712909158488
"TUKETICI_GUVEN",2019-07-01,78.93809794,81.1914662277894
"TUKETICI_GUVEN",2019-08-01,79.60414532,80.0256706092272
"TUKETICI_GUVEN",2019-09-01,77.63885503,80.5725699674472
"TUKETICI_GUVEN",2019-10-01,78.17048933,78.6544481083021
"TUKETICI_GUVEN",2019-11-01,81.24018395,79.0600679260096
"TUKETICI_GUVEN",2019-12-01,80.48867194,81.9335394981709
"TUKETICI_GUVEN",2020-01-01,81.11781199,81.1427726609429
"TUKETICI_GUVEN",2020-02-01,79.29114811,81.7099758774535
"TUKETICI_GUVEN",2020-03-01,80.9837989,80.0157661635177
"TUKETICI_GUVEN",2020-04-01,78.17727508,81.6612062125724
"TUKETICI_GUVEN",2020-05-01,82.85047469,78.8451115350663
"TUKETICI_GUVEN",2020-06-01,82.97922262,83.0634234328545
"TUKETICI_GUVEN",2020-07-01,82.82247177,83.177583333955
"TUKETICI_GUVEN",2020-08-01,79.77182328,83.0295508749176
"TUKETICI_GUVEN",2020-09-01,81.90815673,80.165351925929
"TUKETICI_GUVEN",2020-10-01,81.54335148,82.1729597529722
"TUKETICI_GUVEN",2020-11-01,79.9841112,81.8059965383117
"TUKETICI_GUVEN",2020-12-01,79.79660143,80.3320306586496
"TUKETICI_GUVEN",2021-01-01,82.86952357,80.1424352881229
"TUKETICI_GUVEN",2021-02-01,84.10742231,83.0115865004758
"TUKETICI_GUVEN",2021-03-01,86.62952308,84.057384639626
"TUKETICI_GUVEN",2021-04-01,80.25356807,86.3153912060711
"TUKETICI_GUVEN",2021-05-01,77.52774271,80.6340209889497
"TUKETICI_GUVEN",2021-06-01,81.9708423,78.0947724217453
"TUKETICI_GUVEN",2021-07-01,80.09376671,82.1791118509761
"TUKETICI_GUVEN",2021-08-01,78.49322864,80.4448690152595
"TUKETICI_GUVEN",2021-09-01,79.60433638,78.9620267311201
"TUKETICI_GUVEN",2021-10-01,76.46037543,79.9495893406708
"TUKETICI_GUVEN",2021-11-01,70.84798367,77.0650191130623
"TUKETICI_GUVEN",2021-12-01,68.51105049,71.8087707110184
"TUKETICI_GUVEN",2022-01-01,72.74467146,69.2989789406268
"TUKETICI_GUVEN",2022-02-01,70.76649429,73.5907456230048
"TUKETICI_GUVEN",2022-03-01,72.56592991,71.7210091516054
"TUKETICI_GUVEN",2022-04-01,67.28,73.3854175217856
"TUKETICI_GUVEN",2022-05-01,67.76,68.1324228132168
"TUKETICI_GUVEN",2022-06-01,63.41,68.478483663454
"TUKETICI_GUVEN",2022-07-01,68.51,63.8538253601483
"TUKETICI_GUVEN",2022-08-01,72.73,69.3086068571652
"TUKETICI_GUVEN",2022-09-01,72.87,73.3290628896754
"TUKETICI_GUVEN",2022-10-01,76.25,73.4658581758953
"TUKETICI_GUVEN",2022-11-01,76.58,76.4467470164054
"TUKETICI_GUVEN",2022-12-01,75.38,76.7233383185723
"TUKETICI_GUVEN",2023-01-01,79.1,75.7118966648466
"TUKETICI_GUVEN",2023-02-01,82.5,78.6848385783082
"TUKETICI_GUVEN",2023-03-01,80.13,81.4250732184276
"TUKETICI_GUVEN",2023-04-01,87.52,79.730594976433
"TUKETICI_GUVEN",2023-05-01,91.06,86.1369968961009
"TUKETICI_GUVEN",2023-06-01,85.13,89.5832173306548
"TUKETICI_GUVEN",2023-07-01,80.07,84.1149196987238
"TUKETICI_GUVEN",2023-08-01,68.01,79.7771396571374
"TUKETICI_GUVEN",2023-09-01,71.47,69.8448771860288
"TUKETICI_GUVEN",2023-10-01,74.62,72.6894406320011
"TUKETICI_GUVEN",2023-11-01,75.47,75.2145903528446
"TUKETICI_GUVEN",2023-12-01,77.42,75.9368919153203
"TUKETICI_GUVEN",2024-01-01,80.42310949,77.4679253530208
"TUKETICI_GUVEN",2024-02-01,79.34287272,79.9309803400244
"TUKETICI_GUVEN",2024-03-01,79.35478993,79.0401916899869
"TUKETICI_GUVEN",2024-04-01,80.46085072,79.0882018419459
"TUKETICI_GUVEN",2024-05-01,80.50803678,79.9915410528294
"TUKETICI_GUVEN",2024-06-01,78.30087847,79.9827414272061
"TUKETICI_GUVEN",2024-07-01,75.87954525,78.186418574637
"TUKETICI_GUVEN",2024-08-01,76.36547339,76.1953966122171
"TUKETICI_GUVEN",2024-09-01,78.22093197,76.6019487104909
"TUKETICI_GUVEN",2024-10-01,80.55364561,78.0714188771455
"TUKETICI_GUVEN",2024-11-01,79.77236914,80.022100317391
"TUKETICI_GUVEN",2024-12-01,81.27129334,79.3024057123606
"TUKETICI_GUVEN",2025-01-01,80.96201449,80.5061976686899
"TUKETICI_GUVEN",2025-02-01,82.07125469,80.2437038801154
"TUKETICI_GUVEN",2025-03-01,85.85941588,81.2393822122653
"TUKETICI_GUVEN",2025-04-01,83.86290602,84.4000640830847
"TUKETICI_GUVEN",2025-05-01,84.79218744,82.7383684481717
"TUKETICI_GUVEN",2025-06-01,85.06417614,83.6109494617666
"TUKETICI_GUVEN",2025-07-01,83.51878976,83.8992355047941
"TUKETICI_GUVEN",2025-08-01,84.2505225,82.5287542549055
"TUKETICI_GUVEN",2025-09-01,83.87427161,83.118621771845
"TUKETICI_GUVEN",2025-10-01,83.62820392,82.6992346976402
"TUKETICI_GUVEN",2025-11-01,84.98021374,82.7551495650871
"TUKETICI_GUVEN",2025-12-01,83.48995007,84.0424028208895
"TUKETICI_GUVEN",2026-01-01,83.72307474,82.6889427050602
"TUKETICI_GUVEN",2026-02-01,85.68983532,82.9614890649596
"TUKETICI_GUVEN",2026-03-01,85.04365043,84.7824998945332
"TUKETICI_GUVEN",2026-04-01,85.50276007,84.2185308717835
"TUKETICI_GUVEN",2026-05-01,85.7554237,84.7380273236429
"TUKETICI_GUVEN",2026-06-01,87.93244877,85.0664702484824
"TUKETICI_GUVEN",2026-07-01,89.82971678,87.0253072230931
"TUKETICI_GUVEN",2026-08-01,90.76532875,88.9360098964816
"TUKETICI_GUVEN",2026-09-01,91.92256544,89.8436911053969
"REEL_KESIM_GUVEN",2010-03-01,110.4,103.245043956139
"REEL_KESIM_GUVEN",2010-04-01,119.2,112.700284535671
"REEL_KESIM_GUVEN",2010-05-01,114,121.600676150882
"REEL_KESIM_GUVEN",2010-06-01,111.1,108.77337979077
"REEL_KESIM_GUVEN",2010-07-01,109.9,107.094812625189
"REEL_KESIM_GUVEN",2010-08-01,109.1,107.16431436559
"REEL_KESIM_GUVEN",2010-09-01,109.4,106.707465531509
"REEL_KESIM_GUVEN",2010-10-01,105.4,107.915986177141
"REEL_KESIM_GUVEN",2010-11-01,106.8,101.658347609612
"REEL_KESIM_GUVEN",2010-12-01,106.5,106.307673386288
"REEL_KESIM_GUVEN",2011-01-01,113,104.953153117739
"REEL_KESIM_GUVEN",2011-02-01,111.2,115.078634681554
"REEL_KESIM_GUVEN",2011-03-01,114.5,108.182091083466
"REEL_KESIM_GUVEN",2011-04-01,117,114.470848917374
"REEL_KESIM_GUVEN",2011-05-01,117.9,116.345613953202
"REEL_KESIM_GUVEN",2011-06-01,115.3,116.24198271353
"REEL_KESIM_GUVEN",2011-07-01,112.6,111.825446382918
"REEL_KESIM_GUVEN",2011-08-01,109.3,109.473823037012
"REEL_KESIM_GUVEN",2011-09-01,111.6,106.111096514021
"REEL_KESIM_GUVEN",2011-10-01,101.6,111.983196421248
"REEL_KESIM_GUVEN",2011-11-01,102.4,96.890776705595
"REEL_KESIM_GUVEN",2011-12-01,99.3,103.315278346157
"REEL_KESIM_GUVEN",2012-01-01,102,99.9532803228092
"REEL_KESIM_GUVEN",2012-02-01,108.7,103.472564109291
"REEL_KESIM_GUVEN",2012-03-01,112.6,109.856382925262
"REEL_KESIM_GUVEN",2012-04-01,115.4,112.09087921174
"REEL_KESIM_GUVEN",2012-05-01,114.3,114.53400253874
"REEL_KESIM_GUVEN",2012-06-01,108.1,113.170831706093
"REEL_KESIM_GUVEN",2012-07-01,109.1,106.694046377444
"REEL_KESIM_GUVEN",2012-08-01,105.7,109.111641258797
"REEL_KESIM_GUVEN",2012-09-01,103,105.58288430534
"REEL_KESIM_GUVEN",2012-10-01,100.8,103.726388400804
"REEL_KESIM_GUVEN",2012-11-01,101.9,102.563365630385
"REEL_KESIM_GUVEN",2012-12-01,97.6,104.379958868125
"REEL_KESIM_GUVEN",2013-01-01,101.9,100.992609670658
"REEL_KESIM_GUVEN",2013-02-01,105.9,104.495948782064
"REEL_KESIM_GUVEN",2013-03-01,111.9,107.894532424869
"REEL_KESIM_GUVEN",2013-04-01,111.5,112.481352111787
"REEL_KESIM_GUVEN",2013-05-01,114.3,110.374380202061
"REEL_KESIM_GUVEN",2013-06-01,114.2,113.337420850347
"REEL_KESIM_GUVEN",2013-07-01,109,112.776598663561
"REEL_KESIM_GUVEN",2013-08-01,106.8,107.784078626323
"REEL_KESIM_GUVEN",2013-09-01,104.7,106.79494667423
"REEL_KESIM_GUVEN",2013-10-01,103.9,105.227747291068
"REEL_KESIM_GUVEN",2013-11-01,98.7,104.987040612574
"REEL_KESIM_GUVEN",2013-12-01,96.7,99.6963274245927
"REEL_KESIM_GUVEN",2014-01-01,95.8,98.6618733981535
"REEL_KESIM_GUVEN",2014-02-01,99.2,97.5827082168931
"REEL_KESIM_GUVEN",2014-03-01,106.4,101.727700223352
"REEL_KESIM_GUVEN",2014-04-01,110.6,109.133463009017
"REEL_KESIM_GUVEN",2014-05-01,113.5,111.006781486117
"REEL_KESIM_GUVEN",2014-06-01,110.4,112.483650798988
"REEL_KESIM_GUVEN",2014-07-01,107.3,107.885625982403
"REEL_KESIM_GUVEN",2014-08-01,103.9,105.678927541209
"REEL_KESIM_GUVEN",2014-09-01,104.5,103.231434296262
"REEL_KESIM_GUVEN",2014-10-01,105.3,105.230079475152
"REEL_KESIM_GUVEN",2014-11-01,99.2,106.069638313965
"REEL_KESIM_GUVEN",2014-12-01,98.5,97.9468470445794
"REEL_KESIM_GUVEN",2015-01-01,101.7,100.665659784488
"REEL_KESIM_GUVEN",2015-02-01,103.7,104.917990130304
"REEL_KESIM_GUVEN",2015-03-01,103,105.279894292608
"REEL_KESIM_GUVEN",2015-04-01,109.7,103.296605162359
"REEL_KESIM_GUVEN",2015-05-01,111.3,111.313898345321
"REEL_KESIM_GUVEN",2015-06-01,105.6,109.980823122853
"REEL_KESIM_GUVEN",2015-07-01,104.8,103.014825724702
"REEL_KESIM_GUVEN",2015-08-01,102.9,104.474329824672
"REEL_KESIM_GUVEN",2015-09-01,98.2,102.732228141955
"REEL_KESIM_GUVEN",2015-10-01,97.7,98.139236427537
"REEL_KESIM_GUVEN",2015-11-01,102.6,99.9080707698118
"REEL_KESIM_GUVEN",2015-12-01,100.4,105.912500257292
"REEL_KESIM_GUVEN",2016-01-01,103.2,101.046167510931
"REEL_KESIM_GUVEN",2016-02-01,104.6,105.100590402222
"REEL_KESIM_GUVEN",2016-03-01,107.2,105.292854897676
"REEL_KESIM_GUVEN",2016-04-01,110.5,107.398061308797
"REEL_KESIM_GUVEN",2016-05-01,110.2,110.114277120518
"REEL_KESIM_GUVEN",2016-06-01,107.7,107.920835618839
"REEL_KESIM_GUVEN",2016-07-01,108,105.174226876101
"REEL_KESIM_GUVEN",2016-08-01,102.2,106.881785876175
"REEL_KESIM_GUVEN",2016-09-01,106.1,100.220274237763
"REEL_KESIM_GUVEN",2016-10-01,101,106.985977400184
"REEL_KESIM_GUVEN",2016-11-01,103.5,100.507899578006
"REEL_KESIM_GUVEN",2016-12-01,97.6,104.696393199622
"REEL_KESIM_GUVEN",2017-01-01,97.1,98.9714535370705
"REEL_KESIM_GUVEN",2017-02-01,105.9,100.087374644737
"REEL_KESIM_GUVEN",2017-03-01,108.9,107.717959771732
"REEL_KESIM_GUVEN",2017-04-01,111.2,107.716584040034
"REEL_KESIM_GUVEN",2017-05-01,109.2,108.902700633104
"REEL_KESIM_GUVEN",2017-06-01,112.4,106.667639284364
"REEL_KESIM_GUVEN",2017-07-01,109.5,109.755029979039
"REEL_KESIM_GUVEN",2017-08-01,110.7,107.245742097247
"REEL_KESIM_GUVEN",2017-09-01,111.6,108.907534674951
"REEL_KESIM_GUVEN",2017-10-01,109.5,109.709489118101
"REEL_KESIM_GUVEN",2017-11-01,106.3,108.077437783585
"REEL_KESIM_GUVEN",2017-12-01,103.3,105.845875277985
"REEL_KESIM_GUVEN",2018-01-01,108.3,103.929097404147
"REEL_KESIM_GUVEN",2018-02-01,110.8,107.733371911656
"REEL_KESIM_GUVEN",2018-03-01,111.9,109.380083037257
"REEL_KESIM_GUVEN",2018-04-01,111.2,110.15568697038
"REEL_KESIM_GUVEN",2018-05-01,109.9,109.583227487987
"REEL_KESIM_GUVEN",2018-06-01,104.6,108.642996387603
"REEL_KESIM_GUVEN",2018-07-01,102.7,104.619789421379
"REEL_KESIM_GUVEN",2018-08-01,96.4,103.516466394011
"REEL_KESIM_GUVEN",2018-09-01,89.6,98.2525353128299
"REEL_KESIM_GUVEN",2018-10-01,87.6,91.8159262907323
"REEL_KESIM_GUVEN",2018-11-01,92.8,90.0126291478497
"REEL_KESIM_GUVEN",2018-12-01,91.5,95.887567848192
"REEL_KESIM_GUVEN",2019-01-01,93,93.0470924690576
"REEL_KESIM_GUVEN",2019-02-01,97.2,94.6125837228941
"REEL_KESIM_GUVEN",2019-03-01,102.1,98.9232665169522
"REEL_KESIM_GUVEN",2019-04-01,105.5,103.393232962571
"REEL_KESIM_GUVEN",2019-05-01,98.9,105.874927759959
"REEL_KESIM_GUVEN",2019-06-01,102.5,98.5003391694
"REEL_KESIM_GUVEN",2019-07-01,98.3,103.035442356265
"REEL_KESIM_GUVEN",2019-08-01,102.5,98.6365627013542
"REEL_KESIM_GUVEN",2019-09-01,98.8,102.930564560274
"REEL_KESIM_GUVEN",2019-10-01,100.9,99.1126140469262
"REEL_KESIM_GUVEN",2019-11-01,102,101.500493796286
"REEL_KESIM_GUVEN",2019-12-01,103.6,102.29262468498
"REEL_KESIM_GUVEN",2020-01-01,104.1,103.938463026355
"REEL_KESIM_GUVEN",2020-02-01,106.9,104.19831633777
"REEL_KESIM_GUVEN",2020-03-01,99.7,106.805611318026
"REEL_KESIM_GUVEN",2020-04-01,66.8,99.5865062534102
"REEL_KESIM_GUVEN",2020-05-01,76.9,54.0314768690413
"REEL_KESIM_GUVEN",2020-06-01,92.6,83.6496554326563
"REEL_KESIM_GUVEN",2020-07-01,100.7,99.8102490085995
"REEL_KESIM_GUVEN",2020-08-01,106.2,102.879705968176
"REEL_KESIM_GUVEN",2020-09-01,105.3,105.531892820141
"REEL_KESIM_GUVEN",2020-10-01,108.1,102.717965810079
"REEL_KESIM_GUVEN",2020-11-01,103.9,105.607636001699
"REEL_KESIM_GUVEN",2020-12-01,106.8,100.789283940433
"REEL_KESIM_GUVEN",2021-01-01,107,104.915618985662
"REEL_KESIM_GUVEN",2021-02-01,109.3,103.993711861588
"REEL_KESIM_GUVEN",2021-03-01,110.8,106.021019621836
"REEL_KESIM_GUVEN",2021-04-01,111,106.591324327899
"REEL_KESIM_GUVEN",2021-05-01,110.3,106.294879219839
"REEL_KESIM_GUVEN",2021-06-01,113,105.616814945849
"REEL_KESIM_GUVEN",2021-07-01,114.8,108.853620722444
"REEL_KESIM_GUVEN",2021-08-01,113.9,110.135855794462
"REEL_KESIM_GUVEN",2021-09-01,113.4,109.369486728966
"REEL_KESIM_GUVEN",2021-10-01,109.6,109.701237403443
"REEL_KESIM_GUVEN",2021-11-01,108.4,106.435051399886
"REEL_KESIM_GUVEN",2021-12-01,106.1,106.356091300131
"REEL_KESIM_GUVEN",2022-01-01,109.5,104.57710764927
"REEL_KESIM_GUVEN",2022-02-01,109.8,108.344433305577
"REEL_KESIM_GUVEN",2022-03-01,108.5,107.838557548304
"REEL_KESIM_GUVEN",2022-04-01,109.7,106.637017794674
"REEL_KESIM_GUVEN",2022-05-01,109.4,108.084997066438
"REEL_KESIM_GUVEN",2022-06-01,106.4,107.779913089287
"REEL_KESIM_GUVEN",2022-07-01,103.7,105.004937868958
"REEL_KESIM_GUVEN",2022-08-01,102.1,103.400444055111
"REEL_KESIM_GUVEN",2022-09-01,99.9,102.52803110244
"REEL_KESIM_GUVEN",2022-10-01,100.3,101.010709819931
"REEL_KESIM_GUVEN",2022-11-01,97.9,101.986308462552
"REEL_KESIM_GUVEN",2022-12-01,97.8,99.4795490061449
"REEL_KESIM_GUVEN",2023-01-01,101.7,100.016994102705
"REEL_KESIM_GUVEN",2023-02-01,102.4,103.829574884451
"REEL_KESIM_GUVEN",2023-03-01,105.2,103.198291486893
"REEL_KESIM_GUVEN",2023-04-01,108,105.929993131478
"REEL_KESIM_GUVEN",2023-05-01,108.3,108.3151881586
"REEL_KESIM_GUVEN",2023-06-01,108.2,108.093213206834
"REEL_KESIM_GUVEN",2023-07-01,106.8,108.034454104925
"REEL_KESIM_GUVEN",2023-08-01,105,106.606477808447
"REEL_KESIM_GUVEN",2023-09-01,104.4,105.063688074501
"REEL_KESIM_GUVEN",2023-10-01,103.3,104.648497258842
"REEL_KESIM_GUVEN",2023-11-01,100.2,103.4576597603
"REEL_KESIM_GUVEN",2023-12-01,99.1,100.069725657288
"REEL_KESIM_GUVEN",2024-01-01,100.9,99.2947512965626
"REEL_KESIM_GUVEN",2024-02-01,101.5,102.229474794455
"REEL_KESIM_GUVEN",2024-03-01,104.4,102.144457739669
"REEL_KESIM_GUVEN",2024-04-01,106.1,105.66076165478
"REEL_KESIM_GUVEN",2024-05-01,105.4,106.684939135968
"REEL_KESIM_GUVEN",2024-06-01,102.8,105.110837905923
"REEL_KESIM_GUVEN",2024-07-01,100.3,101.972497490847
"REEL_KESIM_GUVEN",2024-08-01,98.5,99.9224397107905
"REEL_KESIM_GUVEN",2024-09-01,98.8,98.6220782767233
"REEL_KESIM_GUVEN",2024-10-01,100.9,99.884908695151
"REEL_KESIM_GUVEN",2024-11-01,100.4,102.338847215448
"REEL_KESIM_GUVEN",2024-12-01,99.1,100.746268855659
"REEL_KESIM_GUVEN",2025-01-01,100.9,99.2438096466814
"REEL_KESIM_GUVEN",2025-02-01,102.4,102.284465955029
"REEL_KESIM_GUVEN",2025-03-01,104.1,103.297274810792
"REEL_KESIM_GUVEN",2025-04-01,103.2,104.754415762526
"REEL_KESIM_GUVEN",2025-05-01,101.4,102.515581466764
"REEL_KESIM_GUVEN",2025-06-01,100.3,100.687560964017
"REEL_KESIM_GUVEN",2025-07-01,100.2,100.28506629203
"REEL_KESIM_GUVEN",2025-08-01,100.6,100.771202851517
"REEL_KESIM_GUVEN",2025-09-01,100.2,101.331087559254
"REEL_KESIM_GUVEN",2025-10-01,100.8,100.584605819866
"REEL_KESIM_GUVEN",2025-11-01,100.8,101.545836520418
"REEL_KESIM_GUVEN",2025-12-01,100.8,101.307050045614
"REEL_KESIM_GUVEN",2026-01-01,101.6,101.292790260819
"REEL_KESIM_GUVEN",2026-02-01,104.1,102.205081877784
"REEL_KESIM_GUVEN",2026-03-01,101,105.342898235146
"REEL_KESIM_GUVEN",2026-04-01,100.6,99.6163509384443
"REEL_KESIM_GUVEN",2026-05-01,103.3,100.784289625432
"REEL_KESIM_GUVEN",2026-06-01,103.5,103.987775080243
"REEL_KESIM_GUVEN",2026-07-01,102.2,102.926438864559
"REEL_KESIM_GUVEN",2026-08-01,102.8,101.434687491692
"REEL_KESIM_GUVEN",2026-09-01,102,102.548720867303
"KAPASITE_KULLANIM",2013-01-01,75,76.1161848536702
"KAPASITE_KULLANIM",2013-02-01,73.5,74.798622656969
"KAPASITE_KULLANIM",2013-03-01,74.2,73.356051301293
"KAPASITE_KULLANIM",2013-04-01,75,73.7447774942775
"KAPASITE_KULLANIM",2013-05-01,76.6,75.146986855903
"KAPASITE_KULLANIM",2013-06-01,77.5,77.2610741133214
"KAPASITE_KULLANIM",2013-07-01,78.1,77.2045425104458
"KAPASITE_KULLANIM",2013-08-01,78.9,78.2300008389932
"KAPASITE_KULLANIM",2013-09-01,77.8,78.6097373664963
"KAPASITE_KULLANIM",2013-10-01,78.6,76.909126199651
"KAPASITE_KULLANIM",2013-11-01,77.5,78.075377525822
"KAPASITE_KULLANIM",2013-12-01,78,75.567514576703
"KAPASITE_KULLANIM",2014-01-01,75.6,77.9670570859543
"KAPASITE_KULLANIM",2014-02-01,73.8,75.0789606382284
"KAPASITE_KULLANIM",2014-03-01,74.5,74.2520344717217
"KAPASITE_KULLANIM",2014-04-01,75.1,74.9438619599403
"KAPASITE_KULLANIM",2014-05-01,74.7,76.2611056922135
"KAPASITE_KULLANIM",2014-06-01,75.6,75.8565767046819
"KAPASITE_KULLANIM",2014-07-01,74.9,75.0322528415187
"KAPASITE_KULLANIM",2014-08-01,74.9,75.4114855039781
"KAPASITE_KULLANIM",2014-09-01,75.1,75.7752832076521
"KAPASITE_KULLANIM",2014-10-01,75.4,75.6743680540142
"KAPASITE_KULLANIM",2014-11-01,75.1,76.247594846377
"KAPASITE_KULLANIM",2014-12-01,75.5,74.6274544626166
"KAPASITE_KULLANIM",2015-01-01,74.4,75.3033845635539
"KAPASITE_KULLANIM",2015-02-01,74.1,75.056942854076
"KAPASITE_KULLANIM",2015-03-01,74,74.7329829520095
"KAPASITE_KULLANIM",2015-04-01,76.8,74.9567938130679
"KAPASITE_KULLANIM",2015-05-01,77.5,76.9750866964411
"KAPASITE_KULLANIM",2015-06-01,77.6,77.3520610000034
"KAPASITE_KULLANIM",2015-07-01,78.5,77.1724172469802
"KAPASITE_KULLANIM",2015-08-01,76.8,77.7421127548948
"KAPASITE_KULLANIM",2015-09-01,78.1,76.355028076898
"KAPASITE_KULLANIM",2015-10-01,77.6,77.6577635395593
"KAPASITE_KULLANIM",2015-11-01,78.4,77.3578588713322
"KAPASITE_KULLANIM",2015-12-01,78.1,77.5036184030598
"KAPASITE_KULLANIM",2016-01-01,77.2,76.6813659643757
"KAPASITE_KULLANIM",2016-02-01,76,76.3958114012114
"KAPASITE_KULLANIM",2016-03-01,76.2,75.6720436956883
"KAPASITE_KULLANIM",2016-04-01,77,75.9707870205442
"KAPASITE_KULLANIM",2016-05-01,77.7,77.2044667568524
"KAPASITE_KULLANIM",2016-06-01,78,77.5797021143878
"KAPASITE_KULLANIM",2016-07-01,77.8,77.3434817348552
"KAPASITE_KULLANIM",2016-08-01,76.3,77.4381110061379
"KAPASITE_KULLANIM",2016-09-01,78.1,76.1686454896478
"KAPASITE_KULLANIM",2016-10-01,77.9,78.090620297384
"KAPASITE_KULLANIM",2016-11-01,78,78.1911664498949
"KAPASITE_KULLANIM",2016-12-01,78.1,77.5708917839586
"KAPASITE_KULLANIM",2017-01-01,77,77.0978174564466
"KAPASITE_KULLANIM",2017-02-01,76.8,76.5771286030949
"KAPASITE_KULLANIM",2017-03-01,76.7,76.7135103247844
"KAPASITE_KULLANIM",2017-04-01,78.4,76.8452914832218
"KAPASITE_KULLANIM",2017-05-01,78.8,78.2152402654119
"KAPASITE_KULLANIM",2017-06-01,79,78.5022026787158
"KAPASITE_KULLANIM",2017-07-01,78.7,78.3959486097618
"KAPASITE_KULLANIM",2017-08-01,78.8,78.1757748069492
"KAPASITE_KULLANIM",2017-09-01,79,78.5022683514887
"KAPASITE_KULLANIM",2017-10-01,79.7,79.1329930752631
"KAPASITE_KULLANIM",2017-11-01,79.9,79.6453433655482
"KAPASITE_KULLANIM",2017-12-01,79,79.4169008814011
"KAPASITE_KULLANIM",2018-01-01,78.2,78.263152308129
"KAPASITE_KULLANIM",2018-02-01,77.8,77.5892801791071
"KAPASITE_KULLANIM",2018-03-01,77.8,77.9221356128057
"KAPASITE_KULLANIM",2018-04-01,77.3,78.2308172253016
"KAPASITE_KULLANIM",2018-05-01,77.9,77.6110848419125
"KAPASITE_KULLANIM",2018-06-01,78.3,77.5925160204295
"KAPASITE_KULLANIM",2018-07-01,77.1,78.1465253751165
"KAPASITE_KULLANIM",2018-08-01,77.8,77.5763601533542
"KAPASITE_KULLANIM",2018-09-01,76.2,77.8784874686195
"KAPASITE_KULLANIM",2018-10-01,75.4,77.0179453289771
"KAPASITE_KULLANIM",2018-11-01,74.1,75.6707567162012
"KAPASITE_KULLANIM",2018-12-01,74.1,74.301954354138
"KAPASITE_KULLANIM",2019-01-01,74.4,74.1283358024426
"KAPASITE_KULLANIM",2019-02-01,74,74.5432670255111
"KAPASITE_KULLANIM",2019-03-01,74.3,74.5520353609218
"KAPASITE_KULLANIM",2019-04-01,75,74.1985954300527
"KAPASITE_KULLANIM",2019-05-01,76.3,74.7971696644787
"KAPASITE_KULLANIM",2019-06-01,77.1,76.9705268723784
"KAPASITE_KULLANIM",2019-07-01,76.2,77.8126923104881
"KAPASITE_KULLANIM",2019-08-01,76.6,76.0684778083261
"KAPASITE_KULLANIM",2019-09-01,76.3,75.845645448126
"KAPASITE_KULLANIM",2019-10-01,76.4,76.7404333320553
"KAPASITE_KULLANIM",2019-11-01,77.2,77.0690360550236
"KAPASITE_KULLANIM",2019-12-01,77,77.2586697214381
"KAPASITE_KULLANIM",2020-01-01,75.5,76.9793985118815
"KAPASITE_KULLANIM",2020-02-01,76,75.2531785127265
"KAPASITE_KULLANIM",2020-03-01,75.3,76.1283345747191
"KAPASITE_KULLANIM",2020-04-01,61.6,76.3133594532945
"KAPASITE_KULLANIM",2020-05-01,62.6,60.4660937924508
"KAPASITE_KULLANIM",2020-06-01,66,63.7271259465492
"KAPASITE_KULLANIM",2020-07-01,70.7,58.3610857293858
"KAPASITE_KULLANIM",2020-08-01,73.3,72.7416943098881
"KAPASITE_KULLANIM",2020-09-01,74.6,71.9173073942456
"KAPASITE_KULLANIM",2020-10-01,75.4,69.8810859779949
"KAPASITE_KULLANIM",2020-11-01,75.8,74.6761872394381
"KAPASITE_KULLANIM",2020-12-01,75.6,78.1148672858864
"KAPASITE_KULLANIM",2021-01-01,75.4,69.9902089935368
"KAPASITE_KULLANIM",2021-02-01,74.9,78.1433141442071
"KAPASITE_KULLANIM",2021-03-01,74.7,77.3202033538057
"KAPASITE_KULLANIM",2021-04-01,75.9,70.268074938742
"KAPASITE_KULLANIM",2021-05-01,75.3,75.374257704845
"KAPASITE_KULLANIM",2021-06-01,76.6,74.5321995224954
"KAPASITE_KULLANIM",2021-07-01,76.7,76.5602644115174
"KAPASITE_KULLANIM",2021-08-01,77.1,76.4441205230364
"KAPASITE_KULLANIM",2021-09-01,78.1,76.8474175915815
"KAPASITE_KULLANIM",2021-10-01,78,77.7690578962126
"KAPASITE_KULLANIM",2021-11-01,78.1,77.4761289367637
"KAPASITE_KULLANIM",2021-12-01,78.7,77.5116301857361
"KAPASITE_KULLANIM",2022-01-01,77.6,78.3088429343656
"KAPASITE_KULLANIM",2022-02-01,76.6,76.8336099996841
"KAPASITE_KULLANIM",2022-03-01,77.3,76.2703474363802
"KAPASITE_KULLANIM",2022-04-01,77.8,77.1460884800252
"KAPASITE_KULLANIM",2022-05-01,78,77.4460554638735
"KAPASITE_KULLANIM",2022-06-01,77.6,77.681159350077
"KAPASITE_KULLANIM",2022-07-01,78.2,77.1191360525444
"KAPASITE_KULLANIM",2022-08-01,76.7,77.805746565628
"KAPASITE_KULLANIM",2022-09-01,77.4,76.1518040907686
"KAPASITE_KULLANIM",2022-10-01,76.9,77.1277129073734
"KAPASITE_KULLANIM",2022-11-01,75.9,76.3672688408448
"KAPASITE_KULLANIM",2022-12-01,76.5,75.6519192248863
"KAPASITE_KULLANIM",2023-01-01,75.3,76.4529473074352
"KAPASITE_KULLANIM",2023-02-01,75.2,75.1001943640373
"KAPASITE_KULLANIM",2023-03-01,73.5,75.1918741614283
"KAPASITE_KULLANIM",2023-04-01,75.4,73.6901470011662
"KAPASITE_KULLANIM",2023-05-01,76,75.616643685254
"KAPASITE_KULLANIM",2023-06-01,76.8,76.0308937954896
"KAPASITE_KULLANIM",2023-07-01,77.1,76.6811120681525
"KAPASITE_KULLANIM",2023-08-01,76.1,76.6265143602921
"KAPASITE_KULLANIM",2023-09-01,77.3,75.8152129756777
"KAPASITE_KULLANIM",2023-10-01,77.4,76.8059738423957
"KAPASITE_KULLANIM",2023-11-01,78,77.0105385835599
"KAPASITE_KULLANIM",2023-12-01,77.5,77.2602331034099
"KAPASITE_KULLANIM",2024-01-01,76.2,77.078277851516
"KAPASITE_KULLANIM",2024-02-01,76.4,75.7585445734308
"KAPASITE_KULLANIM",2024-03-01,76.2,76.0971782513532
"KAPASITE_KULLANIM",2024-04-01,76.7,76.0560003970595
"KAPASITE_KULLANIM",2024-05-01,76.3,76.3337316480351
"KAPASITE_KULLANIM",2024-06-01,76.3,76.1608978068097
"KAPASITE_KULLANIM",2024-07-01,75.9,76.1115279713693
"KAPASITE_KULLANIM",2024-08-01,75.4,75.721405209853
"KAPASITE_KULLANIM",2024-09-01,74.9,75.3476967839726
"KAPASITE_KULLANIM",2024-10-01,74.9,74.7826894777849
"KAPASITE_KULLANIM",2024-11-01,76.1,75.1563823590841
"KAPASITE_KULLANIM",2024-12-01,75.8,76.1873114715799
"KAPASITE_KULLANIM",2025-01-01,74.6,75.7816233262332
"KAPASITE_KULLANIM",2025-02-01,74.5,74.5515456497238
"KAPASITE_KULLANIM",2025-03-01,74.4,74.7394870267841
"KAPASITE_KULLANIM",2025-04-01,74.3,74.649489841326
"KAPASITE_KULLANIM",2025-05-01,75,74.7624910069107
"KAPASITE_KULLANIM",2025-06-01,74.6,75.4093522117256
"KAPASITE_KULLANIM",2025-07-01,74.2,75.186755729308
"KAPASITE_KULLANIM",2025-08-01,73.5,74.6329527474857
"KAPASITE_KULLANIM",2025-09-01,74,73.9020207695173
"KAPASITE_KULLANIM",2025-10-01,74.2,74.3671802932324
"KAPASITE_KULLANIM",2025-11-01,74.4,74.3799285180255
"KAPASITE_KULLANIM",2025-12-01,74.4,74.5825255658458
"KAPASITE_KULLANIM",2026-01-01,74.1,74.2196723144739
"KAPASITE_KULLANIM",2026-02-01,73.5,74.5336787746025
"KAPASITE_KULLANIM",2026-03-01,73.3,73.8301683502112
"KAPASITE_KULLANIM",2026-04-01,73.8,73.910649138044
"KAPASITE_KULLANIM",2026-05-01,74.2,73.80561784658
"KAPASITE_KULLANIM",2026-06-01,74.5,74.3710796996472
"KAPASITE_KULLANIM",2026-07-01,73.9,74.3830382493931
"KAPASITE_KULLANIM",2026-08-01,73.5,73.7948429915564
"KAPASITE_KULLANIM",2026-09-01,74.2,73.5700399805299
"KONUT_FIYAT",2016-03-01,13.4007585335019,14.567181475622
"KONUT_FIYAT",2016-04-01,12.9675810473816,13.6729001460295
"KONUT_FIYAT",2016-05-01,13.1773399014778,13.1163374453517
"KONUT_FIYAT",2016-06-01,12.227602905569,13.129961030689
"KONUT_FIYAT",2016-07-01,11.913357400722,12.5716316882522
"KONUT_FIYAT",2016-08-01,13.2211538461538,12.0936878883848
"KONUT_FIYAT",2016-09-01,12.4260355029586,12.8652600173196
"KONUT_FIYAT",2016-10-01,12.1176470588235,12.7507920943503
"KONUT_FIYAT",2016-11-01,10.957324106113,12.2818659592846
"KONUT_FIYAT",2016-12-01,11.8800461361015,11.390250143936
"KONUT_FIYAT",2017-01-01,11.4512471655329,11.7978985159475
"KONUT_FIYAT",2017-02-01,12.0359955005624,11.7142060515129
"KONUT_FIYAT",2017-03-01,12.2630992196209,11.9765774929478
"KONUT_FIYAT",2017-04-01,12.3620309050773,12.304222390832
"KONUT_FIYAT",2017-05-01,11.4254624591948,12.4275984381486
"KONUT_FIYAT",2017-06-01,11.4347357065804,11.8383961430664
"KONUT_FIYAT",2017-07-01,11.1827956989247,11.594085154608
"KONUT_FIYAT",2017-08-01,8.70488322717622,11.3557581257822
"KONUT_FIYAT",2017-09-01,10.2105263157895,9.50298687349174
"KONUT_FIYAT",2017-10-01,10.1783840503673,9.8666117704978
"KONUT_FIYAT",2017-11-01,9.45945945945945,10.3565602126799
"KONUT_FIYAT",2017-12-01,9.38144329896908,9.84848675894115
"KONUT_FIYAT",2018-01-01,8.646998982706,9.4634545984234
"KONUT_FIYAT",2018-02-01,7.93172690763051,8.91512590902417
"KONUT_FIYAT",2018-03-01,7.84508440913605,8.15371362367774
"KONUT_FIYAT",2018-04-01,7.36738703339883,7.79302074654526
"KONUT_FIYAT",2018-05-01,8.69140625,7.39557784199547
"KONUT_FIYAT",2018-06-01,9.09970958373669,8.36044476079828
"KONUT_FIYAT",2018-07-01,8.22050290135397,9.04529404757994
"KONUT_FIYAT",2018-08-01,8.7890625,8.44245073186572
"KONUT_FIYAT",2018-09-01,6.97230181470867,8.65736023418333
"KONUT_FIYAT",2018-10-01,7.61904761904764,7.43057432195013
"KONUT_FIYAT",2018-11-01,7.50237416904085,7.32961517998021
"KONUT_FIYAT",2018-12-01,5.4665409990575,7.44664080685165
"KONUT_FIYAT",2019-01-01,4.68164794007491,5.79654261677039
"KONUT_FIYAT",2019-02-01,4.09302325581395,4.49054291894142
"KONUT_FIYAT",2019-03-01,3.49907918968693,3.78510416077183
"KONUT_FIYAT",2019-04-01,3.47666971637695,3.13144693287176
"KONUT_FIYAT",2019-05-01,2.96495956873315,2.99919977755462
"KONUT_FIYAT",2019-06-01,1.15350488021295,2.58747360324973
"KONUT_FIYAT",2019-07-01,2.50223413762289,0.869280316469146
"KONUT_FIYAT",2019-08-01,5.74506283662477,1.55756572886705
"KONUT_FIYAT",2019-09-01,6.07142857142859,5.30414578472408
"KONUT_FIYAT",2019-10-01,6.28318584070795,6.00252082156111
"KONUT_FIYAT",2019-11-01,7.24381625441697,6.23829810494728
"KONUT_FIYAT",2019-12-01,9.8302055406613,7.18053590795371
"KONUT_FIYAT",2020-01-01,12.7906976744186,9.8398511408938
"KONUT_FIYAT",2020-02-01,15.1921358355675,13.1078227004561
"KONUT_FIYAT",2020-03-01,16.8149466192171,15.4941278277913
"KONUT_FIYAT",2020-04-01,16.2687886825818,16.9772057660607
"KONUT_FIYAT",2020-05-01,16.9284467713787,15.8027608507831
"KONUT_FIYAT",2020-06-01,25.6140350877193,16.8077727256218
"KONUT_FIYAT",2020-07-01,29.4681778552746,28.3736872910724
"KONUT_FIYAT",2020-08-01,27.8438030560272,31.3180591648487
"KONUT_FIYAT",2020-09-01,28.1986531986532,27.1838589545783
"KONUT_FIYAT",2020-10-01,29.6419650291424,28.3610131123751
"KONUT_FIYAT",2020-11-01,32.2899505766062,30.3519456709549
"KONUT_FIYAT",2020-12-01,32.0585842148088,33.6447278762899
"KONUT_FIYAT",2021-01-01,30.7692307692308,32.4568216332383
"KONUT_FIYAT",2021-02-01,31.7300232738557,30.5207991056657
"KONUT_FIYAT",2021-03-01,31.9116527037319,32.3730096178891
"KONUT_FIYAT",2021-04-01,35.8174904942966,32.3145175219368
"KONUT_FIYAT",2021-05-01,36.3432835820895,37.6247307742418
"KONUT_FIYAT",2021-06-01,31.0055865921788,37.2113682257192
"KONUT_FIYAT",2021-07-01,30.7070707070707,29.5353577481027
"KONUT_FIYAT",2021-08-01,32.7357237715803,30.7793709498702
"KONUT_FIYAT",2021-09-01,36.3755745239658,33.468698316403
"KONUT_FIYAT",2021-10-01,39.0494540783558,37.7788304040498
"KONUT_FIYAT",2021-11-01,44.5828144458281,40.3673665748455
"KONUT_FIYAT",2021-12-01,63.5243376463339,47.2402492074546
"KONUT_FIYAT",2022-01-01,81.6252274105519,76.9897149967562
"KONUT_FIYAT",2022-02-01,90.2237926972909,98.4771916452878
"KONUT_FIYAT",2022-03-01,104.33025404157,99.2342050673631
"KONUT_FIYAT",2022-04-01,120.828667413214,118.730523690689
"KONUT_FIYAT",2022-05-01,143.897099069513,138.371248456595
"KONUT_FIYAT",2022-06-01,164.019189765458,168.513478345156
"KONUT_FIYAT",2022-07-01,173.261205564142,187.656376465465
"KONUT_FIYAT",2022-08-01,181.44072036018,186.741422635149
"KONUT_FIYAT",2022-09-01,186.374578719307,192.059982545278
"KONUT_FIYAT",2022-10-01,186.789838337182,192.538875886519
"KONUT_FIYAT",2022-11-01,176.485788113695,187.322117586971
"KONUT_FIYAT",2022-12-01,151.883948756594,163.704909007703
"KONUT_FIYAT",2023-01-01,146.677796327212,120.017726512125
"KONUT_FIYAT",2023-02-01,142.724458204334,141.671791800862
"KONUT_FIYAT",2023-03-01,139.276631816897,138.865261065051
"KONUT_FIYAT",2023-04-01,121.98275862069,135.891768608928
"KONUT_FIYAT",2023-05-01,104.488330341113,106.63181775744
"KONUT_FIYAT",2023-06-01,93.1354734504341,88.9745453856943
"KONUT_FIYAT",2023-07-01,92.0625942684766,83.3416364055387
"KONUT_FIYAT",2023-08-01,93.6900106647707,90.8771727710573
"KONUT_FIYAT",2023-09-01,95.3261600537996,94.6369002387043
"KONUT_FIYAT",2023-10-01,91.9471734578837,96.2937893274493
"KONUT_FIYAT",2023-11-01,87.02492211838,88.9857973070584
"KONUT_FIYAT",2023-12-01,83.1413612565445,82.9241205762933
"KONUT_FIYAT",2024-01-01,70.1543042772063,79.9717352487335
"KONUT_FIYAT",2024-02-01,65.6505102040816,59.8510715495051
"KONUT_FIYAT",2024-03-01,55.2786962683042,62.3629361468696
"KONUT_FIYAT",2024-04-01,51.5705311250714,47.526273678797
"KONUT_FIYAT",2024-05-01,51.3388937664618,49.2226050648519
"KONUT_FIYAT",2024-06-01,46.3830232071921,51.7490890362645
"KONUT_FIYAT",2024-07-01,38.735643467164,43.2779451914013
"KONUT_FIYAT",2024-08-01,34.4406717445168,33.5878992497383
"KONUT_FIYAT",2024-09-01,27.3971423652952,31.9878785357701
"KONUT_FIYAT",2024-10-01,26.7662359456285,22.9478813426608
"KONUT_FIYAT",2024-11-01,29.407845423503,27.4740489693812
"KONUT_FIYAT",2024-12-01,29.4290615045332,32.6531254245026
"KONUT_FIYAT",2025-01-01,31.9544984488108,30.5651377075726
"KONUT_FIYAT",2025-02-01,31.3236313236313,35.0097533297064
"KONUT_FIYAT",2025-03-01,32.2381930184805,31.9174545022809
"KONUT_FIYAT",2025-04-01,32.9389600602864,34.0583302705518
"KONUT_FIYAT",2025-05-01,32.2189992748368,34.6494155797832
"KONUT_FIYAT",2025-06-01,32.8001142612298,32.8068786991699
"KONUT_FIYAT",2025-07-01,32.8663411872922,34.1634856724924
"KONUT_FIYAT",2025-08-01,31.358361774744,33.915288556845
"KONUT_FIYAT",2025-09-01,32.1937706911695,31.3122868957531
"KONUT_FIYAT",2025-10-01,31.6322478157268,33.9688890606951
"KONUT_FIYAT",2025-11-01,31.3167717853005,32.2676847762079
"KONUT_FIYAT",2025-12-01,28.9663006436956,32.1139758105402
"KONUT_FIYAT",2026-01-01,27.6404629852906,28.2367236288767
"KONUT_FIYAT",2026-02-01,26.297273526825,27.7908487607347
"KONUT_FIYAT",2026-03-01,26.2479871175523,26.3972111443866
"KONUT_FIYAT",2026-04-01,26.591463068987,27.4049770311785
"KONUT_FIYAT",2026-05-01,24.4940492513574,27.9418284215521
"KONUT_FIYAT",2026-06-01,24.4030974403098,23.9708102588941
"KONUT_FIYAT",2026-07-01,24.9068058366173,25.6589117969549
"KONUT_FIYAT",2026-08-01,23.030554978175,26.5163074784155
"PERAKENDE_SATIS",2015-04-01,7.1560480208,5.2707261334242
"PERAKENDE_SATIS",2015-07-01,7.0358601856,6.5940256567806
"PERAKENDE_SATIS",2015-10-01,4.210992901,6.31558914853504
"PERAKENDE_SATIS",2016-01-01,2.7439024424,5.13828799961513
"PERAKENDE_SATIS",2016-04-01,2.5420077498,3.93288732286965
"PERAKENDE_SATIS",2016-07-01,-0.0848176464,3.2633549572785
"PERAKENDE_SATIS",2016-10-01,3.8706933269,0.0746294402937152
"PERAKENDE_SATIS",2017-01-01,2.8825773526,4.12305010608496
"PERAKENDE_SATIS",2017-04-01,3.9075630246,3.32698940774831
"PERAKENDE_SATIS",2017-07-01,8.3191850603,4.01641657822455
"PERAKENDE_SATIS",2017-10-01,5.0778050703,6.58649823395327
"PERAKENDE_SATIS",2018-01-01,6.9633292193,4.60482708816582
"PERAKENDE_SATIS",2018-04-01,4.245855242,5.41474791158975
"PERAKENDE_SATIS",2018-07-01,-1.1363636352,4.40768686407684
"PERAKENDE_SATIS",2018-10-01,-7.950116912,1.86566903359318
"PERAKENDE_SATIS",2019-01-01,-6.6255778099,-8.07494159881771
"PERAKENDE_SATIS",2019-04-01,-3.878975959,-6.10985143001043
"PERAKENDE_SATIS",2019-07-01,-1.6646849011,-3.18043701327594
"PERAKENDE_SATIS",2019-10-01,9.5681625806,-1.25299500496524
"PERAKENDE_SATIS",2020-01-01,8.5808580824,7.08262437924144
"PERAKENDE_SATIS",2020-04-01,-8.9588377708,6.82955583041744
"PERAKENDE_SATIS",2020-07-01,9.7944377355,-3.54753880907798
"PERAKENDE_SATIS",2020-10-01,8.6166924216,3.68602311876517
"PERAKENDE_SATIS",2021-01-01,10.9802431608,4.09970880912754
"PERAKENDE_SATIS",2021-04-01,25.7535461017,5.73583224768995
"PERAKENDE_SATIS",2021-07-01,13.0690161455,17.1044749167395
"PERAKENDE_SATIS",2021-10-01,12.4866595485,8.86770874253833
"PERAKENDE_SATIS",2022-01-01,6.4361519971,9.12902949359526
"PERAKENDE_SATIS",2022-04-01,14.5928798107,5.68688421352688
"PERAKENDE_SATIS",2022-07-01,12.370129872,10.5871961280526
"PERAKENDE_SATIS",2022-10-01,18.6274509801,9.98289405102626
"PERAKENDE_SATIS",2023-01-01,26.857510453522,14.1982586123728
"PERAKENDE_SATIS",2023-04-01,30.0522916025832,19.7512424008918
"PERAKENDE_SATIS",2023-07-01,23.6058942502168,23.3260680390697
"PERAKENDE_SATIS",2023-10-01,16.0757131434,19.4299217599297
"PERAKENDE_SATIS",2024-01-01,17.2667342799185,15.384263322211
"PERAKENDE_SATIS",2024-04-01,9.27152317880855,16.2853217592743
"PERAKENDE_SATIS",2024-07-01,12.8798503973822,13.9135411867506
"PERAKENDE_SATIS",2024-10-01,14.9058337161233,14.727717497267
"PERAKENDE_SATIS",2025-01-01,11.1783783783786,16.0313963270028
"PERAKENDE_SATIS",2025-04-01,16.8181818181815,14.3699510893338
"PERAKENDE_SATIS",2025-07-01,14.723545247463,16.1421890280634
"PERAKENDE_SATIS",2025-10-01,14.9510293823702,15.3408949358663
"PERAKENDE_SATIS",2026-01-01,17.3278879813305,15.5806266744988
"PERAKENDE_SATIS",2026-04-01,13.6557346674078,17.5333420859106
"GENC_ISSIZLIK",2014-01-01,17.698,19.8105042758798
"GENC_ISSIZLIK",2015-01-01,18.299,18.925543091755
"GENC_ISSIZLIK",2016-01-01,19.369,19.4960591052057
"GENC_ISSIZLIK",2017-01-01,20.469,19.9213066104408
"GENC_ISSIZLIK",2018-01-01,20.011,20.2996443643421
"GENC_ISSIZLIK",2019-01-01,25.039,19.6354987548133
"GENC_ISSIZLIK",2020-01-01,24.919,23.3537923484965
"GENC_ISSIZLIK",2021-01-01,22.36,22.384461074308
"GENC_ISSIZLIK",2022-01-01,19.289,20.248409699858
"GENC_ISSIZLIK",2023-01-01,17.306,18.2352005413634
"GENC_ISSIZLIK",2024-01-01,16.287,17.7301106141608
"GENC_ISSIZLIK",2025-01-01,16.042,17.3753516081952
"GINI",2015-01-01,42.9,40.7890378706253
"GINI",2016-01-01,41.9,41.9427197522311
"GINI",2017-01-01,43.5,41.3535322262876
"GINI",2018-01-01,42.4,42.6391579780916
"GINI",2019-01-01,43.8,42.3474052752484
"GINI",2020-01-01,43,43.8939748953975
"GINI",2021-01-01,44.4,42.9712032806093
"GINI",2022-01-01,44.5,44.3344740428695
"GINI",2023-01-01,43.7,44.3180280938402
"CARI_DENGE",2013-01-01,-5.12686124176872,-4.25063700748087
"CARI_DENGE",2014-01-01,-3.40767483615583,-4.97268432908911
"CARI_DENGE",2015-01-01,-2.46712716353959,-4.38886662982467
"CARI_DENGE",2016-01-01,-2.54530792537505,-4.26549825002974
"CARI_DENGE",2017-01-01,-4.06783613710293,-4.09027428277311
"CARI_DENGE",2018-01-01,-1.85296766104815,-4.44484024061923
"CARI_DENGE",2019-01-01,1.93503114755598,-3.53089079204648
"CARI_DENGE",2020-01-01,-4.22884480277712,-0.362345168689246
"CARI_DENGE",2021-01-01,-0.841490012048298,-3.6991544971152
"CARI_DENGE",2022-01-01,-5.03921035996332,-2.80794955631631
"CARI_DENGE",2023-01-01,-3.66451360136676,-3.79480450623942
"CARI_DENGE",2024-01-01,-0.958485187243091,-3.02273654843985
"CARI_DENGE",2025-01-01,-1.89933817058389,-2.89479272076328
"DIS_TICARET",2013-01-01,53.0683530043043,49.3608529216154
"DIS_TICARET",2014-01-01,54.30677404128,50.9865557775164
"DIS_TICARET",2015-01-01,51.8749252596832,52.7323712727975
"DIS_TICARET",2016-01-01,48.870183807987,51.3023793895398
"DIS_TICARET",2017-01-01,56.1356585158689,49.5926017702254
"DIS_TICARET",2018-01-01,62.8251323851165,53.0447006698026
"DIS_TICARET",2019-01-01,62.5784589326239,61.2872999290049
"DIS_TICARET",2020-01-01,60.389853117297,61.6625226956786
"DIS_TICARET",2021-01-01,69.6088976086437,59.572875056973
"DIS_TICARET",2022-01-01,79.8982722314341,69.9578266367012
"DIS_TICARET",2023-01-01,65.6832084738667,85.830848547244
"DIS_TICARET",2024-01-01,54.5988061195916,64.730969081304
"DIS_TICARET",2025-01-01,49.9346783626928,56.6885491878718
"BUTCE_DENGESI",2017-01-01,-1.878,-2.38625696770436
"BUTCE_DENGESI",2018-01-01,-3.134,-1.9366796371733
"BUTCE_DENGESI",2019-01-01,-4.782,-2.69765966684204
"BUTCE_DENGESI",2020-01-01,-4.721,-3.2088957384557
"BUTCE_DENGESI",2021-01-01,-3.049,-3.07885328993054
"BUTCE_DENGESI",2022-01-01,-1.119,-1.99775072470273
"BUTCE_DENGESI",2023-01-01,-5.323,-1.12531901700391
"TURIZM_GELIRI",2014-01-01,4.0028e+10,42369625997.9347
"TURIZM_GELIRI",2015-01-01,3.5648e+10,42541445609.7788
"TURIZM_GELIRI",2016-01-01,2.6505e+10,35935675776.6527
"TURIZM_GELIRI",2017-01-01,3.1993e+10,28602888463.1018
"TURIZM_GELIRI",2018-01-01,3.6791e+10,32616279751.952
"TURIZM_GELIRI",2019-01-01,4.1415e+10,35222651003.3907
"TURIZM_GELIRI",2020-01-01,1.3771e+10,38030999107.927
