"gosterge","tarih","deger","gercek"
"FAIZ",2011-01-01,6.43857143,TRUE
"FAIZ",2011-02-01,6.25,TRUE
"FAIZ",2011-03-01,6.25,TRUE
"FAIZ",2011-04-01,6.26761905,TRUE
"FAIZ",2011-05-01,6.25,TRUE
"FAIZ",2011-06-01,6.25,TRUE
"FAIZ",2011-07-01,6.25,TRUE
"FAIZ",2011-08-01,5.89190476,TRUE
"FAIZ",2011-09-01,5.75,TRUE
"FAIZ",2011-10-01,6.01047619,TRUE
"FAIZ",2011-11-01,6.56,TRUE
"FAIZ",2011-12-01,7.88090909,TRUE
"FAIZ",2012-01-01,8.87409091,TRUE
"FAIZ",2012-02-01,7.62142857,TRUE
"FAIZ",2012-03-01,8.14545455,TRUE
"FAIZ",2012-04-01,8.7525,TRUE
"FAIZ",2012-05-01,9.745,TRUE
"FAIZ",2012-06-01,9.14666667,TRUE
"FAIZ",2012-07-01,8.04636364,TRUE
"FAIZ",2012-08-01,6.7585,TRUE
"FAIZ",2012-09-01,6.14,TRUE
"FAIZ",2012-10-01,5.7965,TRUE
"FAIZ",2012-11-01,5.68863636,TRUE
"FAIZ",2012-12-01,5.57428571,TRUE
"FAIZ",2013-01-01,5.61272727,TRUE
"FAIZ",2013-02-01,5.5475,TRUE
"FAIZ",2013-03-01,5.54952381,TRUE
"FAIZ",2013-04-01,5.52571429,TRUE
"FAIZ",2013-05-01,4.83545455,TRUE
"FAIZ",2013-06-01,5.007,TRUE
"FAIZ",2013-07-01,5.30347826,TRUE
"FAIZ",2013-08-01,6.62263158,TRUE
"FAIZ",2013-09-01,6.36333333,TRUE
"FAIZ",2013-10-01,6.23666667,TRUE
"FAIZ",2013-11-01,6.50761905,TRUE
"FAIZ",2013-12-01,6.84227273,TRUE
"FAIZ",2014-01-01,7.50363636,TRUE
"FAIZ",2014-02-01,10.0705,TRUE
"FAIZ",2014-03-01,10.20095238,TRUE
"FAIZ",2014-04-01,10.04619048,TRUE
"FAIZ",2014-05-01,9.891,TRUE
"FAIZ",2014-06-01,9.42857143,TRUE
"FAIZ",2014-07-01,8.6,TRUE
"FAIZ",2014-08-01,8.28238095,TRUE
"FAIZ",2014-09-01,8.34090909,TRUE
"FAIZ",2014-10-01,8.388,TRUE
"FAIZ",2014-11-01,8.292,TRUE
"FAIZ",2014-12-01,8.50826087,TRUE
"FAIZ",2015-01-01,8.24809524,TRUE
"FAIZ",2015-02-01,7.9245,TRUE
"FAIZ",2015-03-01,7.79681818,TRUE
"FAIZ",2015-04-01,8.05095238,TRUE
"FAIZ",2015-05-01,8.26157895,TRUE
"FAIZ",2015-06-01,8.455,TRUE
"FAIZ",2015-07-01,8.48227273,TRUE
"FAIZ",2015-08-01,8.64,TRUE
"FAIZ",2015-09-01,8.882,TRUE
"FAIZ",2015-10-01,8.81904762,TRUE
"FAIZ",2015-11-01,8.71904762,TRUE
"FAIZ",2015-12-01,8.79217391,TRUE
"FAIZ",2016-01-01,8.9145,TRUE
"FAIZ",2016-02-01,9.05714286,TRUE
"FAIZ",2016-03-01,8.95391304,TRUE
"FAIZ",2016-04-01,8.66428571,TRUE
"FAIZ",2016-05-01,8.50333333,TRUE
"FAIZ",2016-06-01,8.34272727,TRUE
"FAIZ",2016-07-01,8.11555556,TRUE
"FAIZ",2016-08-01,7.99181818,TRUE
"FAIZ",2016-09-01,7.83944444,TRUE
"FAIZ",2016-10-01,7.76666667,TRUE
"FAIZ",2016-11-01,7.88136364,TRUE
"FAIZ",2016-12-01,8.28136364,TRUE
"FAIZ",2017-01-01,8.925,TRUE
"FAIZ",2017-02-01,10.3715,TRUE
"FAIZ",2017-03-01,10.97608696,TRUE
"FAIZ",2017-04-01,11.5125,TRUE
"FAIZ",2017-05-01,11.9247619,TRUE
"FAIZ",2017-06-01,11.96,TRUE
"FAIZ",2017-07-01,11.94857143,TRUE
"FAIZ",2017-08-01,11.975,TRUE
"FAIZ",2017-09-01,11.99473684,TRUE
"FAIZ",2017-10-01,11.95954545,TRUE
"FAIZ",2017-11-01,12.05227273,TRUE
"FAIZ",2017-12-01,12.51190476,TRUE
"FAIZ",2018-01-01,12.75,TRUE
"FAIZ",2018-02-01,12.75,TRUE
"FAIZ",2018-03-01,12.75,TRUE
"FAIZ",2018-04-01,12.8625,TRUE
"FAIZ",2018-05-01,14.31818182,TRUE
"FAIZ",2018-06-01,17.315,TRUE
"FAIZ",2018-07-01,17.75045455,TRUE
"FAIZ",2018-08-01,18.29722222,TRUE
"FAIZ",2018-09-01,21.8775,TRUE
"FAIZ",2018-10-01,24.00363636,TRUE
"FAIZ",2018-11-01,24,TRUE
"FAIZ",2018-12-01,24.00619048,TRUE
"FAIZ",2019-01-01,24.00363636,TRUE
"FAIZ",2019-02-01,24,TRUE
"FAIZ",2019-03-01,24.19380952,TRUE
"FAIZ",2019-04-01,24.52095238,TRUE
"FAIZ",2019-05-01,24.48545455,TRUE
"FAIZ",2019-06-01,23.91705882,TRUE
"FAIZ",2019-07-01,23.27136364,TRUE
"FAIZ",2019-08-01,19.605,TRUE
"FAIZ",2019-09-01,17.81142857,TRUE
"FAIZ",2019-10-01,15.76454545,TRUE
"FAIZ",2019-11-01,13.72285714,TRUE
"FAIZ",2019-12-01,12.62136364,TRUE
"FAIZ",2020-01-01,11.20318182,TRUE
"FAIZ",2020-02-01,10.837,TRUE
"FAIZ",2020-03-01,10.11636364,TRUE
"FAIZ",2020-04-01,9.01857143,TRUE
"FAIZ",2020-05-01,8.26705882,TRUE
"FAIZ",2020-06-01,7.66045455,TRUE
"FAIZ",2020-07-01,7.54952381,TRUE
"FAIZ",2020-08-01,9.049,TRUE
"FAIZ",2020-09-01,10.45363636,TRUE
"FAIZ",2020-10-01,12.18190476,TRUE
"FAIZ",2020-11-01,14.53857143,TRUE
"FAIZ",2020-12-01,15.28521739,TRUE
"FAIZ",2021-01-01,17,TRUE
"FAIZ",2021-02-01,17.0015,TRUE
"FAIZ",2021-03-01,17.63086957,TRUE
"FAIZ",2021-04-01,19,TRUE
"FAIZ",2021-05-01,19,TRUE
"FAIZ",2021-06-01,19,TRUE
"FAIZ",2021-07-01,19,TRUE
"FAIZ",2021-08-01,19,TRUE
"FAIZ",2021-09-01,18.86227273,TRUE
"FAIZ",2021-10-01,17.677,TRUE
"FAIZ",2021-11-01,15.70818182,TRUE
"FAIZ",2021-12-01,14.60217391,TRUE
"FAIZ",2022-01-01,14,TRUE
"FAIZ",2022-02-01,14,TRUE
"FAIZ",2022-03-01,14,TRUE
"FAIZ",2022-04-01,14.00095238,TRUE
"FAIZ",2022-05-01,14,TRUE
"FAIZ",2022-06-01,14.005,TRUE
"FAIZ",2022-07-01,14.00055556,TRUE
"FAIZ",2022-08-01,13.71,TRUE
"FAIZ",2022-09-01,12.80954545,TRUE
"FAIZ",2022-10-01,11.64619048,TRUE
"FAIZ",2022-11-01,10.36636364,TRUE
"FAIZ",2022-12-01,9.00272727,TRUE
"FAIZ",2023-01-01,9.00681818,TRUE
"FAIZ",2023-02-01,8.9705,TRUE
"FAIZ",2023-03-01,8.51347826,TRUE
"FAIZ",2023-04-01,8.57473684,TRUE
"FAIZ",2023-05-01,8.89857143,TRUE
"FAIZ",2023-06-01,9.31578947,TRUE
"FAIZ",2023-07-01,15.31095238,TRUE
"FAIZ",2023-08-01,18.09227273,TRUE
"FAIZ",2023-09-01,26.16904762,TRUE
"FAIZ",2023-10-01,30.27409091,TRUE
"FAIZ",2023-11-01,35.76681818,TRUE
"FAIZ",2023-12-01,40.51380952,TRUE
"FAIZ",2024-01-01,42.70318182,TRUE
"FAIZ",2024-02-01,45.23952381,TRUE
"FAIZ",2024-03-01,47.28761905,TRUE
"FAIZ",2024-04-01,51.35722222,TRUE
"FAIZ",2024-05-01,50.54454545,TRUE
"FAIZ",2024-06-01,50.10647059,TRUE
"FAIZ",2024-07-01,50,TRUE
"FAIZ",2024-08-01,50.33761905,TRUE
"FAIZ",2024-09-01,50.71904762,TRUE
"FAIZ",2024-10-01,50,TRUE
"FAIZ",2024-11-01,50,TRUE
"FAIZ",2024-12-01,49.83,TRUE
"FAIZ",2025-01-01,46.90909091,TRUE
"FAIZ",2025-02-01,45,TRUE
"FAIZ",2025-03-01,43.693,TRUE
"FAIZ",2025-04-01,46.96,TRUE
"FAIZ",2025-05-01,48.39,TRUE
"FAIZ",2025-06-01,46.87210526,TRUE
"FAIZ",2025-07-01,45.31818182,TRUE
"FAIZ",2025-08-01,43,TRUE
"FAIZ",2025-09-01,41.55227273,TRUE
"FAIZ",2025-10-01,40.27272727,TRUE
"FAIZ",2025-11-01,39.5,TRUE
"FAIZ",2025-12-01,38.58695652,TRUE
"FAIZ",2026-01-01,37.72952381,TRUE
"FAIZ",2026-02-01,37,TRUE
"FAIZ",2026-03-01,39.8247619,TRUE
"FAIZ",2026-04-01,40,TRUE
"FAIZ",2026-05-01,40,TRUE
"FAIZ",2026-06-01,40,TRUE
"FAIZ",2026-07-01,40,TRUE
"FAIZ",2026-08-01,39.14285714,TRUE
"FAIZ",2026-09-01,37.00409091,TRUE
"FAIZ",2026-10-01,37,TRUE
"BIST100",2000-01-01,167.149993896484,TRUE
"BIST100",2000-02-01,159.458999633789,TRUE
"BIST100",2000-03-01,159.20100402832,TRUE
"BIST100",2000-04-01,192.057006835938,TRUE
"BIST100",2000-05-01,162.063995361328,TRUE
"BIST100",2000-06-01,144.660995483398,TRUE
"BIST100",2000-07-01,138.701995849609,TRUE
"BIST100",2000-08-01,131.320999145508,TRUE
"BIST100",2000-09-01,113.502998352051,TRUE
"BIST100",2000-10-01,135.384002685547,TRUE
"BIST100",2000-11-01,87.4769973754883,TRUE
"BIST100",2000-12-01,94.3720016479492,TRUE
"BIST100",2001-01-01,106.850997924805,TRUE
"BIST100",2001-02-01,87.9160003662109,TRUE
"BIST100",2001-03-01,80.2269973754883,TRUE
"BIST100",2001-04-01,123.674003601074,TRUE
"BIST100",2001-05-01,108.797996520996,TRUE
"BIST100",2001-06-01,112.041999816895,TRUE
"BIST100",2001-07-01,99.1460037231445,TRUE
"BIST100",2001-08-01,98.7890014648438,TRUE
"BIST100",2001-09-01,76.2590026855469,TRUE
"BIST100",2001-10-01,98.4879989624023,TRUE
"BIST100",2001-11-01,116.338996887207,TRUE
"BIST100",2001-12-01,137.828002929688,TRUE
"BIST100",2002-01-01,132.522994995117,TRUE
"BIST100",2002-02-01,110.556999206543,TRUE
"BIST100",2002-03-01,116.793998718262,TRUE
"BIST100",2002-04-01,114.415000915527,TRUE
"BIST100",2002-05-01,104.137001037598,TRUE
"BIST100",2002-06-01,93.7990036010742,TRUE
"BIST100",2002-07-01,102.36499786377,TRUE
"BIST100",2002-08-01,95.4729995727539,TRUE
"BIST100",2002-09-01,88.4219970703125,TRUE
"BIST100",2002-10-01,102.518997192383,TRUE
"BIST100",2002-11-01,133.003997802734,TRUE
"BIST100",2002-12-01,103.698997497559,TRUE
"BIST100",2003-01-01,110.319999694824,TRUE
"BIST100",2003-02-01,115.744003295898,TRUE
"BIST100",2003-03-01,94.7509994506836,TRUE
"BIST100",2003-04-01,115.099998474121,TRUE
"BIST100",2003-05-01,113.814002990723,TRUE
"BIST100",2003-06-01,108.84400177002,TRUE
"BIST100",2003-07-01,105.720001220703,TRUE
"BIST100",2003-08-01,116.11799621582,TRUE
"BIST100",2003-09-01,130.559005737305,TRUE
"BIST100",2003-10-01,157.542999267578,TRUE
"BIST100",2003-11-01,146.175003051758,TRUE
"BIST100",2003-12-01,186.25,TRUE
"BIST100",2004-01-01,172.593002319336,TRUE
"BIST100",2004-02-01,188.891998291016,TRUE
"BIST100",2004-03-01,201.908004760742,TRUE
"BIST100",2004-04-01,180.227005004883,TRUE
"BIST100",2004-05-01,170.811004638672,TRUE
"BIST100",2004-06-01,179.675994873047,TRUE
"BIST100",2004-07-01,193.809005737305,TRUE
"BIST100",2004-08-01,202.184005737305,TRUE
"BIST100",2004-09-01,219.535003662109,TRUE
"BIST100",2004-10-01,228.998992919922,TRUE
"BIST100",2004-11-01,224.861999511719,TRUE
"BIST100",2004-12-01,249.716995239258,TRUE
"BIST100",2005-01-01,273.303985595703,TRUE
"BIST100",2005-02-01,283.962005615234,TRUE
"BIST100",2005-03-01,255.578002929688,TRUE
"BIST100",2005-04-01,235.916000366211,TRUE
"BIST100",2005-05-01,252.365005493164,TRUE
"BIST100",2005-06-01,269.572998046875,TRUE
"BIST100",2005-07-01,296.153015136719,TRUE
"BIST100",2005-08-01,309.079986572266,TRUE
"BIST100",2005-09-01,333.332000732422,TRUE
"BIST100",2005-10-01,319.640014648438,TRUE
"BIST100",2005-11-01,380.886993408203,TRUE
"BIST100",2005-12-01,397.777008056641,TRUE
"BIST100",2006-01-01,445.902008056641,TRUE
"BIST100",2006-02-01,470.158996582031,TRUE
"BIST100",2006-03-01,429.113006591797,TRUE
"BIST100",2006-04-01,438.803985595703,TRUE
"BIST100",2006-05-01,381.321990966797,TRUE
"BIST100",2006-06-01,354.532989501953,TRUE
"BIST100",2006-07-01,360.678985595703,TRUE
"BIST100",2006-08-01,372.859008789062,TRUE
"BIST100",2006-09-01,369.248992919922,TRUE
"BIST100",2006-10-01,405.822998046875,TRUE
"BIST100",2006-11-01,381.684997558594,TRUE
"BIST100",2006-12-01,391.174987792969,TRUE
"BIST100",2007-01-01,411.825988769531,TRUE
"BIST100",2007-02-01,414.309997558594,TRUE
"BIST100",2007-03-01,436.610992431641,TRUE
"BIST100",2007-04-01,449.845001220703,TRUE
"BIST100",2007-05-01,470.815002441406,TRUE
"BIST100",2007-06-01,470.93701171875,TRUE
"BIST100",2007-07-01,528.2490234375,TRUE
"BIST100",2007-08-01,501.985992431641,TRUE
"BIST100",2007-09-01,540.442016601562,TRUE
"BIST100",2007-10-01,576.156982421875,TRUE
"BIST100",2007-11-01,542.138000488281,TRUE
"BIST100",2007-12-01,555.380981445312,TRUE
"BIST100",2008-01-01,426.976013183594,TRUE
"BIST100",2008-02-01,447.769012451172,TRUE
"BIST100",2008-03-01,390.153991699219,TRUE
"BIST100",2008-04-01,434.680999755859,TRUE
"BIST100",2008-05-01,399.696014404297,TRUE
"BIST100",2008-06-01,350.894989013672,TRUE
"BIST100",2008-07-01,422.007995605469,TRUE
"BIST100",2008-08-01,398.445007324219,TRUE
"BIST100",2008-09-01,360.513000488281,TRUE
"BIST100",2008-10-01,278.329010009766,TRUE
"BIST100",2008-11-01,257.149993896484,TRUE
"BIST100",2008-12-01,268.640991210938,TRUE
"BIST100",2009-01-01,259.343994140625,TRUE
"BIST100",2009-02-01,240.266006469727,TRUE
"BIST100",2009-03-01,257.648010253906,TRUE
"BIST100",2009-04-01,316.518005371094,TRUE
"BIST100",2009-05-01,350.029998779297,TRUE
"BIST100",2009-06-01,369.492004394531,TRUE
"BIST100",2009-07-01,426.412994384766,TRUE
"BIST100",2009-08-01,465.511993408203,TRUE
"BIST100",2009-09-01,479.102996826172,TRUE
"BIST100",2009-10-01,471.846984863281,TRUE
"BIST100",2009-11-01,453.502014160156,TRUE
"BIST100",2009-12-01,528.25,TRUE
"BIST100",2010-01-01,546.505981445312,TRUE
"BIST100",2010-02-01,497.054992675781,TRUE
"BIST100",2010-03-01,565.383972167969,TRUE
"BIST100",2010-04-01,589.591003417969,TRUE
"BIST100",2010-05-01,543.848999023438,TRUE
"BIST100",2010-06-01,548.39501953125,TRUE
"BIST100",2010-07-01,598.668029785156,TRUE
"BIST100",2010-08-01,599.726013183594,TRUE
"BIST100",2010-09-01,657.744018554688,TRUE
"BIST100",2010-10-01,687.60498046875,TRUE
"BIST100",2010-11-01,653.508972167969,TRUE
"BIST100",2010-12-01,660.044982910156,TRUE
"BIST100",2011-01-01,632.781005859375,TRUE
"BIST100",2011-02-01,612.838989257812,TRUE
"BIST100",2011-03-01,644.344970703125,TRUE
"BIST100",2011-04-01,692.5009765625,TRUE
"BIST100",2011-05-01,630.460021972656,TRUE
"BIST100",2011-06-01,632.693969726562,TRUE
"BIST100",2011-07-01,622.956970214844,TRUE
"BIST100",2011-08-01,539.460998535156,TRUE
"BIST100",2011-09-01,596.934020996094,TRUE
"BIST100",2011-10-01,560.614990234375,TRUE
"BIST100",2011-11-01,545.177978515625,TRUE
"BIST100",2011-12-01,512.666015625,TRUE
"BIST100",2012-01-01,571.713012695312,TRUE
"BIST100",2012-02-01,607.211975097656,TRUE
"BIST100",2012-03-01,624.22998046875,TRUE
"BIST100",2012-04-01,600.10400390625,TRUE
"BIST100",2012-05-01,550.992980957031,TRUE
"BIST100",2012-06-01,625.434997558594,TRUE
"BIST100",2012-07-01,642.594970703125,TRUE
"BIST100",2012-08-01,673.679992675781,TRUE
"BIST100",2012-09-01,663.966979980469,TRUE
"BIST100",2012-10-01,725.289978027344,TRUE
"BIST100",2012-11-01,730.585021972656,TRUE
"BIST100",2012-12-01,782.083984375,TRUE
"BIST100",2013-01-01,787.835021972656,TRUE
"BIST100",2013-02-01,793.336975097656,TRUE
"BIST100",2013-03-01,858.989990234375,TRUE
"BIST100",2013-04-01,860.460021972656,TRUE
"BIST100",2013-05-01,859.900024414062,TRUE
"BIST100",2013-06-01,762.945007324219,TRUE
"BIST100",2013-07-01,733.775024414062,TRUE
"BIST100",2013-08-01,663.943969726562,TRUE
"BIST100",2013-09-01,744.866027832031,TRUE
"BIST100",2013-10-01,776.203979492188,TRUE
"BIST100",2013-11-01,757.482971191406,TRUE
"BIST100",2013-12-01,678.017028808594,TRUE
"BIST100",2014-01-01,618.581970214844,TRUE
"BIST100",2014-02-01,625.533020019531,TRUE
"BIST100",2014-03-01,697.362976074219,TRUE
"BIST100",2014-04-01,738.715026855469,TRUE
"BIST100",2014-05-01,792.898010253906,TRUE
"BIST100",2014-06-01,784.890014648438,TRUE
"BIST100",2014-07-01,821.568969726562,TRUE
"BIST100",2014-08-01,803.129028320312,TRUE
"BIST100",2014-09-01,749.377990722656,TRUE
"BIST100",2014-10-01,805.796997070312,TRUE
"BIST100",2014-11-01,861.68701171875,TRUE
"BIST100",2014-12-01,857.210998535156,TRUE
"BIST100",2015-01-01,889.4580078125,TRUE
"BIST100",2015-02-01,841.474975585938,TRUE
"BIST100",2015-03-01,808.460021972656,TRUE
"BIST100",2015-04-01,839.469970703125,TRUE
"BIST100",2015-05-01,829.81201171875,TRUE
"BIST100",2015-06-01,822.494995117188,TRUE
"BIST100",2015-07-01,799.096984863281,TRUE
"BIST100",2015-08-01,752.10400390625,TRUE
"BIST100",2015-09-01,742.054992675781,TRUE
"BIST100",2015-10-01,794.090026855469,TRUE
"BIST100",2015-11-01,752.328002929688,TRUE
"BIST100",2015-12-01,717.27001953125,TRUE
"BIST100",2016-01-01,734.810974121094,TRUE
"BIST100",2016-02-01,758.143981933594,TRUE
"BIST100",2016-03-01,832.679992675781,TRUE
"BIST100",2016-04-01,853.278015136719,TRUE
"BIST100",2016-05-01,778.033996582031,TRUE
"BIST100",2016-06-01,768.171997070312,TRUE
"BIST100",2016-07-01,754.054992675781,TRUE
"BIST100",2016-08-01,759.676025390625,TRUE
"BIST100",2016-09-01,764.883972167969,TRUE
"BIST100",2016-10-01,785.361999511719,TRUE
"BIST100",2016-11-01,739.952026367188,TRUE
"BIST100",2016-12-01,781.387023925781,TRUE
"BIST100",2017-01-01,862.956970214844,TRUE
"BIST100",2017-02-01,874.783020019531,TRUE
"BIST100",2017-03-01,889.473999023438,TRUE
"BIST100",2017-04-01,946.552978515625,TRUE
"BIST100",2017-05-01,975.416015625,TRUE
"BIST100",2017-06-01,1004.40399169922,TRUE
"BIST100",2017-07-01,1075.31396484375,TRUE
"BIST100",2017-08-01,1100.10498046875,TRUE
"BIST100",2017-09-01,1029.07702636719,TRUE
"BIST100",2017-10-01,1101.42602539062,TRUE
"BIST100",2017-11-01,1039.84399414062,TRUE
"BIST100",2017-12-01,1153.32995605469,TRUE
"BIST100",2018-01-01,1195.28796386719,TRUE
"BIST100",2018-02-01,1189.50805664062,TRUE
"BIST100",2018-03-01,1149.30200195312,TRUE
"BIST100",2018-04-01,1042.82800292969,TRUE
"BIST100",2018-05-01,1006.52301025391,TRUE
"BIST100",2018-06-01,965.200988769531,TRUE
"BIST100",2018-07-01,969.52197265625,TRUE
"BIST100",2018-08-01,927.234008789062,TRUE
"BIST100",2018-09-01,999.568969726562,TRUE
"BIST100",2018-10-01,902.007019042969,TRUE
"BIST100",2018-11-01,954.159973144531,TRUE
"BIST100",2018-12-01,912.705017089844,TRUE
"BIST100",2019-01-01,1040.74194335938,TRUE
"BIST100",2019-02-01,1045.29895019531,TRUE
"BIST100",2019-03-01,937.841979980469,TRUE
"BIST100",2019-04-01,954.156005859375,TRUE
"BIST100",2019-05-01,905.89697265625,TRUE
"BIST100",2019-06-01,964.85302734375,TRUE
"BIST100",2019-07-01,1020.82501220703,TRUE
"BIST100",2019-08-01,967.184997558594,TRUE
"BIST100",2019-09-01,1050.32995605469,TRUE
"BIST100",2019-10-01,984.684997558594,TRUE
"BIST100",2019-11-01,1069.03698730469,TRUE
"BIST100",2019-12-01,1144.25,TRUE
"BIST100",2020-01-01,1191.40100097656,TRUE
"BIST100",2020-02-01,1059.93701171875,TRUE
"BIST100",2020-03-01,896.43701171875,TRUE
"BIST100",2020-04-01,1011.10101318359,TRUE
"BIST100",2020-05-01,1055.20495605469,TRUE
"BIST100",2020-06-01,1165.248046875,TRUE
"BIST100",2020-07-01,1126.90002441406,TRUE
"BIST100",2020-08-01,1078.59997558594,TRUE
"BIST100",2020-09-01,1145.19995117188,TRUE
"BIST100",2020-10-01,1112.40002441406,TRUE
"BIST100",2020-11-01,1283.59997558594,TRUE
"BIST100",2020-12-01,1476.69995117188,TRUE
"BIST100",2021-01-01,1473.5,TRUE
"BIST100",2021-02-01,1471.40002441406,TRUE
"BIST100",2021-03-01,1391.69995117188,TRUE
"BIST100",2021-04-01,1397.80004882812,TRUE
"BIST100",2021-05-01,1420.5,TRUE
"BIST100",2021-06-01,1356.30004882812,TRUE
"BIST100",2021-07-01,1392.90002441406,TRUE
"BIST100",2021-08-01,1472.09997558594,TRUE
"BIST100",2021-09-01,1406.40002441406,TRUE
"BIST100",2021-10-01,1522,TRUE
"BIST100",2021-11-01,1809.69995117188,TRUE
"BIST100",2021-12-01,1857.69995117188,TRUE
"BIST100",2022-01-01,2003.19995117188,TRUE
"BIST100",2022-02-01,1946.19995117188,TRUE
"BIST100",2022-03-01,2233.30004882812,TRUE
"BIST100",2022-04-01,2430.60009765625,TRUE
"BIST100",2022-05-01,2547.10009765625,TRUE
"BIST100",2022-06-01,2405.39990234375,TRUE
"BIST100",2022-07-01,2592.39990234375,TRUE
"BIST100",2022-08-01,3171.19995117188,TRUE
"BIST100",2022-09-01,3180,TRUE
"BIST100",2022-10-01,3979,TRUE
"BIST100",2022-11-01,4977.60009765625,TRUE
"BIST100",2022-12-01,5509.2001953125,TRUE
"BIST100",2023-01-01,4976.60009765625,TRUE
"BIST100",2023-02-01,5237.2998046875,TRUE
"BIST100",2023-03-01,4812.89990234375,TRUE
"BIST100",2023-04-01,4617.89990234375,TRUE
"BIST100",2023-05-01,4886.89990234375,TRUE
"BIST100",2023-06-01,5759.10009765625,TRUE
"BIST100",2023-07-01,7217,TRUE
"BIST100",2023-08-01,7917.89990234375,TRUE
"BIST100",2023-09-01,8334.900390625,TRUE
"BIST100",2023-10-01,7514.10009765625,TRUE
"BIST100",2023-11-01,7948.60009765625,TRUE
"BIST100",2023-12-01,7470.2001953125,TRUE
"BIST100",2024-01-01,8496.7001953125,TRUE
"BIST100",2024-02-01,9193.7001953125,TRUE
"BIST100",2024-03-01,9142.400390625,TRUE
"BIST100",2024-04-01,10045.7001953125,TRUE
"BIST100",2024-05-01,10400.5,TRUE
"BIST100",2024-06-01,10647.900390625,TRUE
"BIST100",2024-07-01,10638.599609375,TRUE
"BIST100",2024-08-01,9833.2001953125,TRUE
"BIST100",2024-09-01,9665.7998046875,TRUE
"BIST100",2024-10-01,8863.900390625,TRUE
"BIST100",2024-11-01,9652,TRUE
"BIST100",2024-12-01,9830.599609375,TRUE
"BIST100",2025-01-01,10004.400390625,TRUE
"BIST100",2025-02-01,9658.7001953125,TRUE
"BIST100",2025-03-01,9659.5,TRUE
"BIST100",2025-04-01,9078.400390625,TRUE
"BIST100",2025-05-01,9019.599609375,TRUE
"BIST100",2025-06-01,9948.5,TRUE
"BIST100",2025-07-01,10743.2001953125,TRUE
"BIST100",2025-08-01,11288.099609375,TRUE
"BIST100",2025-09-01,11012.099609375,TRUE
"BIST100",2025-10-01,10971.5,TRUE
"BIST100",2025-11-01,10898.7001953125,TRUE
"BIST100",2025-12-01,11261.5,TRUE
"BIST100",2026-01-01,13838.2998046875,TRUE
"BIST100",2026-02-01,13717.7998046875,TRUE
"BIST100",2026-03-01,12791,TRUE
"BIST100",2026-04-01,14442.599609375,TRUE
"BIST100",2026-05-01,13662.7998046875,TRUE
"BIST100",2026-06-01,14121.7998046875,TRUE
"BIST100",2026-07-01,13458.099609375,TRUE
"BIST100",2026-08-01,14334.099609375,TRUE
"BIST100",2026-09-01,11947.2001953125,TRUE
"BIST100",2026-10-01,12280.33984375,TRUE
"EURTRY",2000-01-01,0.5516565,TRUE
"EURTRY",2000-02-01,0.55344,TRUE
"EURTRY",2000-03-01,0.5588871,TRUE
"EURTRY",2000-04-01,0.5641995,TRUE
"EURTRY",2000-05-01,0.55837686,TRUE
"EURTRY",2000-06-01,0.58359641,TRUE
"EURTRY",2000-07-01,0.5894681,TRUE
"EURTRY",2000-08-01,0.58399359,TRUE
"EURTRY",2000-09-01,0.5786049,TRUE
"EURTRY",2000-10-01,0.57864541,TRUE
"EURTRY",2000-11-01,0.58403964,TRUE
"EURTRY",2000-12-01,0.60431311,TRUE
"EURTRY",2001-01-01,0.62880209,TRUE
"EURTRY",2001-02-01,0.6796391,TRUE
"EURTRY",2001-03-01,0.87604783,TRUE
"EURTRY",2001-04-01,1.0755781,TRUE
"EURTRY",2001-05-01,0.99057117,TRUE
"EURTRY",2001-06-01,1.03479914,TRUE
"EURTRY",2001-07-01,1.13226382,TRUE
"EURTRY",2001-08-01,1.25608845,TRUE
"EURTRY",2001-09-01,1.33681055,TRUE
"EURTRY",2001-10-01,1.44724023,TRUE
"EURTRY",2001-11-01,1.34922264,TRUE
"EURTRY",2001-12-01,1.28903347,TRUE
"EURTRY",2002-01-01,1.2079625,TRUE
"EURTRY",2002-02-01,1.17156389,TRUE
"EURTRY",2002-03-01,1.18462719,TRUE
"EURTRY",2002-04-01,1.16202457,TRUE
"EURTRY",2002-05-01,1.26854143,TRUE
"EURTRY",2002-06-01,1.4491035,TRUE
"EURTRY",2002-07-01,1.63782735,TRUE
"EURTRY",2002-08-01,1.59776886,TRUE
"EURTRY",2002-09-01,1.61155605,TRUE
"EURTRY",2002-10-01,1.61600082,TRUE
"EURTRY",2002-11-01,1.60575162,TRUE
"EURTRY",2002-12-01,1.61453105,TRUE
"EURTRY",2003-01-01,1.75630886,TRUE
"EURTRY",2003-02-01,1.74992713,TRUE
"EURTRY",2003-03-01,1.78812267,TRUE
"EURTRY",2003-04-01,1.7637421,TRUE
"EURTRY",2003-05-01,1.71588838,TRUE
"EURTRY",2003-06-01,1.65893843,TRUE
"EURTRY",2003-07-01,1.58996491,TRUE
"EURTRY",2003-08-01,1.56014129,TRUE
"EURTRY",2003-09-01,1.53546305,TRUE
"EURTRY",2003-10-01,1.663924,TRUE
"EURTRY",2003-11-01,1.71716741,TRUE
"EURTRY",2003-12-01,1.75289643,TRUE
"EURTRY",2004-01-01,1.69621724,TRUE
"EURTRY",2004-02-01,1.67734976,TRUE
"EURTRY",2004-03-01,1.61545743,TRUE
"EURTRY",2004-04-01,1.62347924,TRUE
"EURTRY",2004-05-01,1.80154615,TRUE
"EURTRY",2004-06-01,1.807753,TRUE
"EURTRY",2004-07-01,1.77741959,TRUE
"EURTRY",2004-08-01,1.78804848,TRUE
"EURTRY",2004-09-01,1.82860291,TRUE
"EURTRY",2004-10-01,1.8501258,TRUE
"EURTRY",2004-11-01,1.8735442,TRUE
"EURTRY",2004-12-01,1.86592813,TRUE
"EURTRY",2005-01-01,1.77874211,TRUE
"EURTRY",2005-02-01,1.70398,TRUE
"EURTRY",2005-03-01,1.72190435,TRUE
"EURTRY",2005-04-01,1.75200952,TRUE
"EURTRY",2005-05-01,1.73755714,TRUE
"EURTRY",2005-06-01,1.65011364,TRUE
"EURTRY",2005-07-01,1.60504762,TRUE
"EURTRY",2005-08-01,1.64354545,TRUE
"EURTRY",2005-09-01,1.63645,TRUE
"EURTRY",2005-10-01,1.62422381,TRUE
"EURTRY",2005-11-01,1.5955,TRUE
"EURTRY",2005-12-01,1.59610455,TRUE
"EURTRY",2006-01-01,1.60668889,TRUE
"EURTRY",2006-02-01,1.57856,TRUE
"EURTRY",2006-03-01,1.59617826,TRUE
"EURTRY",2006-04-01,1.62887,TRUE
"EURTRY",2006-05-01,1.80345909,TRUE
"EURTRY",2006-06-01,2.01790909,TRUE
"EURTRY",2006-07-01,1.96717619,TRUE
"EURTRY",2006-08-01,1.87294091,TRUE
"EURTRY",2006-09-01,1.87611905,TRUE
"EURTRY",2006-10-01,1.86337368,TRUE
"EURTRY",2006-11-01,1.86637273,TRUE
"EURTRY",2006-12-01,1.88428571,TRUE
"EURTRY",2007-01-01,1.84402,TRUE
"EURTRY",2007-02-01,1.81553,TRUE
"EURTRY",2007-03-01,1.85669091,TRUE
"EURTRY",2007-04-01,1.82777,TRUE
"EURTRY",2007-05-01,1.80132174,TRUE
"EURTRY",2007-06-01,1.76409048,TRUE
"EURTRY",2007-07-01,1.74862727,TRUE
"EURTRY",2007-08-01,1.78174091,TRUE
"EURTRY",2007-09-01,1.748735,TRUE
"EURTRY",2007-10-01,1.69964762,TRUE
"EURTRY",2007-11-01,1.73728182,TRUE
"EURTRY",2007-12-01,1.70931053,TRUE
"EURTRY",2008-01-01,1.72065,TRUE
"EURTRY",2008-02-01,1.75021905,TRUE
"EURTRY",2008-03-01,1.90962381,TRUE
"EURTRY",2008-04-01,2.04412381,TRUE
"EURTRY",2008-05-01,1.94031905,TRUE
"EURTRY",2008-06-01,1.90801429,TRUE
"EURTRY",2008-07-01,1.90969565,TRUE
"EURTRY",2008-08-01,1.7611,TRUE
"EURTRY",2008-09-01,1.76927619,TRUE
"EURTRY",2008-10-01,1.96267,TRUE
"EURTRY",2008-11-01,2.02144,TRUE
"EURTRY",2008-12-01,2.08651053,TRUE
"EURTRY",2009-01-01,2.11490476,TRUE
"EURTRY",2009-02-01,2.11562,TRUE
"EURTRY",2009-03-01,2.21871818,TRUE
"EURTRY",2009-04-01,2.11697619,TRUE
"EURTRY",2009-05-01,2.11158421,TRUE
"EURTRY",2009-06-01,2.15838182,TRUE
"EURTRY",2009-07-01,2.13172174,TRUE
"EURTRY",2009-08-01,2.10843333,TRUE
"EURTRY",2009-09-01,2.15758,TRUE
"EURTRY",2009-10-01,2.16669524,TRUE
"EURTRY",2009-11-01,2.20550526,TRUE
"EURTRY",2009-12-01,2.19428696,TRUE
"EURTRY",2010-01-01,2.09727,TRUE
"EURTRY",2010-02-01,2.063935,TRUE
"EURTRY",2010-03-01,2.0755087,TRUE
"EURTRY",2010-04-01,1.99937143,TRUE
"EURTRY",2010-05-01,1.93951,TRUE
"EURTRY",2010-06-01,1.91805455,TRUE
"EURTRY",2010-07-01,1.95610455,TRUE
"EURTRY",2010-08-01,1.94183333,TRUE
"EURTRY",2010-09-01,1.943795,TRUE
"EURTRY",2010-10-01,1.97017,TRUE
"EURTRY",2010-11-01,1.96264444,TRUE
"EURTRY",2010-12-01,1.99928696,TRUE
"EURTRY",2011-01-01,2.07381429,TRUE
"EURTRY",2011-02-01,2.15965,TRUE
"EURTRY",2011-03-01,2.2025913,TRUE
"EURTRY",2011-04-01,2.18690476,TRUE
"EURTRY",2011-05-01,2.24888095,TRUE
"EURTRY",2011-06-01,2.29340455,TRUE
"EURTRY",2011-07-01,2.35284286,TRUE
"EURTRY",2011-08-01,2.4998,TRUE
"EURTRY",2011-09-01,2.46360476,TRUE
"EURTRY",2011-10-01,2.499,TRUE
"EURTRY",2011-11-01,2.44686842,TRUE
"EURTRY",2011-12-01,2.45218636,TRUE
"EURTRY",2012-01-01,2.37232727,TRUE
"EURTRY",2012-02-01,2.31460476,TRUE
"EURTRY",2012-03-01,2.35043636,TRUE
"EURTRY",2012-04-01,2.34322,TRUE
"EURTRY",2012-05-01,2.30523636,TRUE
"EURTRY",2012-06-01,2.27465714,TRUE
"EURTRY",2012-07-01,2.22220455,TRUE
"EURTRY",2012-08-01,2.21128,TRUE
"EURTRY",2012-09-01,2.305105,TRUE
"EURTRY",2012-10-01,2.32825,TRUE
"EURTRY",2012-11-01,2.29094545,TRUE
"EURTRY",2012-12-01,2.33324762,TRUE
"EURTRY",2013-01-01,2.34135909,TRUE
"EURTRY",2013-02-01,2.368875,TRUE
"EURTRY",2013-03-01,2.34480952,TRUE
"EURTRY",2013-04-01,2.33551429,TRUE
"EURTRY",2013-05-01,2.36662727,TRUE
"EURTRY",2013-06-01,2.49866,TRUE
"EURTRY",2013-07-01,2.52395217,TRUE
"EURTRY",2013-08-01,2.60184211,TRUE
"EURTRY",2013-09-01,2.69019048,TRUE
"EURTRY",2013-10-01,2.71317778,TRUE
"EURTRY",2013-11-01,2.72909524,TRUE
"EURTRY",2013-12-01,2.81800909,TRUE
"EURTRY",2014-01-01,3.02153182,TRUE
"EURTRY",2014-02-01,3.019415,TRUE
"EURTRY",2014-03-01,3.06577143,TRUE
"EURTRY",2014-04-01,2.93824286,TRUE
"EURTRY",2014-05-01,2.87448,TRUE
"EURTRY",2014-06-01,2.87575714,TRUE
"EURTRY",2014-07-01,2.876425,TRUE
"EURTRY",2014-08-01,2.87685714,TRUE
"EURTRY",2014-09-01,2.85014091,TRUE
"EURTRY",2014-10-01,2.864165,TRUE
"EURTRY",2014-11-01,2.78718,TRUE
"EURTRY",2014-12-01,2.82169565,TRUE
"EURTRY",2015-01-01,2.71621429,TRUE
"EURTRY",2015-02-01,2.78988,TRUE
"EURTRY",2015-03-01,2.80465,TRUE
"EURTRY",2015-04-01,2.85340476,TRUE
"EURTRY",2015-05-01,2.95511053,TRUE
"EURTRY",2015-06-01,3.02674545,TRUE
"EURTRY",2015-07-01,2.97098182,TRUE
"EURTRY",2015-08-01,3.16721905,TRUE
"EURTRY",2015-09-01,3.3749,TRUE
"EURTRY",2015-10-01,3.29860476,TRUE
"EURTRY",2015-11-01,3.08943333,TRUE
"EURTRY",2015-12-01,3.1696913,TRUE
"EURTRY",2016-01-01,3.26692,TRUE
"EURTRY",2016-02-01,3.2628,TRUE
"EURTRY",2016-03-01,3.20634783,TRUE
"EURTRY",2016-04-01,3.21340476,TRUE
"EURTRY",2016-05-01,3.31473333,TRUE
"EURTRY",2016-06-01,3.27736364,TRUE
"EURTRY",2016-07-01,3.27096667,TRUE
"EURTRY",2016-08-01,3.32074545,TRUE
"EURTRY",2016-09-01,3.31651111,TRUE
"EURTRY",2016-10-01,3.38664286,TRUE
"EURTRY",2016-11-01,3.53438636,TRUE
"EURTRY",2016-12-01,3.68128182,TRUE
"EURTRY",2017-01-01,3.96548636,TRUE
"EURTRY",2017-02-01,3.91099,TRUE
"EURTRY",2017-03-01,3.91577391,TRUE
"EURTRY",2017-04-01,3.9101,TRUE
"EURTRY",2017-05-01,3.93238571,TRUE
"EURTRY",2017-06-01,3.94866,TRUE
"EURTRY",2017-07-01,4.09142381,TRUE
"EURTRY",2017-08-01,4.1435913,TRUE
"EURTRY",2017-09-01,4.1382,TRUE
"EURTRY",2017-10-01,4.30829091,TRUE
"EURTRY",2017-11-01,4.54962727,TRUE
"EURTRY",2017-12-01,4.55251905,TRUE
"EURTRY",2018-01-01,4.58798696,TRUE
"EURTRY",2018-02-01,4.67317,TRUE
"EURTRY",2018-03-01,4.78546364,TRUE
"EURTRY",2018-04-01,4.98300476,TRUE
"EURTRY",2018-05-01,5.20792174,TRUE
"EURTRY",2018-06-01,5.40696,TRUE
"EURTRY",2018-07-01,5.54530909,TRUE
"EURTRY",2018-08-01,6.60658333,TRUE
"EURTRY",2018-09-01,7.42468,TRUE
"EURTRY",2018-10-01,6.7417,TRUE
"EURTRY",2018-11-01,6.10608182,TRUE
"EURTRY",2018-12-01,6.03868095,TRUE
"EURTRY",2019-01-01,6.13243182,TRUE
"EURTRY",2019-02-01,5.975095,TRUE
"EURTRY",2019-03-01,6.15798095,TRUE
"EURTRY",2019-04-01,6.44753333,TRUE
"EURTRY",2019-05-01,6.76732273,TRUE
"EURTRY",2019-06-01,6.55689412,TRUE
"EURTRY",2019-07-01,6.36913182,TRUE
"EURTRY",2019-08-01,6.25602778,TRUE
"EURTRY",2019-09-01,6.29359524,TRUE
"EURTRY",2019-10-01,6.38590909,TRUE
"EURTRY",2019-11-01,6.33985238,TRUE
"EURTRY",2019-12-01,6.48088636,TRUE
"EURTRY",2020-01-01,6.57505909,TRUE
"EURTRY",2020-02-01,6.5939,TRUE
"EURTRY",2020-03-01,6.98874091,TRUE
"EURTRY",2020-04-01,7.41676667,TRUE
"EURTRY",2020-05-01,7.55951765,TRUE
"EURTRY",2020-06-01,7.66242273,TRUE
"EURTRY",2020-07-01,7.82097619,TRUE
"EURTRY",2020-08-01,8.57579,TRUE
"EURTRY",2020-09-01,8.86075,TRUE
"EURTRY",2020-10-01,9.27370476,TRUE
"EURTRY",2020-11-01,9.4572,TRUE
"EURTRY",2020-12-01,9.38417391,TRUE
"EURTRY",2021-01-01,9.00809,TRUE
"EURTRY",2021-02-01,8.556185,TRUE
"EURTRY",2021-03-01,9.09133478,TRUE
"EURTRY",2021-04-01,9.73389524,TRUE
"EURTRY",2021-05-01,10.13066111,TRUE
"EURTRY",2021-06-01,10.37121364,TRUE
"EURTRY",2021-07-01,10.19218824,TRUE
"EURTRY",2021-08-01,9.97830476,TRUE
"EURTRY",2021-09-01,10.02857727,TRUE
"EURTRY",2021-10-01,10.601325,TRUE
"EURTRY",2021-11-01,12.01139545,TRUE
"EURTRY",2021-12-01,15.28957826,TRUE
"EURTRY",2022-01-01,15.31479524,TRUE
"EURTRY",2022-02-01,15.44385,TRUE
"EURTRY",2022-03-01,16.05401739,TRUE
"EURTRY",2022-04-01,15.93217619,TRUE
"EURTRY",2022-05-01,16.52858333,TRUE
"EURTRY",2022-06-01,17.95923636,TRUE
"EURTRY",2022-07-01,17.77287778,TRUE
"EURTRY",2022-08-01,18.25220909,TRUE
"EURTRY",2022-09-01,18.12869545,TRUE
"EURTRY",2022-10-01,18.24976667,TRUE
"EURTRY",2022-11-01,18.92045455,TRUE
"EURTRY",2022-12-01,19.70469091,TRUE
"EURTRY",2023-01-01,20.19571364,TRUE
"EURTRY",2023-02-01,20.193965,TRUE
"EURTRY",2023-03-01,20.28885217,TRUE
"EURTRY",2023-04-01,21.14891053,TRUE
"EURTRY",2023-05-01,21.42548095,TRUE
"EURTRY",2023-06-01,24.94428421,TRUE
"EURTRY",2023-07-01,29.20408571,TRUE
"EURTRY",2023-08-01,29.4287,TRUE
"EURTRY",2023-09-01,28.82047143,TRUE
"EURTRY",2023-10-01,29.35675,TRUE
"EURTRY",2023-11-01,30.84694545,TRUE
"EURTRY",2023-12-01,31.65784286,TRUE
"EURTRY",2024-01-01,32.75426818,TRUE
"EURTRY",2024-02-01,33.13708095,TRUE
"EURTRY",2024-03-01,34.71372857,TRUE
"EURTRY",2024-04-01,34.63321111,TRUE
"EURTRY",2024-05-01,34.78243182,TRUE
"EURTRY",2024-06-01,34.98173529,TRUE
"EURTRY",2024-07-01,35.57654091,TRUE
"EURTRY",2024-08-01,36.90665714,TRUE
"EURTRY",2024-09-01,37.71517619,TRUE
"EURTRY",2024-10-01,37.33355455,TRUE
"EURTRY",2024-11-01,36.57262857,TRUE
"EURTRY",2024-12-01,36.57701364,TRUE
"EURTRY",2025-01-01,36.71676818,TRUE
"EURTRY",2025-02-01,37.58107,TRUE
"EURTRY",2025-03-01,39.870595,TRUE
"EURTRY",2025-04-01,42.645005,TRUE
"EURTRY",2025-05-01,43.656515,TRUE
"EURTRY",2025-06-01,45.26236316,TRUE
"EURTRY",2025-07-01,46.91346818,TRUE
"EURTRY",2025-08-01,47.33145238,TRUE
"EURTRY",2025-09-01,48.35282273,TRUE
"EURTRY",2025-10-01,48.60069091,TRUE
"EURTRY",2025-11-01,48.74414,TRUE
"EURTRY",2025-12-01,49.84766957,TRUE
"EURTRY",2026-01-01,50.56317619,TRUE
"EURTRY",2026-02-01,51.582955,TRUE
"EURTRY",2026-03-01,51.02170952,TRUE
"EURTRY",2026-04-01,52.14538571,TRUE
"EURTRY",2026-05-01,52.97251875,TRUE
"EURTRY",2026-06-01,53.19268636,TRUE
"EURTRY",2026-07-01,53.60276364,TRUE
"EURTRY",2026-08-01,55.31579524,TRUE
"EURTRY",2026-09-01,55.91085,TRUE
"EURTRY",2026-10-01,55.1443375,TRUE
"UFE",2001-01-01,28.309455582093,TRUE
"UFE",2001-02-01,26.5360436779441,TRUE
"UFE",2001-03-01,35.0810041127894,TRUE
"UFE",2001-04-01,50.8715496659083,TRUE
"UFE",2001-05-01,57.7089121499713,TRUE
"UFE",2001-06-01,61.7627002836678,TRUE
"UFE",2001-07-01,65.3912676478111,TRUE
"UFE",2001-08-01,69.6406184711787,TRUE
"UFE",2001-09-01,74.6803905053102,TRUE
"UFE",2001-10-01,81.368458694678,TRUE
"UFE",2001-11-01,84.5219618127442,TRUE
"UFE",2001-12-01,88.5643564462127,TRUE
"UFE",2002-01-01,91.9532529376041,TRUE
"UFE",2002-02-01,91.8153466897285,TRUE
"UFE",2002-03-01,77.5255354141966,TRUE
"UFE",2002-04-01,58.0471361156655,TRUE
"UFE",2002-05-01,49.2953165571402,TRUE
"UFE",2002-06-01,46.8015596996287,TRUE
"UFE",2002-07-01,45.91389072192,TRUE
"UFE",2002-08-01,43.9290552976341,TRUE
"UFE",2002-09-01,40.8702971826733,TRUE
"UFE",2002-10-01,36.1222477834245,TRUE
"UFE",2002-11-01,32.7788876098789,TRUE
"UFE",2002-12-01,30.8399135653104,TRUE
"UFE",2003-01-01,32.6385387963301,TRUE
"UFE",2003-02-01,33.3906796531567,TRUE
"UFE",2003-03-01,35.1509864652019,TRUE
"UFE",2003-04-01,35.0834017022951,TRUE
"UFE",2003-05-01,33.6867329934136,TRUE
"UFE",2003-06-01,29.6159368321244,TRUE
"UFE",2003-07-01,25.570297344729,TRUE
"UFE",2003-08-01,22.7048675326206,TRUE
"UFE",2003-09-01,19.0668260215598,TRUE
"UFE",2003-10-01,16.0961163967675,TRUE
"UFE",2003-11-01,16.1839000300852,TRUE
"UFE",2003-12-01,13.942396729326,TRUE
"UFE",2004-01-01,10.7562091625084,TRUE
"UFE",2004-02-01,9.1401278435349,TRUE
"UFE",2004-03-01,7.97055673312599,TRUE
"UFE",2004-04-01,8.91363022920242,TRUE
"UFE",2004-05-01,9.55730581377647,TRUE
"UFE",2004-06-01,10.5300323997251,TRUE
"UFE",2004-07-01,9.43968816961724,TRUE
"UFE",2004-08-01,10.5183139444528,TRUE
"UFE",2004-09-01,12.4963405869339,TRUE
"UFE",2004-10-01,15.4809105340772,TRUE
"UFE",2004-11-01,14.4011886265601,TRUE
"UFE",2004-12-01,13.8402351672627,TRUE
"UFE",2005-01-01,9.9243714132016,TRUE
"UFE",2005-02-01,8.12858737594482,TRUE
"UFE",2005-03-01,8.15802192356736,TRUE
"UFE",2005-04-01,7.49557027989733,TRUE
"UFE",2005-05-01,7.18708941098194,TRUE
"UFE",2005-06-01,8.69943753515949,TRUE
"UFE",2005-07-01,10.092856419303,TRUE
"UFE",2005-08-01,11.1239982346126,TRUE
"UFE",2005-09-01,10.9116819741471,TRUE
"UFE",2005-10-01,8.15128269793595,TRUE
"UFE",2005-11-01,4.91498564247486,TRUE
"UFE",2005-12-01,4.54484875816819,TRUE
"UFE",2006-01-01,7.5612213295277,TRUE
"UFE",2006-02-01,7.86145890384775,TRUE
"UFE",2006-03-01,5.87760438069065,TRUE
"UFE",2006-04-01,5.79271994591857,TRUE
"UFE",2006-05-01,9.0734409883654,TRUE
"UFE",2006-06-01,13.0737754384777,TRUE
"UFE",2006-07-01,14.3417779693438,TRUE
"UFE",2006-08-01,11.5554474356186,TRUE
"UFE",2006-09-01,9.48721723297208,TRUE
"UFE",2006-10-01,9.26615427095125,TRUE
"UFE",2006-11-01,11.4701879142579,TRUE
"UFE",2006-12-01,11.5780866780698,TRUE
"UFE",2007-01-01,9.37449880093331,TRUE
"UFE",2007-02-01,10.1263797801655,TRUE
"UFE",2007-03-01,10.9231628460747,TRUE
"UFE",2007-04-01,9.6822166571372,TRUE
"UFE",2007-05-01,7.14394515929868,TRUE
"UFE",2007-06-01,2.89207790226003,TRUE
"UFE",2007-07-01,2.0760743307036,TRUE
"UFE",2007-08-01,3.72266510819894,TRUE
"UFE",2007-09-01,5.02162597664009,TRUE
"UFE",2007-10-01,4.40779391377808,TRUE
"UFE",2007-11-01,5.65029641849886,TRUE
"UFE",2007-12-01,5.94313351310218,TRUE
"UFE",2008-01-01,6.44475401301581,TRUE
"UFE",2008-02-01,8.14933177840971,TRUE
"UFE",2008-03-01,10.5020860346767,TRUE
"UFE",2008-04-01,14.5579105170694,TRUE
"UFE",2008-05-01,16.5268694920658,TRUE
"UFE",2008-06-01,17.0283925192766,TRUE
"UFE",2008-07-01,18.4113212913445,TRUE
"UFE",2008-08-01,14.6664786330952,TRUE
"UFE",2008-09-01,12.4947647645106,TRUE
"UFE",2008-10-01,13.2872020695837,TRUE
"UFE",2008-11-01,12.2480083148275,TRUE
"UFE",2008-12-01,8.10679947314186,TRUE
"UFE",2009-01-01,7.90053726086706,TRUE
"UFE",2009-02-01,6.43384822335944,TRUE
"UFE",2009-03-01,3.46309074061029,TRUE
"UFE",2009-04-01,-0.348844454121089,TRUE
"UFE",2009-05-01,-2.46446654029829,TRUE
"UFE",2009-06-01,-1.86063480971838,TRUE
"UFE",2009-07-01,-3.75352831344704,TRUE
"UFE",2009-08-01,-1.03923256121558,TRUE
"UFE",2009-09-01,0.471581038902547,TRUE
"UFE",2009-10-01,0.185093777796674,TRUE
"UFE",2009-11-01,1.51206566894189,TRUE
"UFE",2009-12-01,5.93128159516119,TRUE
"UFE",2010-01-01,6.30067028737449,TRUE
"UFE",2010-02-01,6.82104997360291,TRUE
"UFE",2010-03-01,8.58185478980711,TRUE
"UFE",2010-04-01,10.4207038801319,TRUE
"UFE",2010-05-01,9.20632935109933,TRUE
"UFE",2010-06-01,7.63940520638988,TRUE
"UFE",2010-07-01,8.23661549626313,TRUE
"UFE",2010-08-01,9.02877026849191,TRUE
"UFE",2010-09-01,8.91180829945413,TRUE
"UFE",2010-10-01,9.91501416483436,TRUE
"UFE",2010-11-01,8.17120622102356,TRUE
"UFE",2010-12-01,8.87291616066952,TRUE
"UFE",2011-01-01,10.8035070871756,TRUE
"UFE",2011-02-01,10.8689231475179,TRUE
"UFE",2011-03-01,10.082280679053,TRUE
"UFE",2011-04-01,8.20878623193517,TRUE
"UFE",2011-05-01,9.63289617167433,TRUE
"UFE",2011-06-01,10.1939791606105,TRUE
"UFE",2011-07-01,10.3366770466161,TRUE
"UFE",2011-08-01,10.9996580428293,TRUE
"UFE",2011-09-01,12.1462999696959,TRUE
"UFE",2011-10-01,12.5840430328901,TRUE
"UFE",2011-11-01,13.669064749916,TRUE
"UFE",2011-12-01,13.3259362042007,TRUE
"UFE",2012-01-01,11.1321879571473,TRUE
"UFE",2012-02-01,9.1480632973975,TRUE
"UFE",2012-03-01,8.22191809912518,TRUE
"UFE",2012-04-01,7.65407554599511,TRUE
"UFE",2012-05-01,8.06038760844654,TRUE
"UFE",2012-06-01,6.44066026074352,TRUE
"UFE",2012-07-01,6.13407178897918,TRUE
"UFE",2012-08-01,4.5645923206195,TRUE
"UFE",2012-09-01,4.03499014208617,TRUE
"UFE",2012-10-01,2.57290733463063,TRUE
"UFE",2012-11-01,3.60462816610219,TRUE
"UFE",2012-12-01,2.45263621488392,TRUE
"UFE",2013-01-01,1.87759082843575,TRUE
"UFE",2013-02-01,1.84028116656383,TRUE
"UFE",2013-03-01,2.30058365764176,TRUE
"UFE",2013-04-01,1.69606842676939,TRUE
"UFE",2013-05-01,2.17055013154042,TRUE
"UFE",2013-06-01,5.23138833039858,TRUE
"UFE",2013-07-01,6.61152956146811,TRUE
"UFE",2013-08-01,6.38350110201533,TRUE
"UFE",2013-09-01,6.22600242964975,TRUE
"UFE",2013-10-01,6.76823055761167,TRUE
"UFE",2013-11-01,5.6746050658641,TRUE
"UFE",2013-12-01,6.97152140704571,TRUE
"UFE",2014-01-01,10.7231685106855,TRUE
"UFE",2014-02-01,12.4004934804708,TRUE
"UFE",2014-03-01,12.3128300938362,TRUE
"UFE",2014-04-01,12.9836073341422,TRUE
"UFE",2014-05-01,11.2835474689066,TRUE
"UFE",2014-06-01,9.74631643827975,TRUE
"UFE",2014-07-01,9.45943677290024,TRUE
"UFE",2014-08-01,9.87531320611488,TRUE
"UFE",2014-09-01,9.84360075433379,TRUE
"UFE",2014-10-01,10.0950261492057,TRUE
"UFE",2014-11-01,8.3609560981758,TRUE
"UFE",2014-12-01,6.3587985929467,TRUE
"UFE",2015-01-01,3.27804452204279,TRUE
"UFE",2015-02-01,3.09553536832134,TRUE
"UFE",2015-03-01,3.4148217796393,TRUE
"UFE",2015-04-01,4.79972670595268,TRUE
"UFE",2015-05-01,6.52043269230769,TRUE
"UFE",2015-06-01,6.73130550431165,TRUE
"UFE",2015-07-01,5.62204523190937,TRUE
"UFE",2015-08-01,6.21341928916788,TRUE
"UFE",2015-09-01,6.92207409899492,TRUE
"UFE",2015-10-01,5.73821727715964,TRUE
"UFE",2015-11-01,5.25142015569113,TRUE
"UFE",2015-12-01,5.71149932157395,TRUE
"UFE",2016-01-01,5.94226786695404,TRUE
"UFE",2016-02-01,4.46838720454354,TRUE
"UFE",2016-03-01,3.80212423027648,TRUE
"UFE",2016-04-01,2.87262651780622,TRUE
"UFE",2016-05-01,3.24803546242192,TRUE
"UFE",2016-06-01,3.41265375030146,TRUE
"UFE",2016-07-01,3.95983709020524,TRUE
"UFE",2016-08-01,3.02679391446712,TRUE
"UFE",2016-09-01,1.77777777777777,TRUE
"UFE",2016-10-01,2.83755024828565,TRUE
"UFE",2016-11-01,6.4086674929037,TRUE
"UFE",2016-12-01,9.93943283462355,TRUE
"UFE",2017-01-01,13.6913072964455,TRUE
"UFE",2017-02-01,15.3621682123441,TRUE
"UFE",2017-03-01,16.0887048612494,TRUE
"UFE",2017-04-01,16.3663009466471,TRUE
"UFE",2017-05-01,15.2609187775653,TRUE
"UFE",2017-06-01,14.8676487736619,TRUE
"UFE",2017-07-01,15.4532407586983,TRUE
"UFE",2017-08-01,16.3443277392349,TRUE
"UFE",2017-09-01,16.2808671793484,TRUE
"UFE",2017-10-01,17.2836667433127,TRUE
"UFE",2017-11-01,17.3016230838593,TRUE
"UFE",2017-12-01,15.4657229377212,TRUE
"UFE",2018-01-01,12.1442857644128,TRUE
"UFE",2018-02-01,13.7149589382862,TRUE
"UFE",2018-03-01,14.2773852801976,TRUE
"UFE",2018-04-01,16.3688348820586,TRUE
"UFE",2018-05-01,20.161863804138,TRUE
"UFE",2018-06-01,23.714131023281,TRUE
"UFE",2018-07-01,24.9991600873509,TRUE
"UFE",2018-08-01,32.1273902325272,TRUE
"UFE",2018-09-01,46.1548687271519,TRUE
"UFE",2018-10-01,45.007188602797,TRUE
"UFE",2018-11-01,38.5445693603664,TRUE
"UFE",2018-12-01,33.6387765419616,TRUE
"UFE",2019-01-01,32.9349186483104,TRUE
"UFE",2019-02-01,29.5852759240637,TRUE
"UFE",2019-03-01,29.6419675279854,TRUE
"UFE",2019-04-01,30.1187551187551,TRUE
"UFE",2019-05-01,28.7135409327885,TRUE
"UFE",2019-06-01,25.0437636761488,TRUE
"UFE",2019-07-01,21.6551093909585,TRUE
"UFE",2019-08-01,13.4486410165902,TRUE
"UFE",2019-09-01,2.44895174860158,TRUE
"UFE",2019-10-01,1.69678669611069,TRUE
"UFE",2019-11-01,4.25846722922205,TRUE
"UFE",2019-12-01,7.36274648886366,TRUE
"UFE",2020-01-01,8.84055924304477,TRUE
"UFE",2020-02-01,9.26021727884119,TRUE
"UFE",2020-03-01,8.49807861475067,TRUE
"UFE",2020-04-01,6.70787906035741,TRUE
"UFE",2020-05-01,5.5348776108946,TRUE
"UFE",2020-06-01,6.17070609852131,TRUE
"UFE",2020-07-01,8.32909882243775,TRUE
"UFE",2020-08-01,11.5321361898836,TRUE
"UFE",2020-09-01,14.333592276107,TRUE
"UFE",2020-10-01,18.1981343200904,TRUE
"UFE",2020-11-01,23.1079672705501,TRUE
"UFE",2020-12-01,25.1475510923185,TRUE
"UFE",2021-01-01,26.158038147139,TRUE
"UFE",2021-02-01,27.0919421487603,TRUE
"UFE",2021-03-01,31.2018605048113,TRUE
"UFE",2021-04-01,35.1682150456087,TRUE
"UFE",2021-05-01,38.3324343388241,TRUE
"UFE",2021-06-01,42.888930094567,TRUE
"UFE",2021-07-01,44.9248465319275,TRUE
"UFE",2021-08-01,45.5175849357378,TRUE
"UFE",2021-09-01,43.9597771436337,TRUE
"UFE",2021-10-01,46.3051139772046,TRUE
"UFE",2021-11-01,54.6219244209085,TRUE
"UFE",2021-12-01,79.8880813697714,TRUE
"UFE",2022-01-01,93.5325173986081,TRUE
"UFE",2022-02-01,105.005757637337,TRUE
"UFE",2022-03-01,114.967557282943,TRUE
"UFE",2022-04-01,121.820987173293,TRUE
"UFE",2022-05-01,132.158550668126,TRUE
"UFE",2022-06-01,138.30637021657,TRUE
"UFE",2022-07-01,144.608153558211,TRUE
"UFE",2022-08-01,143.748972996659,TRUE
"UFE",2022-09-01,151.502198009655,TRUE
"UFE",2022-10-01,157.68851303735,TRUE
"UFE",2022-11-01,136.021574269306,TRUE
"UFE",2022-12-01,97.7197358767425,TRUE
"UFE",2023-01-01,86.4582872022887,TRUE
"UFE",2023-02-01,76.6099454815794,TRUE
"UFE",2023-03-01,62.4510174748468,TRUE
"UFE",2023-04-01,52.1102812537326,TRUE
"UFE",2023-05-01,40.762656571986,TRUE
"UFE",2023-06-01,40.4156708516109,TRUE
"UFE",2023-07-01,44.502102737874,TRUE
"UFE",2023-08-01,49.4115333838937,TRUE
"UFE",2023-09-01,47.4448954205963,TRUE
"UFE",2023-10-01,39.3888013206506,TRUE
"UFE",2023-11-01,42.2470978441128,TRUE
"UFE",2023-12-01,44.2229577625062,TRUE
"UFE",2024-01-01,44.1969057130778,TRUE
"UFE",2024-02-01,47.2858318834072,TRUE
"UFE",2024-03-01,51.4729165890549,TRUE
"UFE",2024-04-01,55.6615887738228,TRUE
"UFE",2024-05-01,57.6837293829336,TRUE
"UFE",2024-06-01,50.0935054638216,TRUE
"UFE",2024-07-01,41.3707574400318,TRUE
"UFE",2024-08-01,35.7538727628215,TRUE
"UFE",2024-09-01,33.0860588077004,TRUE
"UFE",2024-10-01,32.2410453431504,TRUE
"UFE",2024-11-01,29.4718324520131,TRUE
"UFE",2024-12-01,28.5246756454501,TRUE
"UFE",2025-01-01,27.2019607390985,TRUE
"UFE",2025-02-01,25.2134784362169,TRUE
"UFE",2025-03-01,23.5032080152731,TRUE
"UFE",2025-04-01,22.4989465812853,TRUE
"UFE",2025-05-01,23.129780323403,TRUE
"UFE",2025-06-01,24.4510155745353,TRUE
"UFE",2025-07-01,24.1869621051683,TRUE
"UFE",2025-08-01,25.1593265217379,TRUE
"UFE",2025-09-01,26.5872278569555,TRUE
"UFE",2025-10-01,27.004936473254,TRUE
"UFE",2025-11-01,27.2335270928304,TRUE
"UFE",2025-12-01,27.666207573962,TRUE
"UFE",2026-01-01,27.1719847824454,TRUE
"UFE",2026-02-01,27.5614314952283,TRUE
"UFE",2026-03-01,28.0800537674557,TRUE
"UFE",2026-04-01,28.5904960769732,TRUE
"UFE",2026-05-01,28.9288508493887,TRUE
"UFE",2026-06-01,28.0875859873493,TRUE
"UFE",2026-07-01,27.8341304342896,TRUE
"UFE",2026-08-01,27.9460221426058,TRUE
"UFE",2026-09-01,27.3775116611877,TRUE
"M2",2001-01-01,40.8026487069775,TRUE
"M2",2001-02-01,59.3530370548609,TRUE
"M2",2001-03-01,71.5041926182487,TRUE
"M2",2001-04-01,67.9384120491782,TRUE
"M2",2001-05-01,69.2739130807505,TRUE
"M2",2001-06-01,64.7470417075396,TRUE
"M2",2001-07-01,43.6854247510448,TRUE
"M2",2001-08-01,56.8547212351361,TRUE
"M2",2001-09-01,58.9743109644374,TRUE
"M2",2001-10-01,57.0614156634873,TRUE
"M2",2001-11-01,53.9440460123704,TRUE
"M2",2001-12-01,48.0350161905698,TRUE
"M2",2002-01-01,42.0909874964711,TRUE
"M2",2002-02-01,37.3088231816649,TRUE
"M2",2002-03-01,28.6528466566722,TRUE
"M2",2002-04-01,30.3936368683269,TRUE
"M2",2002-05-01,32.4780793704413,TRUE
"M2",2002-06-01,31.5399733976864,TRUE
"M2",2002-07-01,41.0114635238938,TRUE
"M2",2002-08-01,31.7904929643046,TRUE
"M2",2002-09-01,33.4061648965037,TRUE
"M2",2002-10-01,35.1559941556048,TRUE
"M2",2002-11-01,34.1715914132301,TRUE
"M2",2002-12-01,30.987194935763,TRUE
"M2",2003-01-01,33.3166310361435,TRUE
"M2",2003-02-01,27.1934953231274,TRUE
"M2",2003-03-01,28.8015011877429,TRUE
"M2",2003-04-01,23.6842989403605,TRUE
"M2",2003-05-01,24.8480039058783,TRUE
"M2",2003-06-01,27.6788681689635,TRUE
"M2",2003-07-01,29.5097398570692,TRUE
"M2",2003-08-01,32.7262067127153,TRUE
"M2",2003-09-01,33.4455036611178,TRUE
"M2",2003-10-01,33.1248289474213,TRUE
"M2",2003-11-01,33.8378192311153,TRUE
"M2",2003-12-01,33.6672400420952,TRUE
"M2",2004-01-01,48.2547999241778,TRUE
"M2",2004-02-01,45.1429618652421,TRUE
"M2",2004-03-01,45.1203484673098,TRUE
"M2",2004-04-01,51.5878315032649,TRUE
"M2",2004-05-01,47.891353853355,TRUE
"M2",2004-06-01,43.642648275845,TRUE
"M2",2004-07-01,40.7107353028955,TRUE
"M2",2004-08-01,41.2347459625713,TRUE
"M2",2004-09-01,37.2721304959223,TRUE
"M2",2004-10-01,35.5325830557246,TRUE
"M2",2004-11-01,33.8267945176697,TRUE
"M2",2004-12-01,31.2239800468526,TRUE
"M2",2005-01-01,17.316183025412,TRUE
"M2",2005-02-01,21.1814802303964,TRUE
"M2",2005-03-01,22.8706535457989,TRUE
"M2",2005-04-01,23.6674158440143,TRUE
"M2",2005-05-01,26.0453162652037,TRUE
"M2",2005-06-01,29.9337517911612,TRUE
"M2",2005-07-01,32.8058258976412,TRUE
"M2",2005-08-01,33.0141377912643,TRUE
"M2",2005-09-01,34.5979698075832,TRUE
"M2",2005-10-01,38.1731116781336,TRUE
"M2",2005-11-01,38.9785333260376,TRUE
"M2",2005-12-01,120.013853330066,TRUE
"M2",2006-01-01,121.290733956242,TRUE
"M2",2006-02-01,120.651027355645,TRUE
"M2",2006-03-01,117.999283902384,TRUE
"M2",2006-04-01,114.511271232017,TRUE
"M2",2006-05-01,127.839867347344,TRUE
"M2",2006-06-01,120.054386452023,TRUE
"M2",2006-07-01,107.628295023685,TRUE
"M2",2006-08-01,105.129647425534,TRUE
"M2",2006-09-01,103.478870206884,TRUE
"M2",2006-10-01,96.5984839485661,TRUE
"M2",2006-11-01,97.8116009146997,TRUE
"M2",2006-12-01,24.6788212517744,TRUE
"M2",2007-01-01,27.4616256465011,TRUE
"M2",2007-02-01,25.8961812297957,TRUE
"M2",2007-03-01,23.237596864974,TRUE
"M2",2007-04-01,22.8058375173014,TRUE
"M2",2007-05-01,14.4407564850526,TRUE
"M2",2007-06-01,14.8961220658285,TRUE
"M2",2007-07-01,19.5461612810735,TRUE
"M2",2007-08-01,19.7499060588171,TRUE
"M2",2007-09-01,16.1804579315765,TRUE
"M2",2007-10-01,15.6907505764484,TRUE
"M2",2007-11-01,14.6955832083626,TRUE
"M2",2007-12-01,15.6656253793876,TRUE
"M2",2008-01-01,15.2990553398175,TRUE
"M2",2008-02-01,16.6669517010637,TRUE
"M2",2008-03-01,21.9042010341816,TRUE
"M2",2008-04-01,20.8138274651504,TRUE
"M2",2008-05-01,17.7648592715272,TRUE
"M2",2008-06-01,18.4656474291972,TRUE
"M2",2008-07-01,17.3810246706295,TRUE
"M2",2008-08-01,15.6879244643419,TRUE
"M2",2008-09-01,21.9407846460028,TRUE
"M2",2008-10-01,26.0827738763753,TRUE
"M2",2008-11-01,27.0614824131422,TRUE
"M2",2008-12-01,26.715965135765,TRUE
"M2",2009-01-01,26.2202588675127,TRUE
"M2",2009-02-01,26.3796652249175,TRUE
"M2",2009-03-01,20.0374413779267,TRUE
"M2",2009-04-01,17.2335792808016,TRUE
"M2",2009-05-01,19.9119506522331,TRUE
"M2",2009-06-01,18.7609763015909,TRUE
"M2",2009-07-01,18.7871286907617,TRUE
"M2",2009-08-01,19.9932203726097,TRUE
"M2",2009-09-01,17.2267682985579,TRUE
"M2",2009-10-01,13.9525393473523,TRUE
"M2",2009-11-01,14.6801638749153,TRUE
"M2",2009-12-01,12.9888188703283,TRUE
"M2",2010-01-01,12.9538564099702,TRUE
"M2",2010-02-01,12.6026562694582,TRUE
"M2",2010-03-01,13.637196834803,TRUE
"M2",2010-04-01,15.3556455149646,TRUE
"M2",2010-05-01,16.0416248844384,TRUE
"M2",2010-06-01,18.1903807343843,TRUE
"M2",2010-07-01,17.9449361075146,TRUE
"M2",2010-08-01,17.5418210980143,TRUE
"M2",2010-09-01,16.6642198077598,TRUE
"M2",2010-10-01,16.8303342380339,TRUE
"M2",2010-11-01,15.7059936407123,TRUE
"M2",2010-12-01,19.1051830861285,TRUE
"M2",2011-01-01,19.0233131514297,TRUE
"M2",2011-02-01,20.0539098540776,TRUE
"M2",2011-03-01,20.6461916460611,TRUE
"M2",2011-04-01,21.5552035063739,TRUE
"M2",2011-05-01,22.4585723927915,TRUE
"M2",2011-06-01,20.3118486603847,TRUE
"M2",2011-07-01,21.6990143725482,TRUE
"M2",2011-08-01,23.1533975440334,TRUE
"M2",2011-09-01,21.5744491069885,TRUE
"M2",2011-10-01,19.3166993939538,TRUE
"M2",2011-11-01,17.925841216063,TRUE
"M2",2011-12-01,14.8398030404792,TRUE
"M2",2012-01-01,12.7112634678264,TRUE
"M2",2012-02-01,10.5261813516113,TRUE
"M2",2012-03-01,9.64382548602871,TRUE
"M2",2012-04-01,9.53548443865482,TRUE
"M2",2012-05-01,8.44271600858437,TRUE
"M2",2012-06-01,8.45162148693275,TRUE
"M2",2012-07-01,7.45963541468249,TRUE
"M2",2012-08-01,6.63811298788235,TRUE
"M2",2012-09-01,8.08903343771767,TRUE
"M2",2012-10-01,10.4032200167538,TRUE
"M2",2012-11-01,9.68158161094577,TRUE
"M2",2012-12-01,10.1768735405225,TRUE
"M2",2013-01-01,12.9293131031112,TRUE
"M2",2013-02-01,13.379970108424,TRUE
"M2",2013-03-01,13.5852148216413,TRUE
"M2",2013-04-01,14.4845055727311,TRUE
"M2",2013-05-01,15.8017384423672,TRUE
"M2",2013-06-01,16.2377851569137,TRUE
"M2",2013-07-01,18.9724729759427,TRUE
"M2",2013-08-01,20.1827709143824,TRUE
"M2",2013-09-01,20.3284333259769,TRUE
"M2",2013-10-01,19.6344901587463,TRUE
"M2",2013-11-01,21.2728927350365,TRUE
"M2",2013-12-01,22.2081168398633,TRUE
"M2",2014-01-01,23.6253664245019,TRUE
"M2",2014-02-01,22.5246607845664,TRUE
"M2",2014-03-01,20.9688135322708,TRUE
"M2",2014-04-01,19.9658673794867,TRUE
"M2",2014-05-01,16.6761421411933,TRUE
"M2",2014-06-01,16.7832790199098,TRUE
"M2",2014-07-01,16.542222569521,TRUE
"M2",2014-08-01,14.0166371249839,TRUE
"M2",2014-09-01,15.1315338465637,TRUE
"M2",2014-10-01,13.2554999604354,TRUE
"M2",2014-11-01,12.3033527026295,TRUE
"M2",2014-12-01,11.8782180943676,TRUE
"M2",2015-01-01,10.9333840116354,TRUE
"M2",2015-02-01,13.4495603549698,TRUE
"M2",2015-03-01,15.9205403265987,TRUE
"M2",2015-04-01,18.5197705454081,TRUE
"M2",2015-05-01,19.9618795697392,TRUE
"M2",2015-06-01,18.7798488007096,TRUE
"M2",2015-07-01,18.8152220328261,TRUE
"M2",2015-08-01,21.2213585005381,TRUE
"M2",2015-09-01,21.174202958628,TRUE
"M2",2015-10-01,20.7375890952774,TRUE
"M2",2015-11-01,19.4192723316689,TRUE
"M2",2015-12-01,17.0854441606111,TRUE
"M2",2016-01-01,17.2034084954212,TRUE
"M2",2016-02-01,15.3362250009111,TRUE
"M2",2016-03-01,14.0167542413735,TRUE
"M2",2016-04-01,11.441279988727,TRUE
"M2",2016-05-01,12.7529598007733,TRUE
"M2",2016-06-01,12.6864543968886,TRUE
"M2",2016-07-01,11.6498720772566,TRUE
"M2",2016-08-01,9.49169803086249,TRUE
"M2",2016-09-01,8.03735213448089,TRUE
"M2",2016-10-01,11.2432249059577,TRUE
"M2",2016-11-01,15.9535184745661,TRUE
"M2",2016-12-01,18.2747861027845,TRUE
"M2",2017-01-01,19.0852805061999,TRUE
"M2",2017-02-01,16.6836466702572,TRUE
"M2",2017-03-01,18.7247587044022,TRUE
"M2",2017-04-01,20.602997029386,TRUE
"M2",2017-05-01,19.3480557485068,TRUE
"M2",2017-06-01,20.195761461224,TRUE
"M2",2017-07-01,18.6717222850834,TRUE
"M2",2017-08-01,20.3469227809506,TRUE
"M2",2017-09-01,20.1008422854806,TRUE
"M2",2017-10-01,21.8189694908344,TRUE
"M2",2017-11-01,19.0029616655573,TRUE
"M2",2017-12-01,15.719280619961,TRUE
"M2",2018-01-01,13.3981068201455,TRUE
"M2",2018-02-01,16.0340841586734,TRUE
"M2",2018-03-01,15.8114206097202,TRUE
"M2",2018-04-01,16.0138347886671,TRUE
"M2",2018-05-01,19.7972890235008,TRUE
"M2",2018-06-01,19.2288966084263,TRUE
"M2",2018-07-01,22.9046409963574,TRUE
"M2",2018-08-01,35.8842692172337,TRUE
"M2",2018-09-01,29.2764804916754,TRUE
"M2",2018-10-01,21.4935209090483,TRUE
"M2",2018-11-01,16.7111831404019,TRUE
"M2",2018-12-01,19.1014389100216,TRUE
"M2",2019-01-01,20.5891894983333,TRUE
"M2",2019-02-01,21.4830410852231,TRUE
"M2",2019-03-01,24.5664635241303,TRUE
"M2",2019-04-01,25.6093194514695,TRUE
"M2",2019-05-01,21.1937648275472,TRUE
"M2",2019-06-01,19.4706065097696,TRUE
"M2",2019-07-01,15.0636464985508,TRUE
"M2",2019-08-01,7.39523989418129,TRUE
"M2",2019-09-01,11.803581653987,TRUE
"M2",2019-10-01,18.2688440358585,TRUE
"M2",2019-11-01,23.3991439255052,TRUE
"M2",2019-12-01,26.1190897091015,TRUE
"M2",2020-01-01,26.5828267576288,TRUE
"M2",2020-02-01,28.8345818819331,TRUE
"M2",2020-03-01,28.2841835167788,TRUE
"M2",2020-04-01,35.3156391901499,TRUE
"M2",2020-05-01,34.7640982970162,TRUE
"M2",2020-06-01,38.9545607709692,TRUE
"M2",2020-07-01,45.9280620368353,TRUE
"M2",2020-08-01,41.7950628828131,TRUE
"M2",2020-09-01,44.8735926180367,TRUE
"M2",2020-10-01,47.5928079752359,TRUE
"M2",2020-11-01,41.4271463953415,TRUE
"M2",2020-12-01,36.0287447192015,TRUE
"M2",2021-01-01,33.8899340251788,TRUE
"M2",2021-02-01,30.1040298461692,TRUE
"M2",2021-03-01,31.2383318317517,TRUE
"M2",2021-04-01,22.8194294245504,TRUE
"M2",2021-05-01,25.9643868837765,TRUE
"M2",2021-06-01,25.4077669320238,TRUE
"M2",2021-07-01,21.1099355950489,TRUE
"M2",2021-08-01,19.3427024021991,TRUE
"M2",2021-09-01,22.0169456447201,TRUE
"M2",2021-10-01,24.156673313955,TRUE
"M2",2021-11-01,51.5050264155417,TRUE
"M2",2021-12-01,53.5582214988561,TRUE
"M2",2022-01-01,55.4790715266986,TRUE
"M2",2022-02-01,59.5612526588823,TRUE
"M2",2022-03-01,61.9670284811782,TRUE
"M2",2022-04-01,64.9257840749151,TRUE
"M2",2022-05-01,70.7348234218647,TRUE
"M2",2022-06-01,70.7996493106086,TRUE
"M2",2022-07-01,82.888446098862,TRUE
"M2",2022-08-01,89.539065285,TRUE
"M2",2022-09-01,87.179836061148,TRUE
"M2",2022-10-01,82.4620405092368,TRUE
"M2",2022-11-01,56.745523360836,TRUE
"M2",2022-12-01,60.7098752502221,TRUE
"M2",2023-01-01,63.9519620755113,TRUE
"M2",2023-02-01,62.9703946034018,TRUE
"M2",2023-03-01,59.1828106413289,TRUE
"M2",2023-04-01,61.7715625305377,TRUE
"M2",2023-05-01,51.464206903447,TRUE
"M2",2023-06-01,69.1617034088567,TRUE
"M2",2023-07-01,65.4122392451423,TRUE
"M2",2023-08-01,65.2192005813354,TRUE
"M2",2023-09-01,65.5363235644221,TRUE
"M2",2023-10-01,65.3399879066914,TRUE
"M2",2023-11-01,65.791440134107,TRUE
"M2",2023-12-01,66.459808297684,TRUE
"M2",2024-01-01,62.5287641580724,TRUE
"M2",2024-02-01,62.0735062510414,TRUE
"M2",2024-03-01,58.1412998113184,TRUE
"M2",2024-04-01,52.2705613863598,TRUE
"M2",2024-05-01,56.0555155935359,TRUE
"M2",2024-06-01,40.8717384634934,TRUE
"M2",2024-07-01,36.6287243179411,TRUE
"M2",2024-08-01,35.6503047135286,TRUE
"M2",2024-09-01,32.9516114269323,TRUE
"M2",2024-10-01,31.1093260634881,TRUE
"M2",2024-11-01,29.6173115528806,TRUE
"M2",2024-12-01,28.2656187943516,TRUE
"M2",2025-01-01,28.7583990507916,TRUE
"M2",2025-02-01,30.6780535415337,TRUE
"M2",2025-03-01,38.1411434803888,TRUE
"M2",2025-04-01,38.4393884066941,TRUE
"M2",2025-05-01,38.995424955402,TRUE
"M2",2025-06-01,38.5367849016445,TRUE
"M2",2025-07-01,38.8130483432045,TRUE
"M2",2025-08-01,36.9119159834681,TRUE
"M2",2025-09-01,38.9529478083965,TRUE
"M2",2025-10-01,39.0399021006534,TRUE
"M2",2025-11-01,39.6328330114762,TRUE
"M2",2025-12-01,41.0856400360161,TRUE
"M2",2026-01-01,43.3024420660507,TRUE
"M2",2026-02-01,40.2001254298348,TRUE
"M2",2026-03-01,29.8068050423464,TRUE
"M2",2026-04-01,31.8946511326224,TRUE
"M2",2026-05-01,32.3379462186304,TRUE
"M2",2026-06-01,28.9897751925967,TRUE
"M2",2026-07-01,28.9449084751552,TRUE
"M2",2026-08-01,31.7367147500187,TRUE
"SANAYI_URETIM",2001-01-01,0.655729096264679,TRUE
"SANAYI_URETIM",2001-02-01,-1.89873269207665,TRUE
"SANAYI_URETIM",2001-03-01,-5.80647090270444,TRUE
"SANAYI_URETIM",2001-04-01,-8.49057175714988,TRUE
"SANAYI_URETIM",2001-05-01,-10.2167223174286,TRUE
"SANAYI_URETIM",2001-06-01,-10.7033818747477,TRUE
"SANAYI_URETIM",2001-07-01,-10.0303992470507,TRUE
"SANAYI_URETIM",2001-08-01,-9.7922677603023,TRUE
"SANAYI_URETIM",2001-09-01,-6.19196126752884,TRUE
"SANAYI_URETIM",2001-10-01,-12.8048683995763,TRUE
"SANAYI_URETIM",2001-11-01,-12.349413533848,TRUE
"SANAYI_URETIM",2001-12-01,-9.09090697777126,TRUE
"SANAYI_URETIM",2002-01-01,-2.28012470726447,TRUE
"SANAYI_URETIM",2002-02-01,2.5806351305937,TRUE
"SANAYI_URETIM",2002-03-01,9.93153059081562,TRUE
"SANAYI_URETIM",2002-04-01,12.3711516209676,TRUE
"SANAYI_URETIM",2002-05-01,9.3103512639124,TRUE
"SANAYI_URETIM",2002-06-01,9.58906927261631,TRUE
"SANAYI_URETIM",2002-07-01,9.12162805355232,TRUE
"SANAYI_URETIM",2002-08-01,6.90787692466799,TRUE
"SANAYI_URETIM",2002-09-01,9.90100851354681,TRUE
"SANAYI_URETIM",2002-10-01,13.9860105412249,TRUE
"SANAYI_URETIM",2002-11-01,9.62199549137375,TRUE
"SANAYI_URETIM",2002-12-01,16.5517384212851,TRUE
"SANAYI_URETIM",2003-01-01,16.0000128526667,TRUE
"SANAYI_URETIM",2003-02-01,6.2893193216254,TRUE
"SANAYI_URETIM",2003-03-01,7.16510709130358,TRUE
"SANAYI_URETIM",2003-04-01,1.8348609290745,TRUE
"SANAYI_URETIM",2003-05-01,5.04732267039179,TRUE
"SANAYI_URETIM",2003-06-01,8.43748124526571,TRUE
"SANAYI_URETIM",2003-07-01,9.90712884538347,TRUE
"SANAYI_URETIM",2003-08-01,12.0000036504619,TRUE
"SANAYI_URETIM",2003-09-01,9.30929834284777,TRUE
"SANAYI_URETIM",2003-10-01,10.4294467364223,TRUE
"SANAYI_URETIM",2003-11-01,12.5391844429103,TRUE
"SANAYI_URETIM",2003-12-01,8.2840243176884,TRUE
"SANAYI_URETIM",2004-01-01,6.60917201306574,TRUE
"SANAYI_URETIM",2004-02-01,10.6508790065129,TRUE
"SANAYI_URETIM",2004-03-01,9.3023110441462,TRUE
"SANAYI_URETIM",2004-04-01,15.0150181578424,TRUE
"SANAYI_URETIM",2004-05-01,18.3183225979131,TRUE
"SANAYI_URETIM",2004-06-01,12.3919402577471,TRUE
"SANAYI_URETIM",2004-07-01,11.5492900085701,TRUE
"SANAYI_URETIM",2004-08-01,7.96705132321092,TRUE
"SANAYI_URETIM",2004-09-01,5.76923703719396,TRUE
"SANAYI_URETIM",2004-10-01,3.33333058703726,TRUE
"SANAYI_URETIM",2004-11-01,4.17828057494964,TRUE
"SANAYI_URETIM",2004-12-01,4.0983472047174,TRUE
"SANAYI_URETIM",2005-01-01,19.4070157899544,TRUE
"SANAYI_URETIM",2005-02-01,13.6363636363636,TRUE
"SANAYI_URETIM",2005-03-01,11.4361791290609,TRUE
"SANAYI_URETIM",2005-04-01,10.7049554267536,TRUE
"SANAYI_URETIM",2005-05-01,8.62944086010984,TRUE
"SANAYI_URETIM",2005-06-01,9.48718811607479,TRUE
"SANAYI_URETIM",2005-07-01,10.1010087770381,TRUE
"SANAYI_URETIM",2005-08-01,12.7226292190968,TRUE
"SANAYI_URETIM",2005-09-01,16.3636339123967,TRUE
"SANAYI_URETIM",2005-10-01,22.5806470902704,TRUE
"SANAYI_URETIM",2005-11-01,22.1925203664675,TRUE
"SANAYI_URETIM",2005-12-01,18.8976443847525,TRUE
"SANAYI_URETIM",2006-01-01,2.93454914789426,TRUE
"SANAYI_URETIM",2006-02-01,8.23529103875429,TRUE
"SANAYI_URETIM",2006-03-01,12.410497941143,TRUE
"SANAYI_URETIM",2006-04-01,10.1415163220062,TRUE
"SANAYI_URETIM",2006-05-01,10.2803597452844,TRUE
"SANAYI_URETIM",2006-06-01,11.0070194168789,TRUE
"SANAYI_URETIM",2006-07-01,8.4862464504514,TRUE
"SANAYI_URETIM",2006-08-01,6.54627361920308,TRUE
"SANAYI_URETIM",2006-09-01,5.35713901486756,TRUE
"SANAYI_URETIM",2006-10-01,4.16666056880528,TRUE
"SANAYI_URETIM",2006-11-01,3.50109675471262,TRUE
"SANAYI_URETIM",2006-12-01,8.16777804367745,TRUE
"SANAYI_URETIM",2007-01-01,11.8420956349557,TRUE
"SANAYI_URETIM",2007-02-01,8.2608745412573,TRUE
"SANAYI_URETIM",2007-03-01,7.64332243018684,TRUE
"SANAYI_URETIM",2007-04-01,8.99356863915708,TRUE
"SANAYI_URETIM",2007-05-01,9.74577702370993,TRUE
"SANAYI_URETIM",2007-06-01,6.96202769267735,TRUE
"SANAYI_URETIM",2007-07-01,6.55390328395122,TRUE
"SANAYI_URETIM",2007-08-01,8.47457573865267,TRUE
"SANAYI_URETIM",2007-09-01,9.32203802544191,TRUE
"SANAYI_URETIM",2007-10-01,7.78946520523003,TRUE
"SANAYI_URETIM",2007-11-01,8.66807170194774,TRUE
"SANAYI_URETIM",2007-12-01,7.75510587030379,TRUE
"SANAYI_URETIM",2008-01-01,2.15686360034604,TRUE
"SANAYI_URETIM",2008-02-01,6.62650853558813,TRUE
"SANAYI_URETIM",2008-03-01,4.73372400289462,TRUE
"SANAYI_URETIM",2008-04-01,2.94694531138922,TRUE
"SANAYI_URETIM",2008-05-01,0.772190602704903,TRUE
"SANAYI_URETIM",2008-06-01,3.55029300217098,TRUE
"SANAYI_URETIM",2008-07-01,1.9841304286738,TRUE
"SANAYI_URETIM",2008-08-01,-0.976549771308066,TRUE
"SANAYI_URETIM",2008-09-01,-1.93798789371891,TRUE
"SANAYI_URETIM",2008-10-01,-6.24999094848574,TRUE
"SANAYI_URETIM",2008-11-01,-10.1167285424837,TRUE
"SANAYI_URETIM",2008-12-01,-14.7727429121455,TRUE
"SANAYI_URETIM",2009-01-01,-19.577734960857,TRUE
"SANAYI_URETIM",2009-02-01,-19.3973602042127,TRUE
"SANAYI_URETIM",2009-03-01,-20.3389813940758,TRUE
"SANAYI_URETIM",2009-04-01,-17.9389241683171,TRUE
"SANAYI_URETIM",2009-05-01,-14.9425323276964,TRUE
"SANAYI_URETIM",2009-06-01,-12.9523803067211,TRUE
"SANAYI_URETIM",2009-07-01,-9.53307861703041,TRUE
"SANAYI_URETIM",2009-08-01,-9.4674626310349,TRUE
"SANAYI_URETIM",2009-09-01,-8.30038958060552,TRUE
"SANAYI_URETIM",2009-10-01,-1.45832963227007,TRUE
"SANAYI_URETIM",2009-11-01,6.70994865032564,TRUE
"SANAYI_URETIM",2009-12-01,4.88889115916069,TRUE
"SANAYI_URETIM",2010-01-01,11.6945168640815,TRUE
"SANAYI_URETIM",2010-02-01,11.9158868789851,TRUE
"SANAYI_URETIM",2010-03-01,15.3664385896916,TRUE
"SANAYI_URETIM",2010-04-01,14.6511604647377,TRUE
"SANAYI_URETIM",2010-05-01,13.9639657694182,TRUE
"SANAYI_URETIM",2010-06-01,11.3785522837793,TRUE
"SANAYI_URETIM",2010-07-01,10.322589184114,TRUE
"SANAYI_URETIM",2010-08-01,14.3790906689736,TRUE
"SANAYI_URETIM",2010-09-01,13.3620696543364,TRUE
"SANAYI_URETIM",2010-10-01,12.4735654484225,TRUE
"SANAYI_URETIM",2010-11-01,11.1561910362726,TRUE
"SANAYI_URETIM",2010-12-01,18.0084754083552,TRUE
"SANAYI_URETIM",2011-01-01,24.1452826580429,TRUE
"SANAYI_URETIM",2011-02-01,19.415441063215,TRUE
"SANAYI_URETIM",2011-03-01,16.8032692852655,TRUE
"SANAYI_URETIM",2011-04-01,15.4158153078391,TRUE
"SANAYI_URETIM",2011-05-01,13.6363762922214,TRUE
"SANAYI_URETIM",2011-06-01,15.1276924170627,TRUE
"SANAYI_URETIM",2011-07-01,16.374255988624,TRUE
"SANAYI_URETIM",2011-08-01,17.1428579499319,TRUE
"SANAYI_URETIM",2011-09-01,10.6463892263152,TRUE
"SANAYI_URETIM",2011-10-01,15.6015084228546,TRUE
"SANAYI_URETIM",2011-11-01,11.3138689588217,TRUE
"SANAYI_URETIM",2011-12-01,9.51526930961954,TRUE
"SANAYI_URETIM",2012-01-01,3.78658939070391,TRUE
"SANAYI_URETIM",2012-02-01,4.02097822777092,TRUE
"SANAYI_URETIM",2012-03-01,6.66667013567237,TRUE
"SANAYI_URETIM",2012-04-01,8.08437045603165,TRUE
"SANAYI_URETIM",2012-05-01,7.30434201743699,TRUE
"SANAYI_URETIM",2012-06-01,4.60752440338668,TRUE
"SANAYI_URETIM",2012-07-01,3.68509375007375,TRUE
"SANAYI_URETIM",2012-08-01,-0.813009502412521,TRUE
"SANAYI_URETIM",2012-09-01,7.21648932883423,TRUE
"SANAYI_URETIM",2012-10-01,1.62600694791499,TRUE
"SANAYI_URETIM",2012-11-01,0.983605800134391,TRUE
"SANAYI_URETIM",2012-12-01,2.45900842246731,TRUE
"SANAYI_URETIM",2013-01-01,4.14593161845584,TRUE
"SANAYI_URETIM",2013-02-01,7.73110343302041,TRUE
"SANAYI_URETIM",2013-03-01,5.26314955029492,TRUE
"SANAYI_URETIM",2013-04-01,4.8780449575651,TRUE
"SANAYI_URETIM",2013-05-01,4.70016059423835,TRUE
"SANAYI_URETIM",2013-06-01,8.64599813209754,TRUE
"SANAYI_URETIM",2013-07-01,6.94669333511262,TRUE
"SANAYI_URETIM",2013-08-01,5.57377025267403,TRUE
"SANAYI_URETIM",2013-09-01,9.13462669632983,TRUE
"SANAYI_URETIM",2013-10-01,7.84000446086421,TRUE
"SANAYI_URETIM",2013-11-01,10.0649354166754,TRUE
"SANAYI_URETIM",2013-12-01,8.00000237280012,TRUE
"SANAYI_URETIM",2014-01-01,11.4649713867195,TRUE
"SANAYI_URETIM",2014-02-01,8.26831423864962,TRUE
"SANAYI_URETIM",2014-03-01,8.4374938087646,TRUE
"SANAYI_URETIM",2014-04-01,6.66667126511624,TRUE
"SANAYI_URETIM",2014-05-01,5.10836115871429,TRUE
"SANAYI_URETIM",2014-06-01,4.05405646132611,TRUE
"SANAYI_URETIM",2014-07-01,7.25074987267369,TRUE
"SANAYI_URETIM",2014-08-01,4.8136589823166,TRUE
"SANAYI_URETIM",2014-09-01,3.67106714037009,TRUE
"SANAYI_URETIM",2014-10-01,3.56082824890593,TRUE
"SANAYI_URETIM",2014-11-01,3.6873109885923,TRUE
"SANAYI_URETIM",2014-12-01,4.14814884794517,TRUE
"SANAYI_URETIM",2015-01-01,0,TRUE
"SANAYI_URETIM",2015-02-01,0.864563413532871,TRUE
"SANAYI_URETIM",2015-03-01,4.89914637745175,TRUE
"SANAYI_URETIM",2015-04-01,6.24999326399016,TRUE
"SANAYI_URETIM",2015-05-01,7.65831898565421,TRUE
"SANAYI_URETIM",2015-06-01,6.49349593261059,TRUE
"SANAYI_URETIM",2015-07-01,3.23944654855233,TRUE
"SANAYI_URETIM",2015-08-01,11.851817757091,TRUE
"SANAYI_URETIM",2015-09-01,6.94047131041005,TRUE
"SANAYI_URETIM",2015-10-01,5.58739390467857,TRUE
"SANAYI_URETIM",2015-11-01,7.25465473206746,TRUE
"SANAYI_URETIM",2015-12-01,8.10806534735213,TRUE
"SANAYI_URETIM",2016-01-01,7.71431150032562,TRUE
"SANAYI_URETIM",2016-02-01,8.85717481730501,TRUE
"SANAYI_URETIM",2016-03-01,3.57145294372943,TRUE
"SANAYI_URETIM",2016-04-01,3.41997860706535,TRUE
"SANAYI_URETIM",2016-05-01,5.06152370644513,TRUE
"SANAYI_URETIM",2016-06-01,3.65858927308684,TRUE
"SANAYI_URETIM",2016-07-01,-2.04638815671809,TRUE
"SANAYI_URETIM",2016-08-01,2.25170545056697,TRUE
"SANAYI_URETIM",2016-09-01,-0.66224320029542,TRUE
"SANAYI_URETIM",2016-10-01,6.24155877187476,TRUE
"SANAYI_URETIM",2016-11-01,3.05037674876925,TRUE
"SANAYI_URETIM",2016-12-01,1.57900539441473,TRUE
"SANAYI_URETIM",2017-01-01,3.1830403065128,TRUE
"SANAYI_URETIM",2017-02-01,3.80578155728573,TRUE
"SANAYI_URETIM",2017-03-01,6.23341705528204,TRUE
"SANAYI_URETIM",2017-04-01,8.8623958491695,TRUE
"SANAYI_URETIM",2017-05-01,5.85939687449915,TRUE
"SANAYI_URETIM",2017-06-01,6.797370923327,TRUE
"SANAYI_URETIM",2017-07-01,13.6490216176163,TRUE
"SANAYI_URETIM",2017-08-01,8.93776299473748,TRUE
"SANAYI_URETIM",2017-09-01,13.6000031637341,TRUE
"SANAYI_URETIM",2017-10-01,9.19535440467891,TRUE
"SANAYI_URETIM",2017-11-01,10.682084521451,TRUE
"SANAYI_URETIM",2017-12-01,14.3781822303202,TRUE
"SANAYI_URETIM",2018-01-01,11.3110152731778,TRUE
"SANAYI_URETIM",2018-02-01,8.72307376469055,TRUE
"SANAYI_URETIM",2018-03-01,7.49062942319461,TRUE
"SANAYI_URETIM",2018-04-01,5.95389544396312,TRUE
"SANAYI_URETIM",2018-05-01,5.65811098970654,TRUE
"SANAYI_URETIM",2018-06-01,2.0807372522397,TRUE
"SANAYI_URETIM",2018-07-01,4.77940374675594,TRUE
"SANAYI_URETIM",2018-08-01,1.3079853674923,TRUE
"SANAYI_URETIM",2018-09-01,-3.16895585985298,TRUE
"SANAYI_URETIM",2018-10-01,-5.49707389330031,TRUE
"SANAYI_URETIM",2018-11-01,-6.27904029190963,TRUE
"SANAYI_URETIM",2018-12-01,-10.1924793568178,TRUE
"SANAYI_URETIM",2019-01-01,-6.81298018756695,TRUE
"SANAYI_URETIM",2019-02-01,-5.11626463277206,TRUE
"SANAYI_URETIM",2019-03-01,-2.32293568500465,TRUE
"SANAYI_URETIM",2019-04-01,-4.12850394772087,TRUE
"SANAYI_URETIM",2019-05-01,-1.86264041233944,TRUE
"SANAYI_URETIM",2019-06-01,-3.23743917521007,TRUE
"SANAYI_URETIM",2019-07-01,-1.28656766123073,TRUE
"SANAYI_URETIM",2019-08-01,-3.63848559905727,TRUE
"SANAYI_URETIM",2019-09-01,3.27266517467935,TRUE
"SANAYI_URETIM",2019-10-01,3.96041784629109,TRUE
"SANAYI_URETIM",2019-11-01,4.96280540871732,TRUE
"SANAYI_URETIM",2019-12-01,8.82721463475755,TRUE
"SANAYI_URETIM",2020-01-01,6.56756106121834,TRUE
"SANAYI_URETIM",2020-02-01,8.21074956927572,TRUE
"SANAYI_URETIM",2020-03-01,-1.42683702070294,TRUE
"SANAYI_URETIM",2020-04-01,-29.9042879291566,TRUE
"SANAYI_URETIM",2020-05-01,-17.5563667389402,TRUE
"SANAYI_URETIM",2020-06-01,-0.371668991320673,TRUE
"SANAYI_URETIM",2020-07-01,5.68723626884828,TRUE
"SANAYI_URETIM",2020-08-01,10.3532737544199,TRUE
"SANAYI_URETIM",2020-09-01,8.56806919275699,TRUE
"SANAYI_URETIM",2020-10-01,10.3571646103286,TRUE
"SANAYI_URETIM",2020-11-01,10.9928645991738,TRUE
"SANAYI_URETIM",2020-12-01,9.38586097776617,TRUE
"SANAYI_URETIM",2021-01-01,12.3256289171253,TRUE
"SANAYI_URETIM",2021-02-01,9.73951759656511,TRUE
"SANAYI_URETIM",2021-03-01,17.0084364635547,TRUE
"SANAYI_URETIM",2021-04-01,64.8464696309544,TRUE
"SANAYI_URETIM",2021-05-01,42.1582429245698,TRUE
"SANAYI_URETIM",2021-06-01,24.0049470205822,TRUE
"SANAYI_URETIM",2021-07-01,9.64124535419508,TRUE
"SANAYI_URETIM",2021-08-01,13.2450190203691,TRUE
"SANAYI_URETIM",2021-09-01,9.40542906408244,TRUE
"SANAYI_URETIM",2021-10-01,9.92441821865684,TRUE
"SANAYI_URETIM",2021-11-01,12.1405422820827,TRUE
"SANAYI_URETIM",2021-12-01,12.0762394008302,TRUE
"SANAYI_URETIM",2022-01-01,6.10762493619341,TRUE
"SANAYI_URETIM",2022-02-01,11.9711358192851,TRUE
"SANAYI_URETIM",2022-03-01,7.73193472658904,TRUE
"SANAYI_URETIM",2022-04-01,9.62729271971538,TRUE
"SANAYI_URETIM",2022-05-01,7.28749041228307,TRUE
"SANAYI_URETIM",2022-06-01,7.72312676450202,TRUE
"SANAYI_URETIM",2022-07-01,2.14724158950921,TRUE
"SANAYI_URETIM",2022-08-01,0.682237681779485,TRUE
"SANAYI_URETIM",2022-09-01,0.0988422487967267,TRUE
"SANAYI_URETIM",2022-10-01,2.45342701898721,TRUE
"SANAYI_URETIM",2022-11-01,-1.51940646182577,TRUE
"SANAYI_URETIM",2022-12-01,-0.0944747017353698,TRUE
"SANAYI_URETIM",2023-01-01,4.19515413435112,TRUE
"SANAYI_URETIM",2023-02-01,-7.92626003758755,TRUE
"SANAYI_URETIM",2023-03-01,1.53110930565066,TRUE
"SANAYI_URETIM",2023-04-01,-0.755433816043571,TRUE
"SANAYI_URETIM",2023-05-01,0.754720940725484,TRUE
"SANAYI_URETIM",2023-06-01,1.02422303000176,TRUE
"SANAYI_URETIM",2023-07-01,8.50854580636828,TRUE
"SANAYI_URETIM",2023-08-01,3.67864408142289,TRUE
"SANAYI_URETIM",2023-09-01,5.72557918237382,TRUE
"SANAYI_URETIM",2023-10-01,2.10723765001344,TRUE
"SANAYI_URETIM",2023-11-01,1.54284860319895,TRUE
"SANAYI_URETIM",2023-12-01,2.45978748345304,TRUE
"SANAYI_URETIM",2024-01-01,1.59172519516442,TRUE
"SANAYI_URETIM",2024-02-01,11.7116923197966,TRUE
"SANAYI_URETIM",2024-03-01,4.80682208119041,TRUE
"TUKETICI_GUVEN",2012-01-01,92.49930501,TRUE
"TUKETICI_GUVEN",2012-02-01,93.80051724,TRUE
"TUKETICI_GUVEN",2012-03-01,93.18602026,TRUE
"TUKETICI_GUVEN",2012-04-01,88.70760776,TRUE
"TUKETICI_GUVEN",2012-05-01,91.93473688,TRUE
"TUKETICI_GUVEN",2012-06-01,91.41701782,TRUE
"TUKETICI_GUVEN",2012-07-01,92.49644026,TRUE
"TUKETICI_GUVEN",2012-08-01,90.28247728,TRUE
"TUKETICI_GUVEN",2012-09-01,89.01882956,TRUE
"TUKETICI_GUVEN",2012-10-01,84.86560036,TRUE
"TUKETICI_GUVEN",2012-11-01,89.88361965,TRUE
"TUKETICI_GUVEN",2012-12-01,89.06822063,TRUE
"TUKETICI_GUVEN",2013-01-01,91.51709657,TRUE
"TUKETICI_GUVEN",2013-02-01,91.75975,TRUE
"TUKETICI_GUVEN",2013-03-01,92.0565,TRUE
"TUKETICI_GUVEN",2013-04-01,92.70698787,TRUE
"TUKETICI_GUVEN",2013-05-01,95.526,TRUE
"TUKETICI_GUVEN",2013-06-01,94.69725,TRUE
"TUKETICI_GUVEN",2013-07-01,96.538,TRUE
"TUKETICI_GUVEN",2013-08-01,95.28775,TRUE
"TUKETICI_GUVEN",2013-09-01,91.4275,TRUE
"TUKETICI_GUVEN",2013-10-01,93.339,TRUE
"TUKETICI_GUVEN",2013-11-01,96.7755,TRUE
"TUKETICI_GUVEN",2013-12-01,94.15975,TRUE
"TUKETICI_GUVEN",2014-01-01,91.53852611,TRUE
"TUKETICI_GUVEN",2014-02-01,89.21453175,TRUE
"TUKETICI_GUVEN",2014-03-01,92.42525093,TRUE
"TUKETICI_GUVEN",2014-04-01,97.36987315,TRUE
"TUKETICI_GUVEN",2014-05-01,95.11074805,TRUE
"TUKETICI_GUVEN",2014-06-01,93.49903306,TRUE
"TUKETICI_GUVEN",2014-07-01,93.72541877,TRUE
"TUKETICI_GUVEN",2014-08-01,93.6484471,TRUE
"TUKETICI_GUVEN",2014-09-01,94.01860978,TRUE
"TUKETICI_GUVEN",2014-10-01,91.42706088,TRUE
"TUKETICI_GUVEN",2014-11-01,90.87378969,TRUE
"TUKETICI_GUVEN",2014-12-01,90.15420247,TRUE
"TUKETICI_GUVEN",2015-01-01,89.34781946,TRUE
"TUKETICI_GUVEN",2015-02-01,88.79512567,TRUE
"TUKETICI_GUVEN",2015-03-01,86.48973828,TRUE
"TUKETICI_GUVEN",2015-04-01,87.4218562,TRUE
"TUKETICI_GUVEN",2015-05-01,86.79943005,TRUE
"TUKETICI_GUVEN",2015-06-01,89.62664021,TRUE
"TUKETICI_GUVEN",2015-07-01,88.23777123,TRUE
"TUKETICI_GUVEN",2015-08-01,85.19583541,TRUE
"TUKETICI_GUVEN",2015-09-01,82.15391598,TRUE
"TUKETICI_GUVEN",2015-10-01,86.03619339,TRUE
"TUKETICI_GUVEN",2015-11-01,95.15385967,TRUE
"TUKETICI_GUVEN",2015-12-01,93.34194317,TRUE
"TUKETICI_GUVEN",2016-01-01,91.94618912,TRUE
"TUKETICI_GUVEN",2016-02-01,89.68277974,TRUE
"TUKETICI_GUVEN",2016-03-01,89.86856283,TRUE
"TUKETICI_GUVEN",2016-04-01,91.24925912,TRUE
"TUKETICI_GUVEN",2016-05-01,91.69577383,TRUE
"TUKETICI_GUVEN",2016-06-01,92.00708656,TRUE
"TUKETICI_GUVEN",2016-07-01,89.65780433,TRUE
"TUKETICI_GUVEN",2016-08-01,95.16622045,TRUE
"TUKETICI_GUVEN",2016-09-01,94.77673501,TRUE
"TUKETICI_GUVEN",2016-10-01,95.02017291,TRUE
"TUKETICI_GUVEN",2016-11-01,91.40910273,TRUE
"TUKETICI_GUVEN",2016-12-01,87.00704722,TRUE
"TUKETICI_GUVEN",2017-01-01,88.38577383,TRUE
"TUKETICI_GUVEN",2017-02-01,87.63446247,TRUE
"TUKETICI_GUVEN",2017-03-01,89.89268569,TRUE
"TUKETICI_GUVEN",2017-04-01,91.95329234,TRUE
"TUKETICI_GUVEN",2017-05-01,94.22008486,TRUE
"TUKETICI_GUVEN",2017-06-01,92.67384966,TRUE
"TUKETICI_GUVEN",2017-07-01,93.21031619,TRUE
"TUKETICI_GUVEN",2017-08-01,93.49159227,TRUE
"TUKETICI_GUVEN",2017-09-01,92.00099804,TRUE
"TUKETICI_GUVEN",2017-10-01,89.59682333,TRUE
"TUKETICI_GUVEN",2017-11-01,87.35353412,TRUE
"TUKETICI_GUVEN",2017-12-01,87.80834831,TRUE
"TUKETICI_GUVEN",2018-01-01,92.38315817,TRUE
"TUKETICI_GUVEN",2018-02-01,92.97420649,TRUE
"TUKETICI_GUVEN",2018-03-01,92.27549812,TRUE
"TUKETICI_GUVEN",2018-04-01,91.65107817,TRUE
"TUKETICI_GUVEN",2018-05-01,90.94874696,TRUE
"TUKETICI_GUVEN",2018-06-01,91.05238239,TRUE
"TUKETICI_GUVEN",2018-07-01,92.92046998,TRUE
"TUKETICI_GUVEN",2018-08-01,88.70138173,TRUE
"TUKETICI_GUVEN",2018-09-01,81.14839561,TRUE
"TUKETICI_GUVEN",2018-10-01,78.41815398,TRUE
"TUKETICI_GUVEN",2018-11-01,80.94738021,TRUE
"TUKETICI_GUVEN",2018-12-01,79.66066557,TRUE
"TUKETICI_GUVEN",2019-01-01,80.11330377,TRUE
"TUKETICI_GUVEN",2019-02-01,78.79038966,TRUE
"TUKETICI_GUVEN",2019-03-01,81.10049382,TRUE
"TUKETICI_GUVEN",2019-04-01,83.61170614,TRUE
"TUKETICI_GUVEN",2019-05-01,77.04567514,TRUE
"TUKETICI_GUVEN",2019-06-01,80.09404011,TRUE
"TUKETICI_GUVEN",2019-07-01,78.93809794,TRUE
"TUKETICI_GUVEN",2019-08-01,79.60414532,TRUE
"TUKETICI_GUVEN",2019-09-01,77.63885503,TRUE
"TUKETICI_GUVEN",2019-10-01,78.17048933,TRUE
"TUKETICI_GUVEN",2019-11-01,81.24018395,TRUE
"TUKETICI_GUVEN",2019-12-01,80.48867194,TRUE
"TUKETICI_GUVEN",2020-01-01,81.11781199,TRUE
"TUKETICI_GUVEN",2020-02-01,79.29114811,TRUE
"TUKETICI_GUVEN",2020-03-01,80.9837989,TRUE
"TUKETICI_GUVEN",2020-04-01,78.17727508,TRUE
"TUKETICI_GUVEN",2020-05-01,82.85047469,TRUE
"TUKETICI_GUVEN",2020-06-01,82.97922262,TRUE
"TUKETICI_GUVEN",2020-07-01,82.82247177,TRUE
"TUKETICI_GUVEN",2020-08-01,79.77182328,TRUE
"TUKETICI_GUVEN",2020-09-01,81.90815673,TRUE
"TUKETICI_GUVEN",2020-10-01,81.54335148,TRUE
"TUKETICI_GUVEN",2020-11-01,79.9841112,TRUE
"TUKETICI_GUVEN",2020-12-01,79.79660143,TRUE
"TUKETICI_GUVEN",2021-01-01,82.86952357,TRUE
"TUKETICI_GUVEN",2021-02-01,84.10742231,TRUE
"TUKETICI_GUVEN",2021-03-01,86.62952308,TRUE
"TUKETICI_GUVEN",2021-04-01,80.25356807,TRUE
"TUKETICI_GUVEN",2021-05-01,77.52774271,TRUE
"TUKETICI_GUVEN",2021-06-01,81.9708423,TRUE
"TUKETICI_GUVEN",2021-07-01,80.09376671,TRUE
"TUKETICI_GUVEN",2021-08-01,78.49322864,TRUE
"TUKETICI_GUVEN",2021-09-01,79.60433638,TRUE
"TUKETICI_GUVEN",2021-10-01,76.46037543,TRUE
"TUKETICI_GUVEN",2021-11-01,70.84798367,TRUE
"TUKETICI_GUVEN",2021-12-01,68.51105049,TRUE
"TUKETICI_GUVEN",2022-01-01,72.74467146,TRUE
"TUKETICI_GUVEN",2022-02-01,70.76649429,TRUE
"TUKETICI_GUVEN",2022-03-01,72.56592991,TRUE
"TUKETICI_GUVEN",2022-04-01,67.28,TRUE
"TUKETICI_GUVEN",2022-05-01,67.76,TRUE
"TUKETICI_GUVEN",2022-06-01,63.41,TRUE
"TUKETICI_GUVEN",2022-07-01,68.51,TRUE
"TUKETICI_GUVEN",2022-08-01,72.73,TRUE
"TUKETICI_GUVEN",2022-09-01,72.87,TRUE
"TUKETICI_GUVEN",2022-10-01,76.25,TRUE
"TUKETICI_GUVEN",2022-11-01,76.58,TRUE
"TUKETICI_GUVEN",2022-12-01,75.38,TRUE
"TUKETICI_GUVEN",2023-01-01,79.1,TRUE
"TUKETICI_GUVEN",2023-02-01,82.5,TRUE
"TUKETICI_GUVEN",2023-03-01,80.13,TRUE
"TUKETICI_GUVEN",2023-04-01,87.52,TRUE
"TUKETICI_GUVEN",2023-05-01,91.06,TRUE
"TUKETICI_GUVEN",2023-06-01,85.13,TRUE
"TUKETICI_GUVEN",2023-07-01,80.07,TRUE
"TUKETICI_GUVEN",2023-08-01,68.01,TRUE
"TUKETICI_GUVEN",2023-09-01,71.47,TRUE
"TUKETICI_GUVEN",2023-10-01,74.62,TRUE
"TUKETICI_GUVEN",2023-11-01,75.47,TRUE
"TUKETICI_GUVEN",2023-12-01,77.42,TRUE
"TUKETICI_GUVEN",2024-01-01,80.42310949,TRUE
"TUKETICI_GUVEN",2024-02-01,79.34287272,TRUE
"TUKETICI_GUVEN",2024-03-01,79.35478993,TRUE
"TUKETICI_GUVEN",2024-04-01,80.46085072,TRUE
"TUKETICI_GUVEN",2024-05-01,80.50803678,TRUE
"TUKETICI_GUVEN",2024-06-01,78.30087847,TRUE
"TUKETICI_GUVEN",2024-07-01,75.87954525,TRUE
"TUKETICI_GUVEN",2024-08-01,76.36547339,TRUE
"TUKETICI_GUVEN",2024-09-01,78.22093197,TRUE
"TUKETICI_GUVEN",2024-10-01,80.55364561,TRUE
"TUKETICI_GUVEN",2024-11-01,79.77236914,TRUE
"TUKETICI_GUVEN",2024-12-01,81.27129334,TRUE
"TUKETICI_GUVEN",2025-01-01,80.96201449,TRUE
"TUKETICI_GUVEN",2025-02-01,82.07125469,TRUE
"TUKETICI_GUVEN",2025-03-01,85.85941588,TRUE
"TUKETICI_GUVEN",2025-04-01,83.86290602,TRUE
"TUKETICI_GUVEN",2025-05-01,84.79218744,TRUE
"TUKETICI_GUVEN",2025-06-01,85.06417614,TRUE
"TUKETICI_GUVEN",2025-07-01,83.51878976,TRUE
"TUKETICI_GUVEN",2025-08-01,84.2505225,TRUE
"TUKETICI_GUVEN",2025-09-01,83.87427161,TRUE
"TUKETICI_GUVEN",2025-10-01,83.62820392,TRUE
"TUKETICI_GUVEN",2025-11-01,84.98021374,TRUE
"TUKETICI_GUVEN",2025-12-01,83.48995007,TRUE
"TUKETICI_GUVEN",2026-01-01,83.72307474,TRUE
"TUKETICI_GUVEN",2026-02-01,85.68983532,TRUE
"TUKETICI_GUVEN",2026-03-01,85.04365043,TRUE
"TUKETICI_GUVEN",2026-04-01,85.50276007,TRUE
"TUKETICI_GUVEN",2026-05-01,85.7554237,TRUE
"TUKETICI_GUVEN",2026-06-01,87.93244877,TRUE
"TUKETICI_GUVEN",2026-07-01,89.82971678,TRUE
"TUKETICI_GUVEN",2026-08-01,90.76532875,TRUE
"TUKETICI_GUVEN",2026-09-01,91.92256544,TRUE
"REEL_KESIM_GUVEN",2007-01-01,115.5,TRUE
"REEL_KESIM_GUVEN",2007-02-01,113.9,TRUE
"REEL_KESIM_GUVEN",2007-03-01,115.5,TRUE
"REEL_KESIM_GUVEN",2007-04-01,121,TRUE
"REEL_KESIM_GUVEN",2007-05-01,111.8,TRUE
"REEL_KESIM_GUVEN",2007-06-01,112.9,TRUE
"REEL_KESIM_GUVEN",2007-07-01,113.9,TRUE
"REEL_KESIM_GUVEN",2007-08-01,114.2,TRUE
"REEL_KESIM_GUVEN",2007-09-01,109.5,TRUE
"REEL_KESIM_GUVEN",2007-10-01,103.9,TRUE
"REEL_KESIM_GUVEN",2007-11-01,103.7,TRUE
"REEL_KESIM_GUVEN",2007-12-01,103.4,TRUE
"REEL_KESIM_GUVEN",2008-01-01,106.7,TRUE
"REEL_KESIM_GUVEN",2008-02-01,106.3,TRUE
"REEL_KESIM_GUVEN",2008-03-01,106.1,TRUE
"REEL_KESIM_GUVEN",2008-04-01,105.1,TRUE
"REEL_KESIM_GUVEN",2008-05-01,104.4,TRUE
"REEL_KESIM_GUVEN",2008-06-01,101.4,TRUE
"REEL_KESIM_GUVEN",2008-07-01,97.9,TRUE
"REEL_KESIM_GUVEN",2008-08-01,97.3,TRUE
"REEL_KESIM_GUVEN",2008-09-01,88.4,TRUE
"REEL_KESIM_GUVEN",2008-10-01,69.6,TRUE
"REEL_KESIM_GUVEN",2008-11-01,54,TRUE
"REEL_KESIM_GUVEN",2008-12-01,52.6,TRUE
"REEL_KESIM_GUVEN",2009-01-01,60.1,TRUE
"REEL_KESIM_GUVEN",2009-02-01,65.2,TRUE
"REEL_KESIM_GUVEN",2009-03-01,69.9,TRUE
"REEL_KESIM_GUVEN",2009-04-01,86.7,TRUE
"REEL_KESIM_GUVEN",2009-05-01,99,TRUE
"REEL_KESIM_GUVEN",2009-06-01,100,TRUE
"REEL_KESIM_GUVEN",2009-07-01,100.4,TRUE
"REEL_KESIM_GUVEN",2009-08-01,98.4,TRUE
"REEL_KESIM_GUVEN",2009-09-01,96,TRUE
"REEL_KESIM_GUVEN",2009-10-01,91.1,TRUE
"REEL_KESIM_GUVEN",2009-11-01,90.7,TRUE
"REEL_KESIM_GUVEN",2009-12-01,90.1,TRUE
"REEL_KESIM_GUVEN",2010-01-01,102.3,TRUE
"REEL_KESIM_GUVEN",2010-02-01,103.5,TRUE
"REEL_KESIM_GUVEN",2010-03-01,110.4,TRUE
"REEL_KESIM_GUVEN",2010-04-01,119.2,TRUE
"REEL_KESIM_GUVEN",2010-05-01,114,TRUE
"REEL_KESIM_GUVEN",2010-06-01,111.1,TRUE
"REEL_KESIM_GUVEN",2010-07-01,109.9,TRUE
"REEL_KESIM_GUVEN",2010-08-01,109.1,TRUE
"REEL_KESIM_GUVEN",2010-09-01,109.4,TRUE
"REEL_KESIM_GUVEN",2010-10-01,105.4,TRUE
"REEL_KESIM_GUVEN",2010-11-01,106.8,TRUE
"REEL_KESIM_GUVEN",2010-12-01,106.5,TRUE
"REEL_KESIM_GUVEN",2011-01-01,113,TRUE
"REEL_KESIM_GUVEN",2011-02-01,111.2,TRUE
"REEL_KESIM_GUVEN",2011-03-01,114.5,TRUE
"REEL_KESIM_GUVEN",2011-04-01,117,TRUE
"REEL_KESIM_GUVEN",2011-05-01,117.9,TRUE
"REEL_KESIM_GUVEN",2011-06-01,115.3,TRUE
"REEL_KESIM_GUVEN",2011-07-01,112.6,TRUE
"REEL_KESIM_GUVEN",2011-08-01,109.3,TRUE
"REEL_KESIM_GUVEN",2011-09-01,111.6,TRUE
"REEL_KESIM_GUVEN",2011-10-01,101.6,TRUE
"REEL_KESIM_GUVEN",2011-11-01,102.4,TRUE
"REEL_KESIM_GUVEN",2011-12-01,99.3,TRUE
"REEL_KESIM_GUVEN",2012-01-01,102,TRUE
"REEL_KESIM_GUVEN",2012-02-01,108.7,TRUE
"REEL_KESIM_GUVEN",2012-03-01,112.6,TRUE
"REEL_KESIM_GUVEN",2012-04-01,115.4,TRUE
"REEL_KESIM_GUVEN",2012-05-01,114.3,TRUE
"REEL_KESIM_GUVEN",2012-06-01,108.1,TRUE
"REEL_KESIM_GUVEN",2012-07-01,109.1,TRUE
"REEL_KESIM_GUVEN",2012-08-01,105.7,TRUE
"REEL_KESIM_GUVEN",2012-09-01,103,TRUE
"REEL_KESIM_GUVEN",2012-10-01,100.8,TRUE
"REEL_KESIM_GUVEN",2012-11-01,101.9,TRUE
"REEL_KESIM_GUVEN",2012-12-01,97.6,TRUE
"REEL_KESIM_GUVEN",2013-01-01,101.9,TRUE
"REEL_KESIM_GUVEN",2013-02-01,105.9,TRUE
"REEL_KESIM_GUVEN",2013-03-01,111.9,TRUE
"REEL_KESIM_GUVEN",2013-04-01,111.5,TRUE
"REEL_KESIM_GUVEN",2013-05-01,114.3,TRUE
"REEL_KESIM_GUVEN",2013-06-01,114.2,TRUE
"REEL_KESIM_GUVEN",2013-07-01,109,TRUE
"REEL_KESIM_GUVEN",2013-08-01,106.8,TRUE
"REEL_KESIM_GUVEN",2013-09-01,104.7,TRUE
"REEL_KESIM_GUVEN",2013-10-01,103.9,TRUE
"REEL_KESIM_GUVEN",2013-11-01,98.7,TRUE
"REEL_KESIM_GUVEN",2013-12-01,96.7,TRUE
"REEL_KESIM_GUVEN",2014-01-01,95.8,TRUE
"REEL_KESIM_GUVEN",2014-02-01,99.2,TRUE
"REEL_KESIM_GUVEN",2014-03-01,106.4,TRUE
"REEL_KESIM_GUVEN",2014-04-01,110.6,TRUE
"REEL_KESIM_GUVEN",2014-05-01,113.5,TRUE
"REEL_KESIM_GUVEN",2014-06-01,110.4,TRUE
"REEL_KESIM_GUVEN",2014-07-01,107.3,TRUE
"REEL_KESIM_GUVEN",2014-08-01,103.9,TRUE
"REEL_KESIM_GUVEN",2014-09-01,104.5,TRUE
"REEL_KESIM_GUVEN",2014-10-01,105.3,TRUE
"REEL_KESIM_GUVEN",2014-11-01,99.2,TRUE
"REEL_KESIM_GUVEN",2014-12-01,98.5,TRUE
"REEL_KESIM_GUVEN",2015-01-01,101.7,TRUE
"REEL_KESIM_GUVEN",2015-02-01,103.7,TRUE
"REEL_KESIM_GUVEN",2015-03-01,103,TRUE
"REEL_KESIM_GUVEN",2015-04-01,109.7,TRUE
"REEL_KESIM_GUVEN",2015-05-01,111.3,TRUE
"REEL_KESIM_GUVEN",2015-06-01,105.6,TRUE
"REEL_KESIM_GUVEN",2015-07-01,104.8,TRUE
"REEL_KESIM_GUVEN",2015-08-01,102.9,TRUE
"REEL_KESIM_GUVEN",2015-09-01,98.2,TRUE
"REEL_KESIM_GUVEN",2015-10-01,97.7,TRUE
"REEL_KESIM_GUVEN",2015-11-01,102.6,TRUE
"REEL_KESIM_GUVEN",2015-12-01,100.4,TRUE
"REEL_KESIM_GUVEN",2016-01-01,103.2,TRUE
"REEL_KESIM_GUVEN",2016-02-01,104.6,TRUE
"REEL_KESIM_GUVEN",2016-03-01,107.2,TRUE
"REEL_KESIM_GUVEN",2016-04-01,110.5,TRUE
"REEL_KESIM_GUVEN",2016-05-01,110.2,TRUE
"REEL_KESIM_GUVEN",2016-06-01,107.7,TRUE
"REEL_KESIM_GUVEN",2016-07-01,108,TRUE
"REEL_KESIM_GUVEN",2016-08-01,102.2,TRUE
"REEL_KESIM_GUVEN",2016-09-01,106.1,TRUE
"REEL_KESIM_GUVEN",2016-10-01,101,TRUE
"REEL_KESIM_GUVEN",2016-11-01,103.5,TRUE
"REEL_KESIM_GUVEN",2016-12-01,97.6,TRUE
"REEL_KESIM_GUVEN",2017-01-01,97.1,TRUE
"REEL_KESIM_GUVEN",2017-02-01,105.9,TRUE
"REEL_KESIM_GUVEN",2017-03-01,108.9,TRUE
"REEL_KESIM_GUVEN",2017-04-01,111.2,TRUE
"REEL_KESIM_GUVEN",2017-05-01,109.2,TRUE
"REEL_KESIM_GUVEN",2017-06-01,112.4,TRUE
"REEL_KESIM_GUVEN",2017-07-01,109.5,TRUE
"REEL_KESIM_GUVEN",2017-08-01,110.7,TRUE
"REEL_KESIM_GUVEN",2017-09-01,111.6,TRUE
"REEL_KESIM_GUVEN",2017-10-01,109.5,TRUE
"REEL_KESIM_GUVEN",2017-11-01,106.3,TRUE
"REEL_KESIM_GUVEN",2017-12-01,103.3,TRUE
"REEL_KESIM_GUVEN",2018-01-01,108.3,TRUE
"REEL_KESIM_GUVEN",2018-02-01,110.8,TRUE
"REEL_KESIM_GUVEN",2018-03-01,111.9,TRUE
"REEL_KESIM_GUVEN",2018-04-01,111.2,TRUE
"REEL_KESIM_GUVEN",2018-05-01,109.9,TRUE
"REEL_KESIM_GUVEN",2018-06-01,104.6,TRUE
"REEL_KESIM_GUVEN",2018-07-01,102.7,TRUE
"REEL_KESIM_GUVEN",2018-08-01,96.4,TRUE
"REEL_KESIM_GUVEN",2018-09-01,89.6,TRUE
"REEL_KESIM_GUVEN",2018-10-01,87.6,TRUE
"REEL_KESIM_GUVEN",2018-11-01,92.8,TRUE
"REEL_KESIM_GUVEN",2018-12-01,91.5,TRUE
"REEL_KESIM_GUVEN",2019-01-01,93,TRUE
"REEL_KESIM_GUVEN",2019-02-01,97.2,TRUE
"REEL_KESIM_GUVEN",2019-03-01,102.1,TRUE
"REEL_KESIM_GUVEN",2019-04-01,105.5,TRUE
"REEL_KESIM_GUVEN",2019-05-01,98.9,TRUE
"REEL_KESIM_GUVEN",2019-06-01,102.5,TRUE
"REEL_KESIM_GUVEN",2019-07-01,98.3,TRUE
"REEL_KESIM_GUVEN",2019-08-01,102.5,TRUE
"REEL_KESIM_GUVEN",2019-09-01,98.8,TRUE
"REEL_KESIM_GUVEN",2019-10-01,100.9,TRUE
"REEL_KESIM_GUVEN",2019-11-01,102,TRUE
"REEL_KESIM_GUVEN",2019-12-01,103.6,TRUE
"REEL_KESIM_GUVEN",2020-01-01,104.1,TRUE
"REEL_KESIM_GUVEN",2020-02-01,106.9,TRUE
"REEL_KESIM_GUVEN",2020-03-01,99.7,TRUE
"REEL_KESIM_GUVEN",2020-04-01,66.8,TRUE
"REEL_KESIM_GUVEN",2020-05-01,76.9,TRUE
"REEL_KESIM_GUVEN",2020-06-01,92.6,TRUE
"REEL_KESIM_GUVEN",2020-07-01,100.7,TRUE
"REEL_KESIM_GUVEN",2020-08-01,106.2,TRUE
"REEL_KESIM_GUVEN",2020-09-01,105.3,TRUE
"REEL_KESIM_GUVEN",2020-10-01,108.1,TRUE
"REEL_KESIM_GUVEN",2020-11-01,103.9,TRUE
"REEL_KESIM_GUVEN",2020-12-01,106.8,TRUE
"REEL_KESIM_GUVEN",2021-01-01,107,TRUE
"REEL_KESIM_GUVEN",2021-02-01,109.3,TRUE
"REEL_KESIM_GUVEN",2021-03-01,110.8,TRUE
"REEL_KESIM_GUVEN",2021-04-01,111,TRUE
"REEL_KESIM_GUVEN",2021-05-01,110.3,TRUE
"REEL_KESIM_GUVEN",2021-06-01,113,TRUE
"REEL_KESIM_GUVEN",2021-07-01,114.8,TRUE
"REEL_KESIM_GUVEN",2021-08-01,113.9,TRUE
"REEL_KESIM_GUVEN",2021-09-01,113.4,TRUE
"REEL_KESIM_GUVEN",2021-10-01,109.6,TRUE
"REEL_KESIM_GUVEN",2021-11-01,108.4,TRUE
"REEL_KESIM_GUVEN",2021-12-01,106.1,TRUE
"REEL_KESIM_GUVEN",2022-01-01,109.5,TRUE
"REEL_KESIM_GUVEN",2022-02-01,109.8,TRUE
"REEL_KESIM_GUVEN",2022-03-01,108.5,TRUE
"REEL_KESIM_GUVEN",2022-04-01,109.7,TRUE
"REEL_KESIM_GUVEN",2022-05-01,109.4,TRUE
"REEL_KESIM_GUVEN",2022-06-01,106.4,TRUE
"REEL_KESIM_GUVEN",2022-07-01,103.7,TRUE
"REEL_KESIM_GUVEN",2022-08-01,102.1,TRUE
"REEL_KESIM_GUVEN",2022-09-01,99.9,TRUE
"REEL_KESIM_GUVEN",2022-10-01,100.3,TRUE
"REEL_KESIM_GUVEN",2022-11-01,97.9,TRUE
"REEL_KESIM_GUVEN",2022-12-01,97.8,TRUE
"REEL_KESIM_GUVEN",2023-01-01,101.7,TRUE
"REEL_KESIM_GUVEN",2023-02-01,102.4,TRUE
"REEL_KESIM_GUVEN",2023-03-01,105.2,TRUE
"REEL_KESIM_GUVEN",2023-04-01,108,TRUE
"REEL_KESIM_GUVEN",2023-05-01,108.3,TRUE
"REEL_KESIM_GUVEN",2023-06-01,108.2,TRUE
"REEL_KESIM_GUVEN",2023-07-01,106.8,TRUE
"REEL_KESIM_GUVEN",2023-08-01,105,TRUE
"REEL_KESIM_GUVEN",2023-09-01,104.4,TRUE
"REEL_KESIM_GUVEN",2023-10-01,103.3,TRUE
"REEL_KESIM_GUVEN",2023-11-01,100.2,TRUE
"REEL_KESIM_GUVEN",2023-12-01,99.1,TRUE
"REEL_KESIM_GUVEN",2024-01-01,100.9,TRUE
"REEL_KESIM_GUVEN",2024-02-01,101.5,TRUE
"REEL_KESIM_GUVEN",2024-03-01,104.4,TRUE
"REEL_KESIM_GUVEN",2024-04-01,106.1,TRUE
"REEL_KESIM_GUVEN",2024-05-01,105.4,TRUE
"REEL_KESIM_GUVEN",2024-06-01,102.8,TRUE
"REEL_KESIM_GUVEN",2024-07-01,100.3,TRUE
"REEL_KESIM_GUVEN",2024-08-01,98.5,TRUE
"REEL_KESIM_GUVEN",2024-09-01,98.8,TRUE
"REEL_KESIM_GUVEN",2024-10-01,100.9,TRUE
"REEL_KESIM_GUVEN",2024-11-01,100.4,TRUE
"REEL_KESIM_GUVEN",2024-12-01,99.1,TRUE
"REEL_KESIM_GUVEN",2025-01-01,100.9,TRUE
"REEL_KESIM_GUVEN",2025-02-01,102.4,TRUE
"REEL_KESIM_GUVEN",2025-03-01,104.1,TRUE
"REEL_KESIM_GUVEN",2025-04-01,103.2,TRUE
"REEL_KESIM_GUVEN",2025-05-01,101.4,TRUE
"REEL_KESIM_GUVEN",2025-06-01,100.3,TRUE
"REEL_KESIM_GUVEN",2025-07-01,100.2,TRUE
"REEL_KESIM_GUVEN",2025-08-01,100.6,TRUE
"REEL_KESIM_GUVEN",2025-09-01,100.2,TRUE
"REEL_KESIM_GUVEN",2025-10-01,100.8,TRUE
"REEL_KESIM_GUVEN",2025-11-01,100.8,TRUE
"REEL_KESIM_GUVEN",2025-12-01,100.8,TRUE
"REEL_KESIM_GUVEN",2026-01-01,101.6,TRUE
"REEL_KESIM_GUVEN",2026-02-01,104.1,TRUE
"REEL_KESIM_GUVEN",2026-03-01,101,TRUE
"REEL_KESIM_GUVEN",2026-04-01,100.6,TRUE
"REEL_KESIM_GUVEN",2026-05-01,103.3,TRUE
"REEL_KESIM_GUVEN",2026-06-01,103.5,TRUE
"REEL_KESIM_GUVEN",2026-07-01,102.2,TRUE
"REEL_KESIM_GUVEN",2026-08-01,102.8,TRUE
"REEL_KESIM_GUVEN",2026-09-01,102,TRUE
"KAPASITE_KULLANIM",2007-01-01,80.4,TRUE
"KAPASITE_KULLANIM",2007-02-01,78.7,TRUE
"KAPASITE_KULLANIM",2007-03-01,81,TRUE
"KAPASITE_KULLANIM",2007-04-01,82.1,TRUE
"KAPASITE_KULLANIM",2007-05-01,82.8,TRUE
"KAPASITE_KULLANIM",2007-06-01,83.8,TRUE
"KAPASITE_KULLANIM",2007-07-01,84.1,TRUE
"KAPASITE_KULLANIM",2007-08-01,81.8,TRUE
"KAPASITE_KULLANIM",2007-09-01,82.9,TRUE
"KAPASITE_KULLANIM",2007-10-01,83,TRUE
"KAPASITE_KULLANIM",2007-11-01,82.5,TRUE
"KAPASITE_KULLANIM",2007-12-01,80.7,TRUE
"KAPASITE_KULLANIM",2008-01-01,79.9,TRUE
"KAPASITE_KULLANIM",2008-02-01,79.3,TRUE
"KAPASITE_KULLANIM",2008-03-01,78.2,TRUE
"KAPASITE_KULLANIM",2008-04-01,80.1,TRUE
"KAPASITE_KULLANIM",2008-05-01,80.8,TRUE
"KAPASITE_KULLANIM",2008-06-01,82.2,TRUE
"KAPASITE_KULLANIM",2008-07-01,81.6,TRUE
"KAPASITE_KULLANIM",2008-08-01,81.9,TRUE
"KAPASITE_KULLANIM",2008-09-01,79.6,TRUE
"KAPASITE_KULLANIM",2008-10-01,77.9,TRUE
"KAPASITE_KULLANIM",2008-11-01,74,TRUE
"KAPASITE_KULLANIM",2008-12-01,66.7,TRUE
"KAPASITE_KULLANIM",2009-01-01,62.6,TRUE
"KAPASITE_KULLANIM",2009-02-01,62.2,TRUE
"KAPASITE_KULLANIM",2009-03-01,60.8,TRUE
"KAPASITE_KULLANIM",2009-04-01,61.2,TRUE
"KAPASITE_KULLANIM",2009-05-01,65.7,TRUE
"KAPASITE_KULLANIM",2009-06-01,70.4,TRUE
"KAPASITE_KULLANIM",2009-07-01,69.8,TRUE
"KAPASITE_KULLANIM",2009-08-01,71.5,TRUE
"KAPASITE_KULLANIM",2009-09-01,69.4,TRUE
"KAPASITE_KULLANIM",2009-10-01,69.5,TRUE
"KAPASITE_KULLANIM",2009-11-01,70.8,TRUE
"KAPASITE_KULLANIM",2009-12-01,68.8,TRUE
"KAPASITE_KULLANIM",2010-01-01,68.7,TRUE
"KAPASITE_KULLANIM",2010-02-01,68,TRUE
"KAPASITE_KULLANIM",2010-03-01,68,TRUE
"KAPASITE_KULLANIM",2010-04-01,74.8,TRUE
"KAPASITE_KULLANIM",2010-05-01,75.1,TRUE
"KAPASITE_KULLANIM",2010-06-01,75,TRUE
"KAPASITE_KULLANIM",2010-07-01,75.8,TRUE
"KAPASITE_KULLANIM",2010-08-01,75,TRUE
"KAPASITE_KULLANIM",2010-09-01,75.2,TRUE
"KAPASITE_KULLANIM",2010-10-01,76.3,TRUE
"KAPASITE_KULLANIM",2010-11-01,76.8,TRUE
"KAPASITE_KULLANIM",2010-12-01,76.7,TRUE
"KAPASITE_KULLANIM",2011-01-01,75.8,TRUE
"KAPASITE_KULLANIM",2011-02-01,74.8,TRUE
"KAPASITE_KULLANIM",2011-03-01,74.9,TRUE
"KAPASITE_KULLANIM",2011-04-01,76.5,TRUE
"KAPASITE_KULLANIM",2011-05-01,77.1,TRUE
"KAPASITE_KULLANIM",2011-06-01,78.8,TRUE
"KAPASITE_KULLANIM",2011-07-01,77.3,TRUE
"KAPASITE_KULLANIM",2011-08-01,77.7,TRUE
"KAPASITE_KULLANIM",2011-09-01,77.8,TRUE
"KAPASITE_KULLANIM",2011-10-01,78.1,TRUE
"KAPASITE_KULLANIM",2011-11-01,78.2,TRUE
"KAPASITE_KULLANIM",2011-12-01,76.8,TRUE
"KAPASITE_KULLANIM",2012-01-01,75.7,TRUE
"KAPASITE_KULLANIM",2012-02-01,74.1,TRUE
"KAPASITE_KULLANIM",2012-03-01,74.6,TRUE
"KAPASITE_KULLANIM",2012-04-01,77.6,TRUE
"KAPASITE_KULLANIM",2012-05-01,76.7,TRUE
"KAPASITE_KULLANIM",2012-06-01,76.4,TRUE
"KAPASITE_KULLANIM",2012-07-01,77.1,TRUE
"KAPASITE_KULLANIM",2012-08-01,77,TRUE
"KAPASITE_KULLANIM",2012-09-01,77,TRUE
"KAPASITE_KULLANIM",2012-10-01,77.5,TRUE
"KAPASITE_KULLANIM",2012-11-01,77.1,TRUE
"KAPASITE_KULLANIM",2012-12-01,76.7,TRUE
"KAPASITE_KULLANIM",2013-01-01,75,TRUE
"KAPASITE_KULLANIM",2013-02-01,73.5,TRUE
"KAPASITE_KULLANIM",2013-03-01,74.2,TRUE
"KAPASITE_KULLANIM",2013-04-01,75,TRUE
"KAPASITE_KULLANIM",2013-05-01,76.6,TRUE
"KAPASITE_KULLANIM",2013-06-01,77.5,TRUE
"KAPASITE_KULLANIM",2013-07-01,78.1,TRUE
"KAPASITE_KULLANIM",2013-08-01,78.9,TRUE
"KAPASITE_KULLANIM",2013-09-01,77.8,TRUE
"KAPASITE_KULLANIM",2013-10-01,78.6,TRUE
"KAPASITE_KULLANIM",2013-11-01,77.5,TRUE
"KAPASITE_KULLANIM",2013-12-01,78,TRUE
"KAPASITE_KULLANIM",2014-01-01,75.6,TRUE
"KAPASITE_KULLANIM",2014-02-01,73.8,TRUE
"KAPASITE_KULLANIM",2014-03-01,74.5,TRUE
"KAPASITE_KULLANIM",2014-04-01,75.1,TRUE
"KAPASITE_KULLANIM",2014-05-01,74.7,TRUE
"KAPASITE_KULLANIM",2014-06-01,75.6,TRUE
"KAPASITE_KULLANIM",2014-07-01,74.9,TRUE
"KAPASITE_KULLANIM",2014-08-01,74.9,TRUE
"KAPASITE_KULLANIM",2014-09-01,75.1,TRUE
"KAPASITE_KULLANIM",2014-10-01,75.4,TRUE
"KAPASITE_KULLANIM",2014-11-01,75.1,TRUE
"KAPASITE_KULLANIM",2014-12-01,75.5,TRUE
"KAPASITE_KULLANIM",2015-01-01,74.4,TRUE
"KAPASITE_KULLANIM",2015-02-01,74.1,TRUE
"KAPASITE_KULLANIM",2015-03-01,74,TRUE
"KAPASITE_KULLANIM",2015-04-01,76.8,TRUE
"KAPASITE_KULLANIM",2015-05-01,77.5,TRUE
"KAPASITE_KULLANIM",2015-06-01,77.6,TRUE
"KAPASITE_KULLANIM",2015-07-01,78.5,TRUE
"KAPASITE_KULLANIM",2015-08-01,76.8,TRUE
"KAPASITE_KULLANIM",2015-09-01,78.1,TRUE
"KAPASITE_KULLANIM",2015-10-01,77.6,TRUE
"KAPASITE_KULLANIM",2015-11-01,78.4,TRUE
"KAPASITE_KULLANIM",2015-12-01,78.1,TRUE
"KAPASITE_KULLANIM",2016-01-01,77.2,TRUE
"KAPASITE_KULLANIM",2016-02-01,76,TRUE
"KAPASITE_KULLANIM",2016-03-01,76.2,TRUE
"KAPASITE_KULLANIM",2016-04-01,77,TRUE
"KAPASITE_KULLANIM",2016-05-01,77.7,TRUE
"KAPASITE_KULLANIM",2016-06-01,78,TRUE
"KAPASITE_KULLANIM",2016-07-01,77.8,TRUE
"KAPASITE_KULLANIM",2016-08-01,76.3,TRUE
"KAPASITE_KULLANIM",2016-09-01,78.1,TRUE
"KAPASITE_KULLANIM",2016-10-01,77.9,TRUE
"KAPASITE_KULLANIM",2016-11-01,78,TRUE
"KAPASITE_KULLANIM",2016-12-01,78.1,TRUE
"KAPASITE_KULLANIM",2017-01-01,77,TRUE
"KAPASITE_KULLANIM",2017-02-01,76.8,TRUE
"KAPASITE_KULLANIM",2017-03-01,76.7,TRUE
"KAPASITE_KULLANIM",2017-04-01,78.4,TRUE
"KAPASITE_KULLANIM",2017-05-01,78.8,TRUE
"KAPASITE_KULLANIM",2017-06-01,79,TRUE
"KAPASITE_KULLANIM",2017-07-01,78.7,TRUE
"KAPASITE_KULLANIM",2017-08-01,78.8,TRUE
"KAPASITE_KULLANIM",2017-09-01,79,TRUE
"KAPASITE_KULLANIM",2017-10-01,79.7,TRUE
"KAPASITE_KULLANIM",2017-11-01,79.9,TRUE
"KAPASITE_KULLANIM",2017-12-01,79,TRUE
"KAPASITE_KULLANIM",2018-01-01,78.2,TRUE
"KAPASITE_KULLANIM",2018-02-01,77.8,TRUE
"KAPASITE_KULLANIM",2018-03-01,77.8,TRUE
"KAPASITE_KULLANIM",2018-04-01,77.3,TRUE
"KAPASITE_KULLANIM",2018-05-01,77.9,TRUE
"KAPASITE_KULLANIM",2018-06-01,78.3,TRUE
"KAPASITE_KULLANIM",2018-07-01,77.1,TRUE
"KAPASITE_KULLANIM",2018-08-01,77.8,TRUE
"KAPASITE_KULLANIM",2018-09-01,76.2,TRUE
"KAPASITE_KULLANIM",2018-10-01,75.4,TRUE
"KAPASITE_KULLANIM",2018-11-01,74.1,TRUE
"KAPASITE_KULLANIM",2018-12-01,74.1,TRUE
"KAPASITE_KULLANIM",2019-01-01,74.4,TRUE
"KAPASITE_KULLANIM",2019-02-01,74,TRUE
"KAPASITE_KULLANIM",2019-03-01,74.3,TRUE
"KAPASITE_KULLANIM",2019-04-01,75,TRUE
"KAPASITE_KULLANIM",2019-05-01,76.3,TRUE
"KAPASITE_KULLANIM",2019-06-01,77.1,TRUE
"KAPASITE_KULLANIM",2019-07-01,76.2,TRUE
"KAPASITE_KULLANIM",2019-08-01,76.6,TRUE
"KAPASITE_KULLANIM",2019-09-01,76.3,TRUE
"KAPASITE_KULLANIM",2019-10-01,76.4,TRUE
"KAPASITE_KULLANIM",2019-11-01,77.2,TRUE
"KAPASITE_KULLANIM",2019-12-01,77,TRUE
"KAPASITE_KULLANIM",2020-01-01,75.5,TRUE
"KAPASITE_KULLANIM",2020-02-01,76,TRUE
"KAPASITE_KULLANIM",2020-03-01,75.3,TRUE
"KAPASITE_KULLANIM",2020-04-01,61.6,TRUE
"KAPASITE_KULLANIM",2020-05-01,62.6,TRUE
"KAPASITE_KULLANIM",2020-06-01,66,TRUE
"KAPASITE_KULLANIM",2020-07-01,70.7,TRUE
"KAPASITE_KULLANIM",2020-08-01,73.3,TRUE
"KAPASITE_KULLANIM",2020-09-01,74.6,TRUE
"KAPASITE_KULLANIM",2020-10-01,75.4,TRUE
"KAPASITE_KULLANIM",2020-11-01,75.8,TRUE
"KAPASITE_KULLANIM",2020-12-01,75.6,TRUE
"KAPASITE_KULLANIM",2021-01-01,75.4,TRUE
"KAPASITE_KULLANIM",2021-02-01,74.9,TRUE
"KAPASITE_KULLANIM",2021-03-01,74.7,TRUE
"KAPASITE_KULLANIM",2021-04-01,75.9,TRUE
"KAPASITE_KULLANIM",2021-05-01,75.3,TRUE
"KAPASITE_KULLANIM",2021-06-01,76.6,TRUE
"KAPASITE_KULLANIM",2021-07-01,76.7,TRUE
"KAPASITE_KULLANIM",2021-08-01,77.1,TRUE
"KAPASITE_KULLANIM",2021-09-01,78.1,TRUE
"KAPASITE_KULLANIM",2021-10-01,78,TRUE
"KAPASITE_KULLANIM",2021-11-01,78.1,TRUE
"KAPASITE_KULLANIM",2021-12-01,78.7,TRUE
"KAPASITE_KULLANIM",2022-01-01,77.6,TRUE
"KAPASITE_KULLANIM",2022-02-01,76.6,TRUE
"KAPASITE_KULLANIM",2022-03-01,77.3,TRUE
"KAPASITE_KULLANIM",2022-04-01,77.8,TRUE
"KAPASITE_KULLANIM",2022-05-01,78,TRUE
"KAPASITE_KULLANIM",2022-06-01,77.6,TRUE
"KAPASITE_KULLANIM",2022-07-01,78.2,TRUE
"KAPASITE_KULLANIM",2022-08-01,76.7,TRUE
"KAPASITE_KULLANIM",2022-09-01,77.4,TRUE
"KAPASITE_KULLANIM",2022-10-01,76.9,TRUE
"KAPASITE_KULLANIM",2022-11-01,75.9,TRUE
"KAPASITE_KULLANIM",2022-12-01,76.5,TRUE
"KAPASITE_KULLANIM",2023-01-01,75.3,TRUE
"KAPASITE_KULLANIM",2023-02-01,75.2,TRUE
"KAPASITE_KULLANIM",2023-03-01,73.5,TRUE
"KAPASITE_KULLANIM",2023-04-01,75.4,TRUE
"KAPASITE_KULLANIM",2023-05-01,76,TRUE
"KAPASITE_KULLANIM",2023-06-01,76.8,TRUE
"KAPASITE_KULLANIM",2023-07-01,77.1,TRUE
"KAPASITE_KULLANIM",2023-08-01,76.1,TRUE
"KAPASITE_KULLANIM",2023-09-01,77.3,TRUE
"KAPASITE_KULLANIM",2023-10-01,77.4,TRUE
"KAPASITE_KULLANIM",2023-11-01,78,TRUE
"KAPASITE_KULLANIM",2023-12-01,77.5,TRUE
"KAPASITE_KULLANIM",2024-01-01,76.2,TRUE
"KAPASITE_KULLANIM",2024-02-01,76.4,TRUE
"KAPASITE_KULLANIM",2024-03-01,76.2,TRUE
"KAPASITE_KULLANIM",2024-04-01,76.7,TRUE
"KAPASITE_KULLANIM",2024-05-01,76.3,TRUE
"KAPASITE_KULLANIM",2024-06-01,76.3,TRUE
"KAPASITE_KULLANIM",2024-07-01,75.9,TRUE
"KAPASITE_KULLANIM",2024-08-01,75.4,TRUE
"KAPASITE_KULLANIM",2024-09-01,74.9,TRUE
"KAPASITE_KULLANIM",2024-10-01,74.9,TRUE
"KAPASITE_KULLANIM",2024-11-01,76.1,TRUE
"KAPASITE_KULLANIM",2024-12-01,75.8,TRUE
"KAPASITE_KULLANIM",2025-01-01,74.6,TRUE
"KAPASITE_KULLANIM",2025-02-01,74.5,TRUE
"KAPASITE_KULLANIM",2025-03-01,74.4,TRUE
"KAPASITE_KULLANIM",2025-04-01,74.3,TRUE
"KAPASITE_KULLANIM",2025-05-01,75,TRUE
"KAPASITE_KULLANIM",2025-06-01,74.6,TRUE
"KAPASITE_KULLANIM",2025-07-01,74.2,TRUE
"KAPASITE_KULLANIM",2025-08-01,73.5,TRUE
"KAPASITE_KULLANIM",2025-09-01,74,TRUE
"KAPASITE_KULLANIM",2025-10-01,74.2,TRUE
"KAPASITE_KULLANIM",2025-11-01,74.4,TRUE
"KAPASITE_KULLANIM",2025-12-01,74.4,TRUE
"KAPASITE_KULLANIM",2026-01-01,74.1,TRUE
"KAPASITE_KULLANIM",2026-02-01,73.5,TRUE
"KAPASITE_KULLANIM",2026-03-01,73.3,TRUE
"KAPASITE_KULLANIM",2026-04-01,73.8,TRUE
"KAPASITE_KULLANIM",2026-05-01,74.2,TRUE
"KAPASITE_KULLANIM",2026-06-01,74.5,TRUE
"KAPASITE_KULLANIM",2026-07-01,73.9,TRUE
"KAPASITE_KULLANIM",2026-08-01,73.5,TRUE
"KAPASITE_KULLANIM",2026-09-01,74.2,TRUE
"KONUT_FIYAT",2011-01-01,7.22100656455142,TRUE
"KONUT_FIYAT",2011-02-01,8.31509846827134,TRUE
"KONUT_FIYAT",2011-03-01,9.17030567685588,TRUE
"KONUT_FIYAT",2011-04-01,8.85529157667386,TRUE
"KONUT_FIYAT",2011-05-01,8.76068376068377,TRUE
"KONUT_FIYAT",2011-06-01,9.82905982905984,TRUE
"KONUT_FIYAT",2011-07-01,8.97435897435896,TRUE
"KONUT_FIYAT",2011-08-01,8.64978902953586,TRUE
"KONUT_FIYAT",2011-09-01,8.38574423480085,TRUE
"KONUT_FIYAT",2011-10-01,10.7368421052632,TRUE
"KONUT_FIYAT",2011-11-01,8.88429752066116,TRUE
"KONUT_FIYAT",2011-12-01,7.81893004115226,TRUE
"KONUT_FIYAT",2012-01-01,10.204081632653,TRUE
"KONUT_FIYAT",2012-02-01,10.1010101010101,TRUE
"KONUT_FIYAT",2012-03-01,9.60000000000001,TRUE
"KONUT_FIYAT",2012-04-01,10.1190476190476,TRUE
"KONUT_FIYAT",2012-05-01,10.6090373280943,TRUE
"KONUT_FIYAT",2012-06-01,10.3112840466926,TRUE
"KONUT_FIYAT",2012-07-01,12.3529411764706,TRUE
"KONUT_FIYAT",2012-08-01,12.0388349514563,TRUE
"KONUT_FIYAT",2012-09-01,12.1856866537718,TRUE
"KONUT_FIYAT",2012-10-01,10.2661596958175,TRUE
"KONUT_FIYAT",2012-11-01,10.6261859582543,TRUE
"KONUT_FIYAT",2012-12-01,12.4045801526717,TRUE
"KONUT_FIYAT",2013-01-01,10.3703703703704,TRUE
"KONUT_FIYAT",2013-02-01,10.4587155963303,TRUE
"KONUT_FIYAT",2013-03-01,11.6788321167883,TRUE
"KONUT_FIYAT",2013-04-01,10.8108108108108,TRUE
"KONUT_FIYAT",2013-05-01,11.01243339254,TRUE
"KONUT_FIYAT",2013-06-01,11.4638447971781,TRUE
"KONUT_FIYAT",2013-07-01,11.5183246073298,TRUE
"KONUT_FIYAT",2013-08-01,11.4384748700173,TRUE
"KONUT_FIYAT",2013-09-01,11.0344827586207,TRUE
"KONUT_FIYAT",2013-10-01,12.4137931034483,TRUE
"KONUT_FIYAT",2013-11-01,12.0068610634648,TRUE
"KONUT_FIYAT",2013-12-01,12.7334465195246,TRUE
"KONUT_FIYAT",2014-01-01,11.9127516778524,TRUE
"KONUT_FIYAT",2014-02-01,11.7940199335548,TRUE
"KONUT_FIYAT",2014-03-01,11.7647058823529,TRUE
"KONUT_FIYAT",2014-04-01,11.869918699187,TRUE
"KONUT_FIYAT",2014-05-01,11.84,TRUE
"KONUT_FIYAT",2014-06-01,11.7088607594937,TRUE
"KONUT_FIYAT",2014-07-01,12.0500782472614,TRUE
"KONUT_FIYAT",2014-08-01,12.4416796267496,TRUE
"KONUT_FIYAT",2014-09-01,13.8198757763975,TRUE
"KONUT_FIYAT",2014-10-01,13.0368098159509,TRUE
"KONUT_FIYAT",2014-11-01,13.9356814701378,TRUE
"KONUT_FIYAT",2014-12-01,13.4036144578313,TRUE
"KONUT_FIYAT",2015-01-01,14.6926536731634,TRUE
"KONUT_FIYAT",2015-02-01,15.6017830609212,TRUE
"KONUT_FIYAT",2015-03-01,15.6432748538012,TRUE
"KONUT_FIYAT",2015-04-01,16.5697674418604,TRUE
"KONUT_FIYAT",2015-05-01,16.1659513590844,TRUE
"KONUT_FIYAT",2015-06-01,16.9971671388102,TRUE
"KONUT_FIYAT",2015-07-01,16.0614525139665,TRUE
"KONUT_FIYAT",2015-08-01,15.0760719225449,TRUE
"KONUT_FIYAT",2015-09-01,15.2796725784447,TRUE
"KONUT_FIYAT",2015-10-01,15.3324287652646,TRUE
"KONUT_FIYAT",2015-11-01,16.5322580645161,TRUE
"KONUT_FIYAT",2015-12-01,15.1394422310757,TRUE
"KONUT_FIYAT",2016-01-01,15.2941176470588,TRUE
"KONUT_FIYAT",2016-02-01,14.26735218509,TRUE
"KONUT_FIYAT",2016-03-01,13.4007585335019,TRUE
"KONUT_FIYAT",2016-04-01,12.9675810473816,TRUE
"KONUT_FIYAT",2016-05-01,13.1773399014778,TRUE
"KONUT_FIYAT",2016-06-01,12.227602905569,TRUE
"KONUT_FIYAT",2016-07-01,11.913357400722,TRUE
"KONUT_FIYAT",2016-08-01,13.2211538461538,TRUE
"KONUT_FIYAT",2016-09-01,12.4260355029586,TRUE
"KONUT_FIYAT",2016-10-01,12.1176470588235,TRUE
"KONUT_FIYAT",2016-11-01,10.957324106113,TRUE
"KONUT_FIYAT",2016-12-01,11.8800461361015,TRUE
"KONUT_FIYAT",2017-01-01,11.4512471655329,TRUE
"KONUT_FIYAT",2017-02-01,12.0359955005624,TRUE
"KONUT_FIYAT",2017-03-01,12.2630992196209,TRUE
"KONUT_FIYAT",2017-04-01,12.3620309050773,TRUE
"KONUT_FIYAT",2017-05-01,11.4254624591948,TRUE
"KONUT_FIYAT",2017-06-01,11.4347357065804,TRUE
"KONUT_FIYAT",2017-07-01,11.1827956989247,TRUE
"KONUT_FIYAT",2017-08-01,8.70488322717622,TRUE
"KONUT_FIYAT",2017-09-01,10.2105263157895,TRUE
"KONUT_FIYAT",2017-10-01,10.1783840503673,TRUE
"KONUT_FIYAT",2017-11-01,9.45945945945945,TRUE
"KONUT_FIYAT",2017-12-01,9.38144329896908,TRUE
"KONUT_FIYAT",2018-01-01,8.646998982706,TRUE
"KONUT_FIYAT",2018-02-01,7.93172690763051,TRUE
"KONUT_FIYAT",2018-03-01,7.84508440913605,TRUE
"KONUT_FIYAT",2018-04-01,7.36738703339883,TRUE
"KONUT_FIYAT",2018-05-01,8.69140625,TRUE
"KONUT_FIYAT",2018-06-01,9.09970958373669,TRUE
"KONUT_FIYAT",2018-07-01,8.22050290135397,TRUE
"KONUT_FIYAT",2018-08-01,8.7890625,TRUE
"KONUT_FIYAT",2018-09-01,6.97230181470867,TRUE
"KONUT_FIYAT",2018-10-01,7.61904761904764,TRUE
"KONUT_FIYAT",2018-11-01,7.50237416904085,TRUE
"KONUT_FIYAT",2018-12-01,5.4665409990575,TRUE
"KONUT_FIYAT",2019-01-01,4.68164794007491,TRUE
"KONUT_FIYAT",2019-02-01,4.09302325581395,TRUE
"KONUT_FIYAT",2019-03-01,3.49907918968693,TRUE
"KONUT_FIYAT",2019-04-01,3.47666971637695,TRUE
"KONUT_FIYAT",2019-05-01,2.96495956873315,TRUE
"KONUT_FIYAT",2019-06-01,1.15350488021295,TRUE
"KONUT_FIYAT",2019-07-01,2.50223413762289,TRUE
"KONUT_FIYAT",2019-08-01,5.74506283662477,TRUE
"KONUT_FIYAT",2019-09-01,6.07142857142859,TRUE
"KONUT_FIYAT",2019-10-01,6.28318584070795,TRUE
"KONUT_FIYAT",2019-11-01,7.24381625441697,TRUE
"KONUT_FIYAT",2019-12-01,9.8302055406613,TRUE
"KONUT_FIYAT",2020-01-01,12.7906976744186,TRUE
"KONUT_FIYAT",2020-02-01,15.1921358355675,TRUE
"KONUT_FIYAT",2020-03-01,16.8149466192171,TRUE
"KONUT_FIYAT",2020-04-01,16.2687886825818,TRUE
"KONUT_FIYAT",2020-05-01,16.9284467713787,TRUE
"KONUT_FIYAT",2020-06-01,25.6140350877193,TRUE
"KONUT_FIYAT",2020-07-01,29.4681778552746,TRUE
"KONUT_FIYAT",2020-08-01,27.8438030560272,TRUE
"KONUT_FIYAT",2020-09-01,28.1986531986532,TRUE
"KONUT_FIYAT",2020-10-01,29.6419650291424,TRUE
"KONUT_FIYAT",2020-11-01,32.2899505766062,TRUE
"KONUT_FIYAT",2020-12-01,32.0585842148088,TRUE
"KONUT_FIYAT",2021-01-01,30.7692307692308,TRUE
"KONUT_FIYAT",2021-02-01,31.7300232738557,TRUE
"KONUT_FIYAT",2021-03-01,31.9116527037319,TRUE
"KONUT_FIYAT",2021-04-01,35.8174904942966,TRUE
"KONUT_FIYAT",2021-05-01,36.3432835820895,TRUE
"KONUT_FIYAT",2021-06-01,31.0055865921788,TRUE
"KONUT_FIYAT",2021-07-01,30.7070707070707,TRUE
"KONUT_FIYAT",2021-08-01,32.7357237715803,TRUE
"KONUT_FIYAT",2021-09-01,36.3755745239658,TRUE
"KONUT_FIYAT",2021-10-01,39.0494540783558,TRUE
"KONUT_FIYAT",2021-11-01,44.5828144458281,TRUE
"KONUT_FIYAT",2021-12-01,63.5243376463339,TRUE
"KONUT_FIYAT",2022-01-01,81.6252274105519,TRUE
"KONUT_FIYAT",2022-02-01,90.2237926972909,TRUE
"KONUT_FIYAT",2022-03-01,104.33025404157,TRUE
"KONUT_FIYAT",2022-04-01,120.828667413214,TRUE
"KONUT_FIYAT",2022-05-01,143.897099069513,TRUE
"KONUT_FIYAT",2022-06-01,164.019189765458,TRUE
"KONUT_FIYAT",2022-07-01,173.261205564142,TRUE
"KONUT_FIYAT",2022-08-01,181.44072036018,TRUE
"KONUT_FIYAT",2022-09-01,186.374578719307,TRUE
"KONUT_FIYAT",2022-10-01,186.789838337182,TRUE
"KONUT_FIYAT",2022-11-01,176.485788113695,TRUE
"KONUT_FIYAT",2022-12-01,151.883948756594,TRUE
"KONUT_FIYAT",2023-01-01,146.677796327212,TRUE
"KONUT_FIYAT",2023-02-01,142.724458204334,TRUE
"KONUT_FIYAT",2023-03-01,139.276631816897,TRUE
"KONUT_FIYAT",2023-04-01,121.98275862069,TRUE
"KONUT_FIYAT",2023-05-01,104.488330341113,TRUE
"KONUT_FIYAT",2023-06-01,93.1354734504341,TRUE
"KONUT_FIYAT",2023-07-01,92.0625942684766,TRUE
"KONUT_FIYAT",2023-08-01,93.6900106647707,TRUE
"KONUT_FIYAT",2023-09-01,95.3261600537996,TRUE
"KONUT_FIYAT",2023-10-01,91.9471734578837,TRUE
"KONUT_FIYAT",2023-11-01,87.02492211838,TRUE
"KONUT_FIYAT",2023-12-01,83.1413612565445,TRUE
"KONUT_FIYAT",2024-01-01,70.1543042772063,TRUE
"KONUT_FIYAT",2024-02-01,65.6505102040816,TRUE
"KONUT_FIYAT",2024-03-01,55.2786962683042,TRUE
"KONUT_FIYAT",2024-04-01,51.5705311250714,TRUE
"KONUT_FIYAT",2024-05-01,51.3388937664618,TRUE
"KONUT_FIYAT",2024-06-01,46.3830232071921,TRUE
"KONUT_FIYAT",2024-07-01,38.735643467164,TRUE
"KONUT_FIYAT",2024-08-01,34.4406717445168,TRUE
"KONUT_FIYAT",2024-09-01,27.3971423652952,TRUE
"KONUT_FIYAT",2024-10-01,26.7662359456285,TRUE
"KONUT_FIYAT",2024-11-01,29.407845423503,TRUE
"KONUT_FIYAT",2024-12-01,29.4290615045332,TRUE
"KONUT_FIYAT",2025-01-01,31.9544984488108,TRUE
"KONUT_FIYAT",2025-02-01,31.3236313236313,TRUE
"KONUT_FIYAT",2025-03-01,32.2381930184805,TRUE
"KONUT_FIYAT",2025-04-01,32.9389600602864,TRUE
"KONUT_FIYAT",2025-05-01,32.2189992748368,TRUE
"KONUT_FIYAT",2025-06-01,32.8001142612298,TRUE
"KONUT_FIYAT",2025-07-01,32.8663411872922,TRUE
"KONUT_FIYAT",2025-08-01,31.358361774744,TRUE
"KONUT_FIYAT",2025-09-01,32.1937706911695,TRUE
"KONUT_FIYAT",2025-10-01,31.6322478157268,TRUE
"KONUT_FIYAT",2025-11-01,31.3167717853005,TRUE
"KONUT_FIYAT",2025-12-01,28.9663006436956,TRUE
"KONUT_FIYAT",2026-01-01,27.6404629852906,TRUE
"KONUT_FIYAT",2026-02-01,26.297273526825,TRUE
"KONUT_FIYAT",2026-03-01,26.2479871175523,TRUE
"KONUT_FIYAT",2026-04-01,26.591463068987,TRUE
"KONUT_FIYAT",2026-05-01,24.4940492513574,TRUE
"KONUT_FIYAT",2026-06-01,24.4030974403098,TRUE
"KONUT_FIYAT",2026-07-01,24.9068058366173,TRUE
"KONUT_FIYAT",2026-08-01,23.030554978175,TRUE
"PERAKENDE_SATIS",2011-01-01,13.6591478835,TRUE
"PERAKENDE_SATIS",2011-04-01,11.9611414657,TRUE
"PERAKENDE_SATIS",2011-07-01,10.9806224395,TRUE
"PERAKENDE_SATIS",2011-10-01,7.5396825496,TRUE
"PERAKENDE_SATIS",2012-01-01,5.0165380306,TRUE
"PERAKENDE_SATIS",2012-04-01,6.5618221268,TRUE
"PERAKENDE_SATIS",2012-07-01,5.0264550186,TRUE
"PERAKENDE_SATIS",2012-10-01,6.5366367977,TRUE
"PERAKENDE_SATIS",2013-01-01,7.6640419957,TRUE
"PERAKENDE_SATIS",2013-04-01,6.6666666698,TRUE
"PERAKENDE_SATIS",2013-07-01,7.0025188925,TRUE
"PERAKENDE_SATIS",2013-10-01,7.4715487341,TRUE
"PERAKENDE_SATIS",2014-01-01,6.4358849341,TRUE
"PERAKENDE_SATIS",2014-04-01,3.3396946494,TRUE
"PERAKENDE_SATIS",2014-07-01,3.719397373,TRUE
"PERAKENDE_SATIS",2014-10-01,3.8674033197,TRUE
"PERAKENDE_SATIS",2015-01-01,5.1763628069,TRUE
"PERAKENDE_SATIS",2015-04-01,7.1560480208,TRUE
"PERAKENDE_SATIS",2015-07-01,7.0358601856,TRUE
"PERAKENDE_SATIS",2015-10-01,4.210992901,TRUE
"PERAKENDE_SATIS",2016-01-01,2.7439024424,TRUE
"PERAKENDE_SATIS",2016-04-01,2.5420077498,TRUE
"PERAKENDE_SATIS",2016-07-01,-0.0848176464,TRUE
"PERAKENDE_SATIS",2016-10-01,3.8706933269,TRUE
"PERAKENDE_SATIS",2017-01-01,2.8825773526,TRUE
"PERAKENDE_SATIS",2017-04-01,3.9075630246,TRUE
"PERAKENDE_SATIS",2017-07-01,8.3191850603,TRUE
"PERAKENDE_SATIS",2017-10-01,5.0778050703,TRUE
"PERAKENDE_SATIS",2018-01-01,6.9633292193,TRUE
"PERAKENDE_SATIS",2018-04-01,4.245855242,TRUE
"PERAKENDE_SATIS",2018-07-01,-1.1363636352,TRUE
"PERAKENDE_SATIS",2018-10-01,-7.950116912,TRUE
"PERAKENDE_SATIS",2019-01-01,-6.6255778099,TRUE
"PERAKENDE_SATIS",2019-04-01,-3.878975959,TRUE
"PERAKENDE_SATIS",2019-07-01,-1.6646849011,TRUE
"PERAKENDE_SATIS",2019-10-01,9.5681625806,TRUE
"PERAKENDE_SATIS",2020-01-01,8.5808580824,TRUE
"PERAKENDE_SATIS",2020-04-01,-8.9588377708,TRUE
"PERAKENDE_SATIS",2020-07-01,9.7944377355,TRUE
"PERAKENDE_SATIS",2020-10-01,8.6166924216,TRUE
"PERAKENDE_SATIS",2021-01-01,10.9802431608,TRUE
"PERAKENDE_SATIS",2021-04-01,25.7535461017,TRUE
"PERAKENDE_SATIS",2021-07-01,13.0690161455,TRUE
"PERAKENDE_SATIS",2021-10-01,12.4866595485,TRUE
"PERAKENDE_SATIS",2022-01-01,6.4361519971,TRUE
"PERAKENDE_SATIS",2022-04-01,14.5928798107,TRUE
"PERAKENDE_SATIS",2022-07-01,12.370129872,TRUE
"PERAKENDE_SATIS",2022-10-01,18.6274509801,TRUE
"PERAKENDE_SATIS",2023-01-01,26.857510453522,TRUE
"PERAKENDE_SATIS",2023-04-01,30.0522916025832,TRUE
"PERAKENDE_SATIS",2023-07-01,23.6058942502168,TRUE
"PERAKENDE_SATIS",2023-10-01,16.0757131434,TRUE
"PERAKENDE_SATIS",2024-01-01,17.2667342799185,TRUE
"PERAKENDE_SATIS",2024-04-01,9.27152317880855,TRUE
"PERAKENDE_SATIS",2024-07-01,12.8798503973822,TRUE
"PERAKENDE_SATIS",2024-10-01,14.9058337161233,TRUE
"PERAKENDE_SATIS",2025-01-01,11.1783783783786,TRUE
"PERAKENDE_SATIS",2025-04-01,16.8181818181815,TRUE
"PERAKENDE_SATIS",2025-07-01,14.723545247463,TRUE
"PERAKENDE_SATIS",2025-10-01,14.9510293823702,TRUE
"PERAKENDE_SATIS",2026-01-01,17.3278879813305,TRUE
"PERAKENDE_SATIS",2026-04-01,13.6557346674078,TRUE
"GENC_ISSIZLIK",2000-01-01,12.944,TRUE
"GENC_ISSIZLIK",2001-01-01,16.048,TRUE
"GENC_ISSIZLIK",2002-01-01,18.944,TRUE
"GENC_ISSIZLIK",2003-01-01,20.253,TRUE
"GENC_ISSIZLIK",2004-01-01,20.333,TRUE
"GENC_ISSIZLIK",2005-01-01,19.685,TRUE
"GENC_ISSIZLIK",2006-01-01,18.89,TRUE
"GENC_ISSIZLIK",2007-01-01,19.807,TRUE
"GENC_ISSIZLIK",2008-01-01,20.304,TRUE
"GENC_ISSIZLIK",2009-01-01,25.093,TRUE
"GENC_ISSIZLIK",2010-01-01,21.578,TRUE
"GENC_ISSIZLIK",2011-01-01,18.208,TRUE
"GENC_ISSIZLIK",2012-01-01,17.342,TRUE
"GENC_ISSIZLIK",2013-01-01,18.442,TRUE
"GENC_ISSIZLIK",2014-01-01,17.698,TRUE
"GENC_ISSIZLIK",2015-01-01,18.299,TRUE
"GENC_ISSIZLIK",2016-01-01,19.369,TRUE
"GENC_ISSIZLIK",2017-01-01,20.469,TRUE
"GENC_ISSIZLIK",2018-01-01,20.011,TRUE
"GENC_ISSIZLIK",2019-01-01,25.039,TRUE
"GENC_ISSIZLIK",2020-01-01,24.919,TRUE
"GENC_ISSIZLIK",2021-01-01,22.36,TRUE
"GENC_ISSIZLIK",2022-01-01,19.289,TRUE
"GENC_ISSIZLIK",2023-01-01,17.306,TRUE
"GENC_ISSIZLIK",2024-01-01,16.287,TRUE
"GENC_ISSIZLIK",2025-01-01,16.042,TRUE
"GINI",2002-01-01,41.4,TRUE
"GINI",2003-01-01,42.2,TRUE
"GINI",2004-01-01,41.3,TRUE
"GINI",2005-01-01,42.6,TRUE
"GINI",2006-01-01,39.6,TRUE
"GINI",2007-01-01,38.4,TRUE
"GINI",2008-01-01,39,TRUE
"GINI",2009-01-01,39,TRUE
"GINI",2010-01-01,38.8,TRUE
"GINI",2011-01-01,40,TRUE
"GINI",2012-01-01,40.2,TRUE
"GINI",2013-01-01,40.2,TRUE
"GINI",2014-01-01,41.2,TRUE
"GINI",2015-01-01,42.9,TRUE
"GINI",2016-01-01,41.9,TRUE
"GINI",2017-01-01,43.5,TRUE
"GINI",2018-01-01,42.4,TRUE
"GINI",2019-01-01,43.8,TRUE
"GINI",2020-01-01,43,TRUE
"GINI",2021-01-01,44.4,TRUE
"GINI",2022-01-01,44.5,TRUE
"GINI",2023-01-01,43.7,TRUE
"CARI_DENGE",2000-01-01,-3.61057524589502,TRUE
"CARI_DENGE",2001-01-01,1.85959025093731,TRUE
"CARI_DENGE",2002-01-01,-0.259990521546323,TRUE
"CARI_DENGE",2003-01-01,-2.39510781690365,TRUE
"CARI_DENGE",2004-01-01,-3.46160310805252,TRUE
"CARI_DENGE",2005-01-01,-4.12736838327371,TRUE
"CARI_DENGE",2006-01-01,-5.5679426761279,TRUE
"CARI_DENGE",2007-01-01,-5.39177822047968,TRUE
"CARI_DENGE",2008-01-01,-5.0844969449165,TRUE
"CARI_DENGE",2009-01-01,-1.73697758122388,TRUE
"CARI_DENGE",2010-01-01,-5.70254261669491,TRUE
"CARI_DENGE",2011-01-01,-8.81351105932507,TRUE
"CARI_DENGE",2012-01-01,-4.72096418758118,TRUE
"CARI_DENGE",2013-01-01,-5.12686124176872,TRUE
"CARI_DENGE",2014-01-01,-3.40767483615583,TRUE
"CARI_DENGE",2015-01-01,-2.46712716353959,TRUE
"CARI_DENGE",2016-01-01,-2.54530792537505,TRUE
"CARI_DENGE",2017-01-01,-4.06783613710293,TRUE
"CARI_DENGE",2018-01-01,-1.85296766104815,TRUE
"CARI_DENGE",2019-01-01,1.93503114755598,TRUE
"CARI_DENGE",2020-01-01,-4.22884480277712,TRUE
"CARI_DENGE",2021-01-01,-0.841490012048298,TRUE
"CARI_DENGE",2022-01-01,-5.03921035996332,TRUE
"CARI_DENGE",2023-01-01,-3.66451360136676,TRUE
"CARI_DENGE",2024-01-01,-0.958485187243091,TRUE
"CARI_DENGE",2025-01-01,-1.89933817058389,TRUE
"DIS_TICARET",2000-01-01,42.3746746988077,TRUE
"DIS_TICARET",2001-01-01,49.9447830679013,TRUE
"DIS_TICARET",2002-01-01,48.1026101234402,TRUE
"DIS_TICARET",2003-01-01,46.3681553387846,TRUE
"DIS_TICARET",2004-01-01,48.9934575435266,TRUE
"DIS_TICARET",2005-01-01,46.3088308846211,TRUE
"DIS_TICARET",2006-01-01,48.9456766641314,TRUE
"DIS_TICARET",2007-01-01,48.027468179713,TRUE
"DIS_TICARET",2008-01-01,50.7612500066681,TRUE
"DIS_TICARET",2009-01-01,47.0391385732199,TRUE
"DIS_TICARET",2010-01-01,46.9433366709891,TRUE
"DIS_TICARET",2011-01-01,53.651583897618,TRUE
"DIS_TICARET",2012-01-01,53.3277612968607,TRUE
"DIS_TICARET",2013-01-01,53.0683530043043,TRUE
"DIS_TICARET",2014-01-01,54.30677404128,TRUE
"DIS_TICARET",2015-01-01,51.8749252596832,TRUE
"DIS_TICARET",2016-01-01,48.870183807987,TRUE
"DIS_TICARET",2017-01-01,56.1356585158689,TRUE
"DIS_TICARET",2018-01-01,62.8251323851165,TRUE
"DIS_TICARET",2019-01-01,62.5784589326239,TRUE
"DIS_TICARET",2020-01-01,60.389853117297,TRUE
"DIS_TICARET",2021-01-01,69.6088976086437,TRUE
"DIS_TICARET",2022-01-01,79.8982722314341,TRUE
"DIS_TICARET",2023-01-01,65.6832084738667,TRUE
"DIS_TICARET",2024-01-01,54.5988061195916,TRUE
"DIS_TICARET",2025-01-01,49.9346783626928,TRUE
"BUTCE_DENGESI",2000-01-01,-8.37,TRUE
"BUTCE_DENGESI",2001-01-01,-11.668,TRUE
"BUTCE_DENGESI",2002-01-01,-11.339,TRUE
"BUTCE_DENGESI",2003-01-01,-7.572,TRUE
"BUTCE_DENGESI",2004-01-01,-4.122,TRUE
"BUTCE_DENGESI",2005-01-01,-0.749,TRUE
"BUTCE_DENGESI",2006-01-01,-0.218,TRUE
"BUTCE_DENGESI",2007-01-01,-1.376,TRUE
"BUTCE_DENGESI",2008-01-01,-2.144,TRUE
"BUTCE_DENGESI",2009-01-01,-5.178,TRUE
"BUTCE_DENGESI",2010-01-01,-3.015,TRUE
"BUTCE_DENGESI",2011-01-01,-0.354,TRUE
"BUTCE_DENGESI",2012-01-01,-1.787,TRUE
"BUTCE_DENGESI",2013-01-01,-1.212,TRUE
"BUTCE_DENGESI",2014-01-01,-0.967,TRUE
"BUTCE_DENGESI",2015-01-01,-0.512,TRUE
"BUTCE_DENGESI",2016-01-01,-1.679,TRUE
"BUTCE_DENGESI",2017-01-01,-1.878,TRUE
"BUTCE_DENGESI",2018-01-01,-3.134,TRUE
"BUTCE_DENGESI",2019-01-01,-4.782,TRUE
"BUTCE_DENGESI",2020-01-01,-4.721,TRUE
"BUTCE_DENGESI",2021-01-01,-3.049,TRUE
"BUTCE_DENGESI",2022-01-01,-1.119,TRUE
"BUTCE_DENGESI",2023-01-01,-5.323,TRUE
"TURIZM_GELIRI",2005-01-01,2.076e+10,TRUE
"TURIZM_GELIRI",2006-01-01,1.9137e+10,TRUE
"TURIZM_GELIRI",2007-01-01,2.1662e+10,TRUE
"TURIZM_GELIRI",2008-01-01,2.6446e+10,TRUE
"TURIZM_GELIRI",2009-01-01,2.6331e+10,TRUE
"TURIZM_GELIRI",2010-01-01,2.6318e+10,TRUE
"TURIZM_GELIRI",2011-01-01,3.0302e+10,TRUE
"TURIZM_GELIRI",2012-01-01,3.1566e+10,TRUE
"TURIZM_GELIRI",2013-01-01,3.7984e+10,TRUE
"TURIZM_GELIRI",2014-01-01,4.0028e+10,TRUE
"TURIZM_GELIRI",2015-01-01,3.5648e+10,TRUE
"TURIZM_GELIRI",2016-01-01,2.6505e+10,TRUE
"TURIZM_GELIRI",2017-01-01,3.1993e+10,TRUE
"TURIZM_GELIRI",2018-01-01,3.6791e+10,TRUE
"TURIZM_GELIRI",2019-01-01,4.1415e+10,TRUE
"TURIZM_GELIRI",2020-01-01,1.3771e+10,TRUE
